Burst,Pause,Syntactic.Context.of.the.pause,Distance.to.theme.after,Distance.to.theme.before,Thematic.element.with.pause,Thematic.element.without.pause,Non.Themetic.with.pause,Non.Thematic.without.pause,topical,evaluative,thematized.CA,marked,enhanced,textual,file_id
Da,1.183,mid word,NA,NA,NA,NA,NA,NA,NA,NA,NA,NA,NA,NA,1
<BACKSPACE2>Dating,6.064,end NP,NA,NA,NA,NA,NA,NA,NA,NA,NA,NA,NA,NA,1
o,1.007,mid word,NA,NA,NA,NA,NA,NA,NA,NA,NA,NA,NA,NA,1
nline vs re,1.055,mid word,NA,NA,NA,NA,NA,NA,NA,NA,NA,NA,NA,NA,1
<BACKSPACE19>,8.752,NA,NA,NA,NA,NA,NA,NA,NA,NA,NA,NA,NA,NA,1
Social connection,1.775,end NP,0,0,1,NA,NA,NA,1,NA,NA,NA,NA,NA,1
<MOUSECLICK><MOUSECLICK>,4.04,NA,NA,NA,NA,NA,NA,NA,NA,NA,NA,NA,NA,NA,1
<LEFT17>,2.143,NA,NA,NA,NA,NA,NA,NA,NA,NA,NA,NA,NA,NA,1
<ENTER2><UP2>,12.224,NA,NA,NA,NA,NA,NA,NA,NA,NA,NA,NA,NA,NA,1
ADVANTAGES,3.024,end NP,NA,NA,NA,NA,NA,NA,NA,NA,NA,NA,NA,NA,1
OF,4.831,mid NP,NA,NA,NA,NA,NA,NA,NA,NA,NA,NA,NA,NA,1
ONLINE DATING BEFORE,3.407,end NP,NA,NA,NA,NA,NA,NA,NA,NA,NA,NA,NA,NA,1
REAL-LIFE DAT,1.44,mid word,NA,NA,NA,NA,NA,NA,NA,NA,NA,NA,NA,NA,1
ING,1.648,end NP,NA,NA,NA,NA,NA,NA,NA,NA,NA,NA,NA,NA,1
<MOUSECLICK>,2.752,mid NP,NA,NA,NA,NA,NA,NA,NA,NA,NA,NA,NA,NA,1
<RIGHT1><BACKSPACE1>,1.719,mid NP,NA,NA,NA,NA,NA,NA,NA,NA,NA,NA,NA,NA,1
<MOUSECLICK> IS,1.472,end VP,NA,NA,NA,NA,NA,NA,NA,NA,NA,NA,NA,NA,1
<BACKSPACE2>,1.376,end NP,NA,NA,NA,NA,NA,NA,NA,NA,NA,NA,NA,NA,1
<BACKSPACE1>is,7.376,end VP,NA,NA,NA,NA,NA,NA,NA,NA,NA,NA,NA,NA,1
a basic necessity oh human,1.232,mid NP,NA,NA,NA,NA,1,NA,NA,NA,NA,NA,NA,NA,1
"<BACKSPACE1>iy<BACKSPACE1>ty, be",1.055,end VP,NA,NA,NA,NA,NA,NA,NA,NA,NA,NA,NA,NA,1
<BACKSPACE4>,1.408,end sentence,NA,NA,NA,NA,NA,NA,NA,NA,NA,NA,NA,NA,1
".<BACKSPACE1>, be it platonical or romantical.",4.408,end sentence,NA,NA,NA,NA,1,NA,NA,NA,NA,NA,NA,NA,1
<MOUSECLICK><BACKSPACE1>g<BACKSPACE1>f,12.567,mid NP,NA,NA,NA,NA,NA,NA,NA,NA,NA,NA,NA,NA,1
<MOUSECLICK>,2.344,end sentence,NA,NA,NA,NA,NA,NA,NA,NA,NA,NA,NA,NA,1
<RIGHT1>,1.823,end sentence,NA,NA,NA,NA,NA,NA,NA,NA,NA,NA,NA,NA,1
We,1.296,end NP,NA,NA,NA,NA,NA,NA,NA,NA,NA,NA,NA,NA,1
"<BACKSPACE3>In the modern times,",2.432,end PP,0,0,1,NA,NA,NA,NA,NA,1,NA,NA,NA,1
desire,2.303,end NP,0,0,1,NA,NA,NA,1,NA,NA,NA,NA,NA,1
for human <BACKSPACE6>such connection is,2.672,end VP,0,2,NA,NA,NA,NA,NA,NA,NA,NA,NA,NA,1
accom,1.568,mid word,NA,NA,NA,NA,NA,NA,NA,NA,NA,NA,NA,NA,1
modated,1.872,end sentence,NA,NA,NA,NA,NA,NA,NA,NA,NA,NA,NA,NA,1
by the,7.207,mid PP,NA,NA,NA,NA,NA,NA,NA,NA,NA,NA,NA,NA,1
<MOUSECLICK>,1.263,end PP,NA,NA,NA,NA,NA,NA,NA,NA,NA,NA,NA,NA,1
<MOUSECLICK><MOUSECLICK>,1.28,mid word,NA,NA,NA,NA,NA,NA,NA,NA,NA,NA,NA,NA,1
<MOUSECLICK>,1.952,mid PP,NA,NA,NA,NA,NA,NA,NA,NA,NA,NA,NA,NA,1
ease <BACKSPACE6>existence,1.392,mid PP,NA,NA,NA,NA,NA,NA,NA,NA,NA,NA,NA,NA,1
of,1.632,mid PP,NA,NA,NA,NA,NA,NA,NA,NA,NA,NA,NA,NA,1
several dating applications that,1.232,mid PP,NA,NA,NA,NA,1,NA,NA,NA,NA,NA,NA,NA,1
one can easily download,1.152,end sentence,NA,NA,NA,NA,NA,NA,NA,NA,NA,NA,NA,NA,1
to,2.36,mid VP,NA,NA,NA,NA,NA,NA,NA,NA,NA,NA,NA,NA,1
<MOUSECLICK><HIGHLIGHT 258:257><MOUSECLICK>,1.079,end NP,NA,NA,NA,NA,NA,NA,NA,NA,NA,NA,NA,NA,1
<MOUSECLICK><HIGHLIGHT 257:254><MOUSECLICK>,1.072,end NP,NA,NA,NA,NA,NA,NA,NA,NA,NA,NA,NA,NA,1
<REPLACED>peiop<BACKSPACE3>,1.088,mid word,NA,NA,NA,NA,NA,NA,NA,NA,NA,NA,NA,NA,1
ople ca<BACKSPACE3>,1.296,end NP,NA,NA,NA,NA,NA,NA,NA,NA,NA,NA,NA,NA,1
<MOUSECLICK>their mobile phones.,7.135,end sentence,NA,NA,NA,NA,NA,NA,NA,NA,NA,NA,NA,NA,1
This,19.592,end NP,NA,NA,NA,NA,NA,NA,NA,NA,NA,NA,NA,NA,1
<MOUSECLICK>,1.928,mid VP,NA,NA,NA,NA,NA,NA,NA,NA,NA,NA,NA,NA,1
<LEFT1>,3.143,mid VP,NA,NA,NA,NA,NA,NA,NA,NA,NA,NA,NA,NA,1
<MOUSECLICK>,3.544,end NP,NA,NA,NA,NA,NA,NA,NA,NA,NA,NA,NA,NA,1
<BACKSPACE4>,1.072,mid word,NA,NA,NA,NA,NA,NA,NA,NA,NA,NA,NA,NA,1
hrough these,2.528,end NP,0,0,1,NA,NA,NA,NA,NA,NA,1,NA,NA,1
"<BACKSPACE6>Tinder. <BACKSPACE2>, Hinge",2.224,end NP,0,0,NA,NA,NA,NA,NA,NA,NA,NA,NA,NA,1
",",1.264,end NP,NA,NA,NA,NA,NA,NA,NA,NA,NA,NA,NA,NA,1
"Bumble, and many other dating applications, people have met online and",4.08,end NP,0,26,NA,NA,NA,2,NA,NA,NA,NA,NA,NA,1
formed,6.288,end VP,NA,NA,NA,NA,NA,NA,NA,NA,NA,NA,NA,NA,1
romantical relationship.,8.32,end sentence,NA,NA,NA,NA,1,NA,NA,NA,NA,NA,NA,NA,1
This might,1.312,mid VP,NA,NA,NA,NA,NA,NA,NA,NA,NA,NA,NA,NA,1
<BACKSPACE4>,1.36,mid word,NA,NA,NA,NA,NA,NA,NA,NA,NA,NA,NA,NA,1
<BACKSPACE3>,5.584,mid word,NA,NA,NA,NA,NA,NA,NA,NA,NA,NA,NA,NA,1
s is,1.488,end VP,NA,NA,NA,NA,NA,NA,NA,NA,NA,NA,NA,NA,1
easil<BACKSPACE5>,1.087,end VP,NA,NA,NA,NA,NA,NA,NA,NA,NA,NA,NA,NA,1
<BACKSPACE7>,1.936,mid word,NA,NA,NA,NA,NA,NA,NA,NA,NA,NA,NA,NA,1
here are advantages,1.616,end sentence,8,0,1,NA,NA,NA,NA,NA,NA,NA,1,NA,1
of dating online,1.904,end sentence,NA,NA,NA,NA,NA,NA,NA,NA,NA,NA,NA,NA,1
first before dating in real,1.471,mid PP,NA,NA,NA,NA,1,1,NA,NA,NA,NA,NA,NA,1
life,14.464,end sentence,NA,NA,NA,NA,NA,NA,NA,NA,NA,NA,NA,NA,1
. That<BACKSPACE4>,1.215,end sentence,NA,NA,NA,NA,NA,NA,NA,NA,NA,NA,NA,NA,1
<ENTER1>,3.135,end sentence,NA,NA,NA,NA,NA,NA,NA,NA,NA,NA,NA,NA,1
The firsr<BACKSPACE1>t advantage wou,1.312,mid word,NA,NA,NA,NA,NA,NA,NA,NA,NA,NA,NA,NA,1
ld <BACKSPACE6>is,12.224,end VP,NA,NA,NA,NA,NA,NA,NA,NA,NA,NA,NA,NA,1
we can,8.464,mid VP,NA,NA,NA,NA,NA,NA,NA,NA,NA,NA,NA,NA,1
save our time,2.16,end sentence,NA,NA,NA,NA,NA,NA,NA,NA,NA,NA,NA,NA,1
<BACKSPACE14>,1.536,mid VP,NA,NA,NA,NA,NA,NA,NA,NA,NA,NA,NA,NA,1
pre,1.12,mid word,NA,NA,NA,NA,NA,NA,NA,NA,NA,NA,NA,NA,1
screen,4.416,end sentence,NA,NA,NA,NA,NA,NA,NA,NA,NA,NA,NA,NA,1
<HIGHLIGHT 544:545><LEFT1><HIGHLIGHT 543:545><LEFT1><HIGHLIGHT 542:545><LEFT1><HIGHLIGHT 541:545><LEFT1><HIGHLIGHT 540:545><LEFT1><HIGHLIGHT 539:545><LEFT1><HIGHLIGHT 538:545><LEFT1><HIGHLIGHT 537:545><LEFT1><HIGHLIGHT 536:545><LEFT1><HIGHLIGHT 535:545><LEFT1><HIGHLIGHT 534:545><LEFT1>,1.28,mid VP,NA,NA,NA,NA,NA,NA,NA,NA,NA,NA,NA,NA,1
<REPLACED>save our ti,1.103,mid word,NA,NA,NA,NA,NA,NA,NA,NA,NA,NA,NA,NA,1
<BACKSPACE2>,1.504,mid NP,NA,NA,NA,NA,NA,NA,NA,NA,NA,NA,NA,NA,1
resources through online dating,2.559,end sentence,NA,NA,NA,NA,NA,NA,NA,NA,NA,NA,NA,NA,1
before,1.04,end NP,NA,NA,NA,NA,NA,NA,NA,NA,NA,NA,NA,NA,1
meeting in a real life dating. When we go for a,2.255,mid NP,35,8,NA,1,NA,1,1,NA,NA,NA,NA,NA,1
n,1.056,mid NP,NA,NA,NA,NA,NA,NA,NA,NA,NA,NA,NA,NA,1
in,1.36,mid word,NA,NA,NA,NA,1,NA,NA,NA,NA,NA,NA,NA,1
"-person dating,",4.656,end clause,NA,NA,NA,NA,NA,NA,NA,NA,NA,NA,NA,NA,1
our rom<BACKSPACE7>we will,2.799,mid VP,0,7,NA,1,NA,NA,NA,NA,NA,NA,NA,NA,1
opt for go,1.007,mid word,NA,NA,NA,NA,NA,NA,NA,NA,NA,NA,NA,NA,1
<BACKSPACE2>,1.504,end VP,NA,NA,NA,NA,NA,NA,NA,NA,NA,NA,NA,NA,1
going to,3.488,end VP,NA,NA,NA,NA,1,NA,NA,NA,NA,NA,NA,NA,1
places that,1.888,end NP,NA,NA,NA,NA,1,NA,NA,NA,NA,NA,NA,NA,1
cost,8.735,end VP,NA,NA,NA,NA,NA,NA,NA,NA,NA,NA,NA,NA,1
"us our resources, be it",1.2,end NP,NA,NA,NA,NA,2,1,NA,NA,NA,NA,NA,NA,1
omeny,1.6,mid word,NA,NA,NA,NA,NA,NA,NA,NA,NA,NA,NA,NA,1
"<BACKSPACE5>money, time, or energy.",5.759,end sentence,NA,NA,NA,NA,1,NA,NA,NA,NA,NA,NA,NA,1
"Cafe, restaurant, cinema",1.648,end NP,0,0,1,NA,NA,NA,1,NA,NA,NA,NA,NA,1
a,1.839,mid word,NA,NA,NA,NA,NA,NA,NA,NA,NA,NA,NA,NA,1
<LEFT8>and <LEFT4><RIGHT11>,1.008,mid word,NA,NA,NA,NA,NA,NA,NA,NA,NA,NA,NA,NA,1
re among the go-to places for,2.704,mid PP,NA,NA,NA,NA,NA,1,NA,NA,NA,NA,NA,NA,1
couples to,1.951,mid VP,NA,NA,NA,NA,NA,NA,NA,NA,NA,NA,NA,NA,1
<BACKSPACE3>,4.127,end PP,NA,NA,NA,NA,NA,NA,NA,NA,NA,NA,NA,NA,1
to dat,1.088,mid word,NA,NA,NA,NA,1,NA,NA,NA,NA,NA,NA,NA,1
"e, and they all require money",8.943,end sentence,6,13,NA,1,1,NA,1,NA,NA,NA,NA,NA,1
to spend,1.584,end sentence,NA,NA,NA,NA,NA,NA,NA,NA,NA,NA,NA,NA,1
a<BACKSPACE2>,5.792,end sentence,NA,NA,NA,NA,NA,NA,NA,NA,NA,NA,NA,NA,1
. t<BACKSPACE8>,3.408,mid word,NA,NA,NA,NA,NA,NA,NA,NA,NA,NA,NA,NA,1
<BACKSPACE2>,1.296,mid word,NA,NA,NA,NA,NA,NA,NA,NA,NA,NA,NA,NA,1
ime <BACKSPACE5>and time,1.056,end sentence,NA,NA,NA,NA,NA,NA,NA,NA,NA,NA,NA,NA,1
to spend,4.591,end sentence,NA,NA,NA,NA,NA,NA,NA,NA,NA,NA,NA,NA,1
.,4.599,end sentence,NA,NA,NA,NA,NA,NA,NA,NA,NA,NA,NA,NA,1
<MOUSECLICK>,3.704,mid NP,NA,NA,NA,NA,NA,NA,NA,NA,NA,NA,NA,NA,1
<MOUSECLICK><LEFT1>do their,1.344,mid NP,NA,NA,NA,NA,NA,NA,NA,NA,NA,NA,NA,NA,1
first,1.087,mid NP,NA,NA,NA,NA,NA,NA,NA,NA,NA,NA,NA,NA,1
<RIGHT4>s<RIGHT48>,2.848,mid NP,NA,NA,NA,NA,NA,NA,NA,NA,NA,NA,NA,NA,1
By conductin<BACKSPACE9>doing onli<BACKSPACE11><LEFT50><RIGHT1><BACKSPACE1> and,2.207,end NP,0,3,1,NA,NA,NA,NA,NA,NA,1,NA,NA,1
get to know each other,1.328,end sentence,NA,NA,NA,NA,NA,NA,NA,NA,NA,NA,NA,NA,1
.,1.567,end sentence,NA,NA,NA,NA,NA,NA,NA,NA,NA,NA,NA,NA,1
<RIGHT1><HIGHLIGHT 860:859><RIGHT1><HIGHLIGHT 861:859><RIGHT1><HIGHLIGHT 862:859><RIGHT1><REPLACED>Ho,1.664,mid word,NA,NA,NA,NA,NA,NA,NA,NA,NA,NA,NA,NA,1
"wever,",1.871,end NP,NA,NA,NA,NA,NA,NA,NA,NA,NA,NA,NA,NA,1
<DOWN1> doing nlin<BACKSPACE4>online dating <UP1><RIGHT20>,1.687,end VP,NA,NA,NA,NA,NA,NA,NA,NA,NA,NA,NA,NA,1
"<LEFT1><RIGHT3>, and",1.152,end NP,NA,NA,NA,NA,NA,NA,NA,NA,NA,NA,NA,NA,1
these first dates can either,1.456,mid VP,0,10,1,NA,NA,NA,1,NA,NA,NA,NA,NA,1
lead to a more serious dating stage or not,1.776,end sentence,NA,NA,NA,NA,NA,1,NA,NA,NA,NA,NA,NA,1
<DOWN1>,1.135,end PP,NA,NA,NA,NA,NA,NA,NA,NA,NA,NA,NA,NA,1
"furst<BACKSPACE4>irat<BACKSPACE2>st, the resources s[",1.215,mid word,0,0,1,NA,NA,NA,1,NA,NA,NA,NA,NA,1
<BACKSPACE1>pent in the first dates can be sac<BACKSPACE1>ved,3.536,end sentence,0,13,NA,NA,NA,NA,NA,NA,NA,NA,NA,NA,1
while in the same tim,1.312,mid word,5,0,1,NA,NA,NA,NA,NA,1,NA,NA,NA,1
e,1.535,end PP,0,0,NA,NA,NA,NA,NA,NA,NA,NA,NA,NA,1
", the couples c<BACKSPACE1>",1.408,end NP,NA,NA,NA,NA,NA,NA,NA,NA,NA,NA,NA,NA,1
<UP1><RIGHT15>,1.12,mid NP,NA,NA,NA,NA,NA,NA,NA,NA,NA,NA,NA,NA,1
co,1.104,mid word,NA,NA,NA,NA,NA,NA,NA,NA,NA,NA,NA,NA,1
uple can save,2.655,end VP,NA,NA,NA,NA,NA,NA,NA,NA,NA,NA,NA,NA,1
<BACKSPACE1><RIGHT36><LEFT1><DOWN1>,1.407,end VP,NA,NA,NA,NA,NA,NA,NA,NA,NA,NA,NA,NA,1
<HIGHLIGHT 1120:1121><HIGHLIGHT 1119:1121><HIGHLIGHT 1118:1121><HIGHLIGHT 1117:1121><HIGHLIGHT 1116:1121><HIGHLIGHT 1115:1121><HIGHLIGHT 1114:1121><HIGHLIGHT 1113:1121><HIGHLIGHT 1112:1121><HIGHLIGHT 1111:1121><HIGHLIGHT 1110:1121><HIGHLIGHT 1109:1121><HIGHLIGHT 1108:1121><HIGHLIGHT 1107:1121><HIGHLIGHT 1106:1121><HIGHLIGHT 1105:1121><HIGHLIGHT 1104:1121><HIGHLIGHT 1103:1121><HIGHLIGHT 1102:1121><HIGHLIGHT 1101:1121><HIGHLIGHT 1100:1121><HIGHLIGHT 1099:1121><HIGHLIGHT 1098:1121><HIGHLIGHT 1097:1121><HIGHLIGHT 1096:1121><HIGHLIGHT 1095:1121><HIGHLIGHT 1094:1121><HIGHLIGHT 1093:1121><HIGHLIGHT 1092:1121><HIGHLIGHT 1091:1121><HIGHLIGHT 1090:1121><HIGHLIGHT 1089:1121><HIGHLIGHT 1088:1121><HIGHLIGHT 1087:1121><HIGHLIGHT 1086:1121><HIGHLIGHT 1085:1121><HIGHLIGHT 1084:1121><HIGHLIGHT 1083:1121><HIGHLIGHT 1082:1121><HIGHLIGHT 1081:1121><HIGHLIGHT 1080:1121><HIGHLIGHT 1079:1121><HIGHLIGHT 1078:1121><HIGHLIGHT 1077:1121><HIGHLIGHT 1076:1121><HIGHLIGHT 1075:1121><HIGHLIGHT 1074:1121><HIGHLIGHT 1073:1121><HIGHLIGHT 1072:1121><LEFT49><HIGHLIGHT 1071:1121><LEFT1>,1.52,end sentence,NA,NA,NA,NA,NA,NA,NA,NA,NA,NA,NA,NA,1
<REPLACED> AND,4.367,end NP,NA,NA,NA,NA,NA,NA,NA,NA,NA,NA,NA,NA,1
<BACKSPACE4>AN<BACKSPACE2>and,11.36,end NP,NA,NA,NA,NA,NA,NA,NA,NA,NA,NA,NA,NA,1
get,1.007,end VP,NA,NA,NA,NA,NA,NA,NA,NA,NA,NA,NA,NA,1
<BACKSPACE8>while still,1.248,end NP,NA,NA,NA,NA,NA,NA,NA,NA,NA,NA,NA,NA,1
s<BACKSPACE1>get to know each other bettw<BACKSPACE1>er/<BACKSPACE1>.<ENTER1>,3.616,end sentence,NA,NA,NA,NA,NA,2,NA,NA,NA,NA,NA,NA,1
The second advantage is,1.568,end VP,0,3,1,NA,NA,NA,1,NA,NA,NA,NA,NA,1
to,1.248,mid VP,NA,NA,NA,NA,NA,NA,NA,NA,NA,NA,NA,NA,1
minimize the risk of,1.072,mid NP,NA,NA,NA,NA,1,NA,NA,NA,NA,NA,NA,NA,1
criminality,2.304,end sentence,NA,NA,NA,NA,NA,NA,NA,NA,NA,NA,NA,NA,1
from,4.24,mid PP,NA,NA,NA,NA,NA,NA,NA,NA,NA,NA,NA,NA,1
<BACKSPACE16>being,1.936,mid NP,NA,NA,NA,NA,NA,NA,NA,NA,NA,NA,NA,NA,1
a victim,1.248,end sentence,NA,NA,NA,NA,1,NA,NA,NA,NA,NA,NA,NA,1
of scam,1.616,end sentence,NA,NA,NA,NA,NA,NA,NA,NA,NA,NA,NA,NA,1
<BACKSPACE7>of a criminal act.,1.04,end sentence,NA,NA,NA,NA,NA,NA,NA,NA,NA,NA,NA,NA,1
It is,1.632,end VP,NA,NA,NA,NA,NA,NA,NA,NA,NA,NA,NA,NA,1
not,1.072,end VP,NA,NA,NA,NA,NA,NA,NA,NA,NA,NA,NA,NA,1
<BACKSPACE3>w,1.087,mid word,NA,NA,NA,NA,NA,NA,NA,NA,NA,NA,NA,NA,1
"<BACKSPACE7>M<BACKSPACE1>Dating people is a risky act, we<BACKSPACE4>, we basically m",1.344,end NP,0,11,1,1,NA,1,2,NA,NA,NA,NA,NA,1
eet po<BACKSPACE1>eople who do<BACKSPACE2>we do not know really well in the ho[,1.056,mid word,NA,NA,NA,NA,NA,2,NA,NA,NA,NA,NA,NA,1
<BACKSPACE1>pe of creating a connection.,2.096,end sentence,NA,NA,NA,NA,1,NA,NA,NA,NA,NA,NA,NA,1
While,1.152,end NP,NA,NA,NA,NA,NA,NA,NA,NA,NA,NA,NA,NA,1
most people,1.712,end NP,NA,NA,NA,NA,NA,NA,NA,NA,NA,NA,NA,NA,1
are,5.232,end VP,NA,NA,NA,NA,NA,NA,NA,NA,NA,NA,NA,NA,1
<BACKSPACE22>,4.96,end sentence,NA,NA,NA,NA,NA,NA,NA,NA,NA,NA,NA,NA,1
"Unfortunea<BACKSPACE2>ately, some peop",1.008,mid word,0,0,2,NA,NA,NA,1,1,NA,NA,NA,NA,1
le,1.456,end NP,0,0,NA,NA,NA,NA,NA,NA,NA,NA,NA,NA,1
take advatn<BACKSPACE2>ntage upon this,12.16,end sentence,NA,NA,NA,NA,NA,NA,NA,NA,NA,NA,NA,NA,1
<BACKSPACE10>from dating to,1.743,mid VP,NA,NA,NA,NA,NA,NA,NA,NA,NA,NA,NA,NA,1
do criminal,1.984,mid NP,NA,NA,NA,NA,NA,NA,NA,NA,NA,NA,NA,NA,1
", harmful act",1.28,end sentence,NA,NA,NA,NA,1,NA,NA,NA,NA,NA,NA,NA,1
; caes<BACKSPACE2>ses of scamming,2.543,end NP,0,0,1,NA,1,1,1,NA,NA,NA,NA,NA,1
and robbing du<BACKSPACE2>in the first dates are not unheard of,13.84,end sentence,0,18,NA,NA,NA,NA,NA,NA,NA,NA,NA,NA,1
.,2.143,end sentence,NA,NA,NA,NA,NA,NA,NA,NA,NA,NA,NA,NA,1
By doing <BACKSPACE9>Online dating,1.84,end NP,0,0,1,NA,1,NA,1,NA,NA,NA,NA,NA,1
in the early stage,1.296,end PP,NA,NA,NA,NA,NA,NA,NA,NA,NA,NA,NA,NA,1
of a,1.503,mid PP,NA,NA,NA,NA,NA,NA,NA,NA,NA,NA,NA,NA,1
<SPACE>,2.575,mid PP,NA,NA,NA,NA,NA,NA,NA,NA,NA,NA,NA,NA,1
<MOUSECLICK><HIGHLIGHT 1486:1480><MOUSECLICK><REPLACED>meeting,1.312,end NP,NA,NA,NA,NA,NA,NA,NA,NA,NA,NA,NA,NA,1
<DOWN1>,1.023,end NP,NA,NA,NA,NA,NA,NA,NA,NA,NA,NA,NA,NA,1
dat,3.312,mid word,NA,NA,NA,NA,NA,NA,NA,NA,NA,NA,NA,NA,1
e can,4.112,mid VP,NA,NA,NA,NA,NA,NA,NA,NA,NA,NA,NA,NA,1
help us to avoid such malicious act,1.199,end sentence,NA,NA,NA,NA,1,NA,NA,NA,NA,NA,NA,NA,1
.<ENTER1>,16.655,end sentence,NA,NA,NA,NA,NA,NA,NA,NA,NA,NA,NA,NA,1
<MOUSECLICK>,1.359,end sentence,NA,NA,NA,NA,NA,NA,NA,NA,NA,NA,NA,NA,1
People go,2.272,end VP,0,3,1,NA,NA,NA,1,NA,NA,NA,NA,NA,1
<SPACE>,3.856,end VP,NA,NA,NA,NA,NA,NA,NA,NA,NA,NA,NA,NA,1
for d<BACKSPACE1>a date,14,end sentence,NA,NA,NA,NA,NA,NA,NA,NA,NA,NA,NA,NA,1
<MOUSECLICK><HIGHLIGHT 124:122><MOUSECLICK><BACKSPACE2>,1.087,mid NP,NA,NA,NA,NA,NA,NA,NA,NA,NA,NA,NA,NA,1
", familial, or",1.832,end NP,NA,NA,NA,NA,1,NA,NA,NA,NA,NA,NA,NA,1
<MOUSECLICK>,1.144,mid PP,NA,NA,NA,NA,NA,NA,NA,NA,NA,NA,NA,NA,1
<LEFT1>,1.92,end PP,NA,NA,NA,NA,NA,NA,NA,NA,NA,NA,NA,NA,1
with another,4.224,end PP,NA,NA,NA,NA,1,NA,NA,NA,NA,NA,NA,NA,1
<SPACE>,1.663,end PP,NA,NA,NA,NA,NA,NA,NA,NA,NA,NA,NA,NA,1
to,1.28,mid PP,NA,NA,NA,NA,NA,NA,NA,NA,NA,NA,NA,NA,1
"find such connection, b",1.007,mid word,NA,NA,NA,NA,NA,NA,NA,NA,NA,NA,NA,NA,1
<BACKSPACE3>,4.495,end sentence,NA,NA,NA,NA,NA,NA,NA,NA,NA,NA,NA,NA,1
.,19.607,end sentence,NA,NA,NA,NA,NA,NA,NA,NA,NA,NA,NA,NA,1
<MOUSECLICK>,2.744,end sentence,NA,NA,NA,NA,NA,NA,NA,NA,NA,NA,NA,NA,1
As,3.344,end NP,NA,NA,NA,NA,NA,NA,NA,NA,NA,NA,NA,NA,1
<BACKSPACE2>,6.728,end sentence,NA,NA,NA,NA,NA,NA,NA,NA,NA,NA,NA,NA,1
<MOUSECLICK>,3.032,end sentence,NA,NA,NA,NA,NA,NA,NA,NA,NA,NA,NA,NA,1
"<ENTER1>Lastly, online",4.512,mid NP,0,0,2,NA,NA,NA,1,NA,NA,NA,NA,1,1
dating,6.512,end NP,0,0,NA,NA,NA,NA,NA,NA,NA,NA,NA,NA,1
eases,2.56,end VP,NA,NA,NA,NA,NA,NA,NA,NA,NA,NA,NA,NA,1
dating activity for,4.048,mid PP,NA,NA,NA,NA,1,NA,NA,NA,NA,NA,NA,NA,1
pe,1.008,mid PP,NA,NA,NA,NA,1,NA,NA,NA,NA,NA,NA,NA,1
ople with shy,1.024,mid PP,NA,NA,NA,NA,NA,NA,NA,NA,NA,NA,NA,NA,1
or reserved personality.,6.591,end sentence,NA,NA,NA,NA,NA,NA,NA,NA,NA,NA,NA,NA,1
It,1.552,end NP,NA,NA,NA,NA,NA,NA,NA,NA,NA,NA,NA,NA,1
<BACKSPACE3>There are people who have difficulties in,4.944,mid PP,NA,NA,NA,1,NA,NA,NA,NA,NA,NA,NA,NA,1
making,1.152,mid PP,NA,NA,NA,NA,NA,NA,NA,NA,NA,NA,NA,NA,1
a good impresi<BACKSPACE1>sion,2.096,end sentence,NA,NA,NA,NA,1,NA,NA,NA,NA,NA,NA,NA,1
when,2.624,end NP,NA,NA,NA,NA,NA,NA,NA,NA,NA,NA,NA,NA,1
meeting another people in the first,1.536,mid PP,NA,NA,NA,NA,NA,1,NA,NA,NA,NA,NA,NA,1
occassiom<BACKSPACE1>n due to their,4.624,mid NP,NA,NA,NA,NA,1,NA,NA,NA,NA,NA,NA,NA,1
introvertness.,5.12,end sentence,NA,NA,NA,NA,1,NA,NA,NA,NA,NA,NA,NA,1
They oftee<BACKSPACE1>n,2.175,end NP,0,6,2,NA,NA,NA,1,NA,NA,NA,NA,NA,1
feel<BACKSPACE10>are often fi,1.983,mid word,NA,NA,NA,NA,NA,NA,NA,NA,NA,NA,NA,NA,1
<BACKSPACE12>often find no luck ion<BACKSPACE3>in doing,6.928,end VP,NA,NA,NA,NA,NA,NA,NA,NA,NA,NA,NA,NA,1
firsyt,1.183,mid word,NA,NA,NA,NA,NA,NA,NA,NA,NA,NA,NA,NA,1
<BACKSPACE2>t dating with,6.976,mid PP,NA,NA,NA,NA,NA,NA,NA,NA,NA,NA,NA,NA,1
<BACKSPACE24>,1.056,mid PP,NA,NA,NA,NA,NA,NA,NA,NA,NA,NA,NA,NA,1
their d<BACKSPACE1><LEFT9>to continue the relationship,1.76,end sentence,NA,NA,NA,NA,1,NA,NA,NA,NA,NA,NA,NA,1
<DOWN1><LEFT1>,3.679,mid PP,NA,NA,NA,NA,NA,NA,NA,NA,NA,NA,NA,NA,1
<HIGHLIGHT 1924:1925><LEFT1><HIGHLIGHT 1923:1925><LEFT1><HIGHLIGHT 1922:1925><LEFT1><HIGHLIGHT 1921:1925><LEFT1><HIGHLIGHT 1920:1925><LEFT1><HIGHLIGHT 1919:1925><LEFT1><HIGHLIGHT 1918:1925><LEFT1><HIGHLIGHT 1917:1925><LEFT1><HIGHLIGHT 1916:1925><LEFT1><REPLACED>FROM THEIR <BACKSPACE11>from their relatinship,4.575,end sentence,NA,NA,NA,NA,NA,NA,NA,NA,NA,NA,NA,NA,1
<BACKSPACE12>dating,2.336,end sentence,NA,NA,NA,NA,NA,NA,NA,NA,NA,NA,NA,NA,1
<MOUSECLICK><HIGHLIGHT 1867:1863><MOUSECLICK>,1.64,end NP,NA,NA,NA,NA,NA,NA,NA,NA,NA,NA,NA,NA,1
"<REPLACED>Because of this,",1.264,end NP,10,0,1,NA,NA,NA,NA,NA,NA,1,NA,NA,1
they,1.864,end NP,0,0,1,NA,NA,NA,1,NA,NA,NA,NA,NA,1
<MOUSECLICK>,3.016,end sentence,NA,NA,NA,NA,NA,NA,NA,NA,NA,NA,NA,NA,1
<MOUSECLICK> forward with,3.159,mid PP,NA,NA,NA,NA,NA,NA,NA,NA,NA,NA,NA,NA,1
<MOUSECLICK>,1.272,end sentence,NA,NA,NA,NA,NA,NA,NA,NA,NA,NA,NA,NA,1
.,2.447,end sentence,NA,NA,NA,NA,NA,NA,NA,NA,NA,NA,NA,NA,1
Online d<BACKSPACE5>,1.056,mid word,0,0,1,NA,NA,NA,1,NA,NA,NA,NA,NA,1
ne,1.344,end NP,0,0,NA,NA,NA,NA,NA,NA,NA,NA,NA,NA,1
<BACKSPACE3>ine dating can,1.231,mid VP,0,4,NA,NA,NA,NA,NA,NA,NA,NA,NA,NA,1
reduce,1.296,end VP,NA,NA,NA,NA,NA,NA,NA,NA,NA,NA,NA,NA,1
<BACKSPACE7>help such people by,3.088,mid PP,NA,NA,NA,NA,NA,1,NA,NA,NA,NA,NA,NA,1
facilitating,1.152,end VP,NA,NA,NA,NA,NA,NA,NA,NA,NA,NA,NA,NA,1
a,2.96,mid NP,NA,NA,NA,NA,NA,NA,NA,NA,NA,NA,NA,NA,1
re<BACKSPACE2>,2.976,mid NP,NA,NA,NA,NA,NA,NA,NA,NA,NA,NA,NA,NA,1
<BACKSPACE1> re,1.504,mid NP,NA,NA,NA,NA,NA,NA,NA,NA,NA,NA,NA,NA,1
<BACKSPACE2>,2.96,mid NP,NA,NA,NA,NA,NA,NA,NA,NA,NA,NA,NA,NA,1
ge<BACKSPACE2>better,1.775,mid NP,NA,NA,NA,NA,NA,NA,NA,NA,NA,NA,NA,NA,1
<BACKSPACE9>the creation of,4.752,mid NP,NA,NA,NA,NA,NA,NA,NA,NA,NA,NA,NA,NA,1
better connection first,2.064,end sentence,NA,NA,NA,NA,1,NA,NA,NA,NA,NA,NA,NA,1
between,2.976,mid PP,NA,NA,NA,NA,NA,NA,NA,NA,NA,NA,NA,NA,1
them and their romantical interest.,2.608,end sentence,NA,NA,NA,NA,2,NA,NA,NA,NA,NA,NA,NA,1
"Hence, they wi",2.224,mid word,0,2,1,1,NA,NA,1,NA,NA,NA,NA,1,1
ll have,1.135,end VP,NA,NA,NA,NA,NA,NA,NA,NA,NA,NA,NA,NA,1
<BACKSPACE1>,1.247,end VP,NA,NA,NA,NA,NA,NA,NA,NA,NA,NA,NA,NA,1
the confidence,1.504,end sentence,NA,NA,NA,NA,1,NA,NA,NA,NA,NA,NA,NA,1
when th,1.919,mid word,NA,NA,NA,NA,NA,1,NA,NA,NA,NA,NA,NA,1
ey are actually meeting their potential partner due to the familia,1.248,mid word,NA,NA,NA,NA,1,NA,NA,NA,NA,NA,NA,NA,1
rity with each other that they have built through,1.952,mid PP,NA,NA,NA,NA,NA,1,NA,NA,NA,NA,NA,NA,1
on<BACKSPACE2>,1.28,mid PP,NA,NA,NA,NA,1,NA,NA,NA,NA,NA,NA,NA,1
the pri<BACKSPACE1>evious online dating.<ENTER1>,7.024,end sentence,NA,NA,NA,NA,NA,NA,NA,NA,NA,NA,NA,NA,1
Online dating,1.456,end NP,NA,NA,NA,NA,NA,NA,NA,NA,NA,NA,NA,NA,1
he,1.104,mid word,NA,NA,NA,NA,NA,NA,NA,NA,NA,NA,NA,NA,1
lps,11.584,end VP,NA,NA,NA,NA,NA,NA,NA,NA,NA,NA,NA,NA,1
pro<BACKSPACE2>,1.344,mid word,NA,NA,NA,NA,NA,NA,NA,NA,NA,NA,NA,NA,1
oten<BACKSPACE5>,6.672,end VP,NA,NA,NA,NA,NA,NA,NA,NA,NA,NA,NA,NA,1
people to get,1.072,end VP,NA,NA,NA,NA,NA,NA,NA,NA,NA,NA,NA,NA,1
<BACKSPACE4>,3.84,end sentence,NA,NA,NA,NA,NA,NA,NA,NA,NA,NA,NA,NA,1
<BACKSPACE9>,4.224,mid word,NA,NA,NA,NA,NA,NA,NA,NA,NA,NA,NA,NA,1
"<BACKSPACE21>In summary, on",3.392,mid PP,0,3,NA,NA,NA,NA,NA,NA,NA,NA,NA,1,1
l,1.375,mid word,NA,NA,NA,NA,NA,NA,NA,NA,NA,NA,NA,NA,1
ine m,1.503,mid word,NA,NA,NA,NA,NA,NA,NA,NA,NA,NA,NA,NA,1
<BACKSPACE8>doing online dating before real <BACKSPACE1>-life dating provides advantages,1.632,end sentence,0,43,1,NA,1,1,1,NA,NA,NA,NA,NA,1
to the hopeful,1.104,end sentence,NA,NA,NA,NA,NA,NA,NA,NA,NA,NA,NA,NA,1
daters.,1.919,end sentence,NA,NA,NA,NA,1,NA,NA,NA,NA,NA,NA,NA,1
Such advantages are,4.064,end VP,0,4,1,NA,NA,NA,1,NA,NA,NA,NA,NA,1
resource saving,1.104,end sentence,NA,NA,NA,NA,1,NA,NA,NA,NA,NA,NA,NA,1
of<BACKSPACE2>for,1.232,mid PP,NA,NA,NA,NA,NA,NA,NA,NA,NA,NA,NA,NA,1
the,1.84,mid NP,NA,NA,NA,NA,NA,NA,NA,NA,NA,NA,NA,NA,1
"people,",2.96,end PP,NA,NA,NA,NA,NA,NA,NA,NA,NA,NA,NA,NA,1
"reduce the risk of crimimna<BACKSPACE3>nal act, and",3.68,end NP,NA,NA,NA,NA,1,NA,NA,NA,NA,NA,NA,NA,1
ease,3.216,end VP,NA,NA,NA,NA,1,NA,NA,NA,NA,NA,NA,NA,1
da,1.92,mid word,NA,NA,NA,NA,NA,NA,NA,NA,NA,NA,NA,NA,1
<BACKSPACE1>,3.199,mid word,NA,NA,NA,NA,NA,NA,NA,NA,NA,NA,NA,NA,1
<BACKSPACE6>decrease the t<BACKSPACE1>stress from real-life dating for,1.792,mid PP,NA,NA,NA,NA,NA,NA,NA,NA,NA,NA,NA,NA,1
the introverts.,4.624,end sentence,NA,NA,NA,NA,1,NA,NA,NA,NA,NA,NA,NA,1
<MOUSECLICK>,1.263,mid NP,NA,NA,NA,NA,NA,NA,NA,NA,NA,NA,NA,NA,1
DOING,16.599,end NP,NA,NA,NA,NA,NA,NA,NA,NA,NA,NA,NA,NA,1
<HIGHLIGHT 502:475><MOUSECLICK><HIGHLIGHT 473:471><BACKSPACE2>,1.36,mid NP,NA,NA,NA,NA,NA,NA,NA,NA,NA,NA,NA,NA,1
". <LEFT1><BACKSPACE1>,<RIGHT1><HIGHLIGHT 473:472><RIGHT1><HIGHLIGHT 474:472><RIGHT1><HIGHLIGHT 475:472><RIGHT1><HIGHLIGHT 476:472><RIGHT1><HIGHLIGHT 477:472><RIGHT1><HIGHLIGHT 478:472><RIGHT1><HIGHLIGHT 477:472><LEFT1><HIGHLIGHT 476:472><LEFT1><HIGHLIGHT 475:472><LEFT1><HIGHLIGHT 474:472><LEFT1><HIGHLIGHT 473:472><LEFT1><REPLACED>BUILT A CONNECTION, <BACKSPACE20>",1.152,end sentence,NA,NA,NA,NA,NA,NA,NA,NA,NA,NA,NA,NA,1
"B<BACKSPACE1>built a connection through it, and",2.623,end NP,NA,NA,NA,NA,NA,NA,NA,NA,NA,NA,NA,NA,1
gone,1.216,end VP,NA,NA,NA,NA,NA,NA,NA,NA,NA,NA,NA,NA,1
<RIGHT1><HIGHLIGHT 513:512><RIGHT1><HIGHLIGHT 514:512><HIGHLIGHT 515:512><HIGHLIGHT 516:512><HIGHLIGHT 517:512><HIGHLIGHT 518:512><RIGHT5>,1.411,mid NP,NA,NA,NA,NA,NA,NA,NA,NA,NA,NA,NA,NA,1
<REPLACED>through,2.319,mid PP,NA,NA,NA,NA,NA,NA,NA,NA,NA,NA,NA,NA,1
<BACKSPACE1>,4.695,mid PP,NA,NA,NA,NA,NA,NA,NA,NA,NA,NA,NA,NA,1
<MOUSECLICK>,1.208,mid word,NA,NA,NA,NA,NA,NA,NA,NA,NA,NA,NA,NA,1
<MOUSECLICK>,2.136,end sentence,NA,NA,NA,NA,NA,NA,NA,NA,NA,NA,NA,NA,1
<MOUSECLICK>,5.688,end sentence,NA,NA,NA,NA,NA,NA,NA,NA,NA,NA,NA,NA,1
The use of dating a,2.495,mid NP,NA,NA,NA,NA,NA,NA,NA,NA,NA,NA,NA,NA,1
"<BACKSPACE19>Online dating before real life dating is getting popi<BACKSPACE1>ular,",4.727,end sentence,0,44,1,NA,1,1,1,NA,NA,NA,NA,NA,1
<MOUSECLICK><BACKSPACE1>Doing o,2.735,mid word,NA,NA,NA,NA,NA,NA,NA,NA,NA,NA,NA,NA,1
<MOUSECLICK>and this is no wonder due to teh<BACKSPACE2>,2.495,mid word,NA,NA,NA,NA,NA,1,NA,NA,NA,NA,NA,NA,1
he <HIGHLIGHT 643:642><HIGHLIGHT 644:642><HIGHLIGHT 645:642><HIGHLIGHT 646:642><HIGHLIGHT 647:642><HIGHLIGHT 648:642><HIGHLIGHT 649:642><HIGHLIGHT 650:642><RIGHT8><HIGHLIGHT 651:642><RIGHT1><HIGHLIGHT 652:642><RIGHT1>,1.552,end VP,NA,NA,NA,NA,NA,NA,NA,NA,NA,NA,NA,NA,1
<REPLACED>its,1.615,mid NP,NA,NA,NA,NA,NA,NA,NA,NA,NA,NA,NA,NA,1
<SPACE>,3.751,mid NP,NA,NA,NA,NA,NA,NA,NA,NA,NA,NA,NA,NA,1
<HIGHLIGHT 657:708><BACKSPACE2>.,59.871,end sentence,NA,NA,NA,NA,NA,NA,NA,NA,NA,NA,NA,NA,1
<MOUSECLICK>,1.144,end PP,NA,NA,NA,NA,NA,NA,NA,NA,NA,NA,NA,NA,1
<MOUSECLICK>,1.72,end PP,NA,NA,NA,NA,NA,NA,NA,NA,NA,NA,NA,NA,1
<BACKSPACE4>,1.392,mid PP,NA,NA,NA,NA,NA,NA,NA,NA,NA,NA,NA,NA,1
"I believe <BACKSPACE1>, when dating,",1.68,end clause,0,0,2,NA,NA,NA,1,1,NA,NA,NA,NA,2
<BACKSPACE1>,1.438,end clause,NA,NA,NA,NA,NA,NA,NA,NA,NA,NA,NA,NA,2
"> someone mne<BACKSPACE3>new, it is more practical to meet for the first",1.711,mid PP,NA,NA,NA,NA,2,NA,NA,NA,NA,NA,NA,NA,2
<BACKSPACE14>the first few times in person.,1.519,end sentence,NA,NA,NA,NA,1,NA,NA,NA,NA,NA,NA,NA,2
The,1.407,mid NP,NA,NA,NA,NA,NA,NA,NA,NA,NA,NA,NA,NA,2
e<BACKSPACE1>re are m<BACKSPACE1>a few factors wh<BACKSPACE1>| ,1.295,mid Word,5,0,1,NA,NA,NA,NA,NA,NA,NA,1,NA,2
BACKSPACE1>,4.351,end word,NA,NA,NA,NA,NA,NA,NA,NA,NA,NA,NA,NA,2
for why I believe this to be the case.,1.407,end sentence,NA,NA,NA,NA,1,NA,NA,NA,NA,NA,NA,NA,2
But I will say<BACKSPACE14>,3.568,end sentence,NA,NA,NA,NA,NA,NA,NA,NA,NA,NA,NA,NA,2
<LEFT33><RIGHT32>,1.936,end sentence,NA,NA,NA,NA,NA,NA,NA,NA,NA,NA,NA,NA,2
<ENTER1>First would be simple and probably,2.656,mid NP,0,28,1,NA,NA,NA,1,NA,NA,NA,NA,NA,2
"hard to admit, but oh<BACKSPACE2>physcial atrr<BACKSPACE2>traction does play a part in dating. While I understand that photos can be exchanged",1.759,end clause,72,16,NA,2,2,1,1,1,NA,NA,NA,NA,2
"onliv<BACKSPACE1>ne,",6.32,end clause,NA,NA,NA,NA,NA,NA,NA,NA,NA,NA,NA,NA,2
I do not believe that accurately,1.072,mid VP,0,10,1,NA,NA,NA,1,1,NA,NA,NA,NA,2
paints a full picture,1.184,end NP,NA,NA,NA,NA,1,NA,NA,NA,NA,NA,NA,NA,2
f what to expect when you are,11.696,end VP,NA,NA,NA,NA,NA,NA,NA,NA,NA,NA,NA,NA,2
going through the <BACKSPACE30>,1.119,mid Word,NA,NA,NA,NA,NA,NA,NA,NA,NA,NA,NA,NA,2
hen we are discussing dating.,10.559,end sentence,NA,NA,NA,NA,1,NA,NA,NA,NA,NA,NA,NA,2
Is thi<BACKSPACE1>e picture accurate,1.742,end sentence,2,8,NA,1,1,NA,1,NA,NA,NA,NA,NA,2
Is thi<BACKSPACE1>e picture up to date. <BACKSPACE2>? Had <BACKSPACE2>s the picture been modif<BACKSPACE1>i<BACKSPACE1>fied in some form with,1.793,mid PP,2,26,NA,1,1,NA,1,NA,NA,NA,NA,NA,2
photoshop or,7.377,end clause,NA,NA,NA,NA,NA,NA,NA,NA,NA,NA,NA,NA,2
maniupl<BACKSPACE5>nipulate via lighting,2.607,end sentence,NA,NA,NA,NA,NA,NA,NA,NA,NA,NA,NA,NA,2
",",1.471,end sentence,NA,NA,NA,NA,NA,NA,NA,NA,NA,NA,NA,NA,2
"angles.<BACKSPACE1>, etc.",2.031,end sentence,NA,NA,NA,NA,NA,NA,NA,NA,NA,NA,NA,NA,2
<BACKSPACE1>.?,4.271,end sentence,NA,NA,NA,NA,NA,NA,NA,NA,NA,NA,NA,NA,2
While it may sound,4.623,end VP,9,0,1,NA,NA,NA,NA,1,NA,NA,NA,NA,2
crass to sug<BACKSPACE1>ggest,2.415,end clause,0,0,NA,NA,1,NA,NA,NA,NA,NA,NA,NA,2
this,1.246,end clause,NA,NA,NA,NA,NA,NA,NA,NA,NA,NA,NA,NA,2
inconsiderate to suggest,1.646,end clause,NA,NA,NA,NA,NA,2,NA,NA,NA,NA,NA,NA,2
"this, the fact is (IMO)<BACKSPACE4>in my opinion) t<BACKSPACE1>is that phys<BACKSPACE1>sical attraction does play a component in",4.128,mid PP,NA,NA,NA,NA,1,NA,NA,NA,NA,NA,NA,NA,2
regards to dating.,1.535,end sentence,NA,NA,NA,NA,NA,NA,NA,NA,NA,NA,NA,NA,2
I don't want to suggest that is the only comp,1.135,mid Word,25,0,1,NA,1,NA,1,NA,NA,NA,NA,NA,2
"en<BACKSPACE2>onent, but",6.144,end clause,NA,NA,NA,NA,NA,NA,NA,NA,NA,NA,NA,NA,2
I believe<BACKSPACE13>,1.28,end sentence,NA,NA,NA,NA,NA,NA,NA,NA,NA,NA,NA,NA,2
ane<BACKSPACE1>d while I do not personally have data,1.583,end clause,9,9,NA,1,1,NA,1,1,NA,NA,NA,NA,2
"to support this,",1.439,end clause,NA,NA,NA,NA,1,NA,NA,NA,NA,NA,NA,NA,2
I b,2.015,mid Word,0,0,1,NA,NA,NA,NA,1,NA,NA,NA,NA,2
elieve you co<BACKSPACE1>an look at,1.678,end VP,0,11,NA,NA,NA,1,1,NA,NA,NA,NA,NA,2
something like Tinder and come to that sd<BACKSPACE1>ame co<BACKSPACE1>,1.04,mid Word,NA,NA,NA,NA,1,NA,NA,NA,NA,NA,NA,NA,2
<BACKSPACE130>. But,1.423,end word,NA,NA,NA,NA,NA,NA,NA,NA,NA,NA,NA,NA,2
"aside from looks, there are things like",1.519,mid NP,0,19,1,NA,NA,1,NA,NA,NA,1,NA,NA,2
"smells,",2.015,mid NP,NA,NA,NA,NA,1,NA,NA,NA,NA,NA,NA,NA,2
"fashion sense, ",3.423,mid NP,NA,NA,NA,NA,1,NA,NA,NA,NA,NA,NA,NA,2
courtesis<BACKSPACE1>,1.888,mid Word,NA,NA,NA,NA,NA,NA,NA,NA,NA,NA,NA,NA,2
<BACKSPACE1>,1.456,mid Word,NA,NA,NA,NA,NA,NA,NA,NA,NA,NA,NA,NA,2
"<UP1><LEFT21><DOWN1><LEFT56>, but I do feel",1.968,end clause,5,7,NA,1,NA,NA,1,NA,NA,NA,NA,NA,2
seeing someone in,2.031,mid PP,NA,NA,NA,NA,1,NA,NA,NA,NA,NA,NA,NA,2
person gives a far more accurate represn<BACKSPACE1>entation of your,1.039,mid NP,NA,NA,NA,NA,NA,1,NA,NA,NA,NA,NA,NA,2
<BACKSPACE5>whet<BACKSPACE22>,19.392,mid NP,NA,NA,NA,NA,1,NA,NA,NA,NA,NA,NA,NA,2
<BACKSPACE26>gives you a better sense y<BACKSPACE1>of your phys,2.047,mid word,NA,NA,NA,NA,NA,NA,NA,NA,NA,NA,NA,NA,2
ical attraction,2.016,mid word,NA,NA,NA,NA,NA,NA,NA,NA,NA,NA,NA,NA,2
"to them <BACKSPACE1>, far more than a picture might",2.336,end VP,NA,NA,NA,NA,1,NA,NA,NA,NA,NA,NA,NA,2
<DOWN1><UP1><RIGHT1>,1.455,mid NP,NA,NA,NA,NA,NA,NA,NA,NA,NA,NA,NA,NA,2
<ENTER1><UP1><LEFT1><DOWN1> There is,1.359,end VP,NA,NA,NA,NA,NA,NA,NA,NA,NA,NA,NA,NA,2
also more thab<BACKSPACE1>n just facial k<BACKSPACE1>looks,1.279,end NP,0,0,2,NA,NA,NA,NA,NA,NA,NA,1,1,2
to,1.023,end word,NA,NA,NA,NA,NA,NA,NA,NA,NA,NA,NA,NA,2
o. People tend to,2.527,mid VP,2,6,NA,1,NA,NA,1,NA,NA,NA,NA,NA,2
<BACKSPACE18>,1.403,end sentence,NA,NA,NA,NA,NA,NA,NA,NA,NA,NA,NA,NA,2
o. How<BACKSPACE3>,2.543,end sentence,NA,NA,NA,NA,NA,NA,NA,NA,NA,NA,NA,NA,2
<DOWN1>,1.968,end sentence,NA,NA,NA,NA,NA,NA,NA,NA,NA,NA,NA,NA,2
<UP1>,1.087,end sentence,NA,NA,NA,NA,NA,NA,NA,NA,NA,NA,NA,NA,2
H<BACKSPACE1>How,1.888,end word,NA,NA,NA,NA,NA,NA,NA,NA,NA,NA,NA,NA,2
<BACKSPACE4>Youre <BACKSPACE2> attraction is also based,1.713,mid VP,0,11,1,NA,NA,NA,1,NA,NA,NA,NA,NA,2
on,3.183,end VP,NA,NA,NA,NA,NA,NA,NA,NA,NA,NA,NA,NA,2
how you,3.199,end NP,NA,NA,NA,NA,1,NA,NA,NA,NA,NA,NA,NA,2
phyr<BACKSPACE1>sci<BACKSPACE2>i<BACKSPACE18>d wheter <BACKSPACE3>her tou <BACKSPACE4>you like their body as well.,1.072,end sentence,NA,NA,NA,NA,1,1,NA,NA,NA,NA,NA,NA,2
Not,1.007,mid NP,NA,NA,NA,NA,NA,NA,NA,NA,NA,NA,NA,NA,2
"to be crass, but I <BACKSPACE24> Another thing that is tought <BACKSPACE6>i<BACKSPACE1>ough to determine with pictures and even video chat.",1.248,end sentence,0,29,1,NA,1,1,1,NA,NA,NA,NA,NA,2
LEFT30,3.233,mid PP,NA,NA,NA,NA,NA,NA,NA,NA,NA,NA,NA,NA,2
RIGHT30,1.223,end sentence,NA,NA,NA,NA,NA,NA,NA,NA,NA,NA,NA,NA,2
And BACKSPACE4,2.769,end sentence,NA,NA,NA,NA,NA,NA,NA,NA,NA,NA,NA,NA,2
Even if the person describes their,2.48,mid NP,6,14,NA,1,1,NA,1,NA,NA,NA,NA,NA,2
"attritubutes, that will not neccessarliy BACKSPACE1",1.072,mid NP,NA,NA,NA,NA,1,NA,NA,NA,NA,NA,NA,NA,2
BACKSPACE25hat only goes so far without seeing and determining in persBACKSPACE8 for yourself in,1.406,mid PP,NA,NA,NA,NA,1,1,NA,NA,NA,NA,NA,NA,2
person.DOWN1,2.831,mid NP,NA,NA,NA,NA,NA,NA,NA,NA,NA,NA,NA,NA,2
siBACKSPACE2ies BACKSPACE1.,4.079,end NP,NA,NA,NA,NA,NA,NA,NA,NA,NA,NA,NA,NA,2
BACKSPACE6sies someone,1.36,mid NP,NA,NA,NA,NA,NA,NA,NA,NA,NA,NA,NA,NA,2
might have (or not have-BACKSPACE1).,5.68,end sentence,NA,NA,NA,NA,NA,NA,NA,NA,NA,NA,NA,NA,2
Digital dating,1.215,end NP,0,0,1,NA,NA,NA,1,NA,NA,NA,NA,NA,2
cBACKSPACE1,2.704,end NP,NA,NA,NA,NA,NA,NA,NA,NA,NA,NA,NA,NA,2
can only go so far as,1.024,mid PP,NA,NA,NA,NA,NA,NA,NA,NA,NA,NA,NA,NA,2
how a person,1.231,end NP,NA,NA,NA,NA,1,NA,NA,NA,NA,NA,NA,NA,2
treats the people and the world around them. Dating,10.687,end NP,37,0,1,NA,NA,1,1,NA,NA,NA,NA,NA,2
BACKSPACE7,3.135,end sentence,NA,NA,NA,NA,NA,NA,NA,NA,NA,NA,NA,NA,2
UP1RIGHT41 toDOWN1,3.984,end sentence,NA,NA,NA,NA,NA,NA,NA,NA,NA,NA,NA,NA,2
UP1LEFT47UP2LEFT1DOWN1UP1RIGHT1DOWN3RIGHT10,2.471,end sentence,NA,NA,NA,NA,NA,NA,NA,NA,NA,NA,NA,NA,2
How do they dress when outside,1.503,end sentence,9,11,NA,1,1,NA,1,NA,NA,NA,NA,NA,2
.,1.903,end sentence,NA,NA,NA,NA,NA,NA,NA,NA,NA,NA,NA,NA,2
BACKSPACE2? What,1.663,end NP,NA,NA,NA,NA,NA,NA,NA,NA,NA,NA,NA,NA,2
BACKSPACE7 or going out to eat somewhere?,3.888,end sentence,NA,NA,NA,NA,NA,NA,NA,NA,NA,NA,NA,NA,2
How do they react in social situations,1.104,end sentence,9,18,NA,1,1,NA,1,NA,NA,NA,NA,NA,2
?,1.583,end sentence,NA,NA,NA,NA,NA,NA,NA,NA,NA,NA,NA,NA,2
"VeBACKSPACE2Even if we are talkuiBACKSPACE2ing about two introverts,",6.111,end clause,0,33,1,1,1,NA,1,1,NA,NA,NA,NA,2
there,1.36,end NP,NA,NA,NA,NA,NA,NA,NA,NA,NA,NA,NA,NA,2
c,1.007,mid word,NA,NA,NA,NA,NA,NA,NA,NA,NA,NA,NA,NA,2
an,1.824,end word,NA,NA,NA,NA,NA,NA,NA,NA,NA,NA,NA,NA,2
BACKSPACE9there is no way to avoid,1.71,end VP,7,0,1,NA,NA,NA,NA,NA,NA,NA,1,NA,2
dealing with,1.087,end VP,NA,NA,NA,NA,NA,NA,NA,NA,NA,NA,NA,NA,2
BACKSPACE35re is more,1.518,mid NP,5,0,1,NA,NA,NA,NA,NA,NA,NA,1,NA,2
likely a chance you will do something together that oBACKSPACE1involves other people in some form asBACKSPACE1t some point.,1.568,end sentence,NA,NA,NA,NA,1,1,NA,NA,NA,NA,NA,NA,2
Are they nice to,1.039,end VP,4,7,NA,1,1,NA,1,NA,NA,NA,NA,NA,2
your friends,1.631,end NP,NA,NA,NA,NA,NA,NA,NA,NA,NA,NA,NA,NA,2
BACKSPACE22,1.455,mid NP,NA,NA,NA,NA,NA,NA,NA,NA,NA,NA,NA,NA,2
y nice to a waBACKSPACE4the,3.343,mid NP,NA,NA,NA,NA,NA,NA,NA,NA,NA,NA,NA,NA,2
BACKSPACE21How do they treat a wait,1.424,mid word,7,12,NA,NA,1,NA,1,NA,NA,NA,NA,NA,2
er,1.055,end word,NA,NA,NA,NA,NA,NA,NA,NA,NA,NA,NA,NA,2
at a restaurant? Are they awk,1.152,mid word,21,3,NA,1,1,NA,1,NA,NA,NA,NA,NA,2
ward at a social gathering,1.199,end sentence,NA,NA,NA,1,NA,NA,NA,NA,NA,NA,NA,NA,2
? ENTER2 BACKSPACE2,1.12,end sentence,NA,NA,NA,NA,NA,NA,NA,NA,NA,NA,NA,NA,2
Wh<BACKSPACE2>thes<BACKSPACE4>,1.538,NA,NA,NA,NA,NA,NA,NA,NA,NA,NA,NA,NA,NA,2
THES<BACKSPACE3>hese are facotr<BACKSPACE6>my,3.614,mid NP,0,6,1,NA,1,NA,1,NA,NA,NA,NA,NA,2
ideas of what goes to<BACKSPACE2>o<BACKSPACE1>into,2.959,mid PP,NA,NA,NA,NA,1,NA,NA,NA,NA,NA,NA,NA,2
ini<BACKSPACE3>the initial dating process. You are getting to know someone,1.023,end sentence,23,23,NA,1,NA,NA,1,NA,NA,NA,NA,NA,2
beyonf<BACKSPACE1>d how well they converse online. I feel consid<BACKSPACE13>,4.64,end sentence,NA,NA,NA,NA,NA,NA,NA,NA,NA,NA,NA,NA,2
I <BACKSPACE2>And <BACKSPACE4>,1.023,end NP,NA,NA,NA,NA,NA,NA,NA,NA,NA,NA,NA,NA,2
I wouldn't suggest online dating isn't possible to start a relations,1.008,mid word,0,35,1,1,1,1,1,1,NA,NA,NA,NA,2
hipo<BACKSPACE1>. I just don't eb<BACKSPACE2>believe it is<BACKSPACE1>deal to long term vial<BACKSPACE1>bility,1.661,end sentence,23,0,1,1,NA,NA,1,1,NA,NA,NA,NA,2
<BACKSPACE1>,1.569,end sentence,NA,NA,NA,NA,NA,NA,NA,NA,NA,NA,NA,NA,2
<SPACE>,1.136,end sentence,NA,NA,NA,NA,NA,NA,NA,NA,NA,NA,NA,NA,2
compared to,1.007,end VP,NA,NA,NA,NA,1,NA,NA,NA,NA,NA,NA,NA,2
meeting aBACKSPACE1in real life.,2.062,end sentence,NA,NA,NA,NA,NA,NA,NA,NA,NA,NA,NA,NA,2
ENTER1,7.775,end sentence,NA,NA,NA,NA,NA,NA,NA,NA,NA,NA,NA,NA,2
WeBACKSPACE2,13.079,end sentence,NA,NA,NA,NA,NA,NA,NA,NA,NA,NA,NA,NA,2
MOUSECLICK,1.064,end sentence,NA,NA,NA,NA,NA,NA,NA,NA,NA,NA,NA,NA,2
LEFT6The RIGHT1BACKSPACE1fRIGHT4 thBACKSPACE12First thing,4.654,end NP,NA,NA,NA,NA,NA,NA,NA,NA,NA,NA,NA,NA,2
LEFT7RIGHT8LEFT1BACKSPACE6,1.424,end NP,NA,NA,NA,NA,NA,NA,NA,NA,NA,NA,NA,NA,2
DOWN20,6.956,end sentence,NA,NA,NA,NA,NA,NA,NA,NA,NA,NA,NA,NA,2
So <BACKSPACE3>I thi<BACKSPACE3>beliec<BACKSPACE1>ve people have criteria in their dating that,3.84,end clause,NA,NA,NA,NA,NA,NA,NA,NA,NA,NA,NA,NA,2
only ma,1.263,mid word,NA,NA,NA,NA,NA,NA,NA,NA,NA,NA,NA,NA,2
BACKSPACE59,1.712,end sentence,NA,NA,NA,NA,NA,NA,NA,NA,NA,NA,NA,NA,2
The conversation may be going great online but,4.672,end clause,0,18,1,NA,NA,1,1,NA,NA,NA,NA,NA,2
then you meet in person,1.344,end sentence,NA,NA,NA,NA,1,1,NA,NA,NA,NA,NA,NA,2
and,2.497,end word,NA,NA,NA,NA,NA,NA,NA,NA,NA,NA,NA,NA,2
the,1.279,mid NP,NA,NA,NA,NA,NA,NA,NA,NA,NA,NA,NA,NA,2
"BACKSPACE15real life, and all of a sudden the person acts differently. I belieBACKSPACE7",1.472,end sentence,12,16,NA,NA,1,2,1,NA,1,NA,NA,NA,2
P,1.311,mid word,NA,NA,NA,NA,NA,NA,NA,NA,NA,NA,NA,NA,2
I think people tend to be more comfortable online,1.151,end sentence,0,29,1,1,1,1,1,1,NA,NA,NA,NA,2
in the saBACKSPACE1saBACKSPACE2afety of their,1.935,mid PP,NA,NA,NA,NA,1,NA,NA,NA,NA,NA,NA,NA,2
own soaceBACKSPACE4pace. But when you,1.184,end NP,16,0,1,NA,NA,NA,1,NA,NA,NA,NA,NA,2
dd BACKSPACE4,1.408,end NP,NA,NA,NA,NA,NA,NA,NA,NA,NA,NA,NA,NA,2
add someone BACKSPACE1,1.057,end NP,NA,NA,NA,NA,NA,NA,NA,NA,NA,NA,NA,NA,2
BACKSPACE24,1.6,end sentence,NA,NA,NA,NA,NA,NA,NA,NA,NA,NA,NA,NA,2
I BACKSPACE2,6.286,end sentence,NA,NA,NA,NA,NA,NA,NA,NA,NA,NA,NA,NA,2
ENTER1,7.04,end sentence,NA,NA,NA,NA,NA,NA,NA,NA,NA,NA,NA,NA,2
For,2.351,mid PP,NA,NA,NA,NA,NA,NA,NA,NA,NA,NA,NA,NA,2
BACKSPACE4,11.872,end sentence,NA,NA,NA,NA,NA,NA,NA,NA,NA,NA,NA,NA,2
We all,1.855,end NP,0,0,1,NA,NA,NA,1,NA,NA,NA,NA,NA,2
have our own criteria for what we look for in a partner,1.359,end sentence,NA,NA,NA,NA,1,1,NA,NA,NA,NA,NA,NA,2
. Ven iBACKSPACE5Even if you are not looking sBACKSPACE1for something long term,1.343,end clause,0,38,1,1,1,NA,1,1,NA,NA,NA,NA,2
",",2.815,end clause,NA,NA,NA,NA,NA,NA,NA,NA,NA,NA,NA,NA,2
I don't believe its worth the time to coverBACKSPACE101ner,2.525,end clause,NA,NA,NA,NA,NA,NA,NA,NA,NA,NA,NA,NA,2
"BACKSPACE1, short or long term, that I don't feel",4.703,end VP,25,0,1,NA,1,NA,NA,1,NA,NA,NA,NA,2
only dating online initially,2.51,end NP,0,9,1,NA,1,NA,1,NA,NA,NA,NA,NA,2
will,2.111,mid VP,NA,NA,NA,NA,NA,NA,NA,NA,NA,NA,NA,NA,2
BACKSPACE34,1.422,end VP,NA,NA,NA,NA,NA,NA,NA,NA,NA,NA,NA,NA,2
online dating,1.647,end NP,NA,NA,NA,NA,NA,NA,NA,NA,NA,NA,NA,NA,2
BACKSPACE32and I don't think havinbBACKSPACE2ng your first few dates would give an accurate representation,1.424,end sentence,4,37,NA,2,1,NA,1,1,NA,NA,NA,NA,2
if <BACKSPACE3>,1.376,end sentence,NA,NA,NA,NA,NA,NA,NA,NA,NA,NA,NA,NA,2
on if that m<BACKSPACE1>person meets the criteria. Not without wasting your time until you do meet in f<BACKSPACE1>real life. And that to me presents in<BACKSPACE2>t<BACKSPACE1>its own problems.,1.328,end sentence,37,26,NA,3,1,3,1,NA,NA,2,NA,NA,2
You may get attached to someone,1.086,end sentence,0,23,1,NA,1,NA,1,NA,NA,NA,NA,NA,2
only to find out they are not what you thought. And I,1.151,end NP,41,0,1,NA,NA,2,1,NA,NA,NA,NA,NA,2
<BACKSPACE6>I UNDERSTAN<BACKSPACE9>understand that can happen at any point ina <BACKSPACE2> a relationship or,2.241,end NP,NA,NA,NA,NA,1,1,NA,NA,NA,NA,NA,NA,2
<BACKSPACE18>,1.824,end sentence,NA,NA,NA,NA,NA,NA,NA,NA,NA,NA,NA,NA,2
"the dating process, but hy<BACKSPACE3>wh<BACKSPACE2> why wait to find that out?",21.966,end sentence,NA,NA,NA,NA,2,1,NA,NA,NA,NA,NA,NA,2
<ENTER1>,1.776,end sentence,NA,NA,NA,NA,NA,NA,NA,NA,NA,NA,NA,NA,2
I,1.567,end NP,NA,NA,NA,NA,NA,NA,NA,NA,NA,NA,NA,NA,2
feel<BACKSPACE6>Dating in real life,2.303,end NP,0,0,1,NA,NA,NA,1,NA,NA,NA,NA,NA,2
<BACKSPACE20>HAVING T<BACKSPACE7>aving the first few dates in real life will always,1.375,end NP,0,10,1,NA,1,NA,NA,NA,NA,NA,NA,NA,2
be a better choice to me than online <BACKSPACE1>,1.152,end sentence,NA,NA,NA,NA,1,1,NA,NA,NA,NA,NA,NA,2
for the siom<BACKSPACE2>mple t<BACKSPACE1>fact that you get a better idea of the person in their entire,2.351,mid PP,NA,NA,NA,NA,2,2,NA,NA,NA,NA,NA,NA,2
ty than,1.119,mid PP,NA,NA,NA,NA,NA,NA,NA,NA,NA,NA,NA,NA,2
strictly only<BACKSPACE1>o<BACKSPACE1>ine.,19.28,end sentence,NA,NA,NA,NA,NA,NA,NA,NA,NA,NA,NA,NA,2
I believe you are,1.39,end VP,0,3,1,1,NA,NA,1,1,NA,NA,NA,NA,2
<BACKSPACE4>can still have,1.103,end VP,NA,NA,NA,NA,NA,NA,NA,NA,NA,NA,NA,NA,2
the,11.486,mid NP,NA,NA,NA,NA,1,NA,NA,NA,NA,NA,NA,NA,2
<BACKSPACE1> same connection,1.247,end NP ,NA,NA,NA,NA,NA,NA,NA,NA,NA,NA,NA,NA,2
<BACKSPACE33>n stil,1.183,mid word,NA,NA,NA,NA,NA,NA,NA,NA,NA,NA,NA,NA,2
l <BACKSPACE24>,16.815,end sentence,NA,NA,NA,NA,NA,NA,NA,NA,NA,NA,NA,NA,2
<LEFT2> initially<RIGHT1>,1.024,end sentence,NA,NA,NA,NA,NA,NA,NA,NA,NA,NA,NA,NA,2
I,2.943,end NP,NA,NA,NA,NA,NA,NA,NA,NA,NA,NA,NA,NA,2
<BACKSPACE1> would not e<BACKSPACE1>want to waste to<BACKSPACE1>he time getting to know someone int<BACKSPACE3>,1.168,end sentence,NA,NA,NA,NA,1,NA,NA,NA,NA,NA,NA,NA,2
only to <BACKSPACE8>and bond only to find out their are,1.167,end VP ,NA,NA,NA,NA,1,1,NA,NA,NA,NA,NA,NA,2
ot,1.295,mid word,NA,NA,NA,NA,NA,NA,NA,NA,NA,NA,NA,NA,2
<LEFT11><RIGHT4><BACKSPACE2>her<BACKSPACE5>here<RIGHT7>her factors,1.135,end NP,NA,NA,NA,NA,NA,NA,NA,NA,NA,NA,NA,NA,2
i<BACKSPACE1>I couldnt,1.071,mid VP,0,7,1,NA,NA,NA,1,NA,NA,NA,NA,NA,2
<BACKSPACE2>'t tell from online that,1.407,end clause,NA,NA,NA,NA,NA,1,NA,NA,NA,NA,NA,NA,2
:<BACKSPACE1>,5.631,end clause,NA,NA,NA,NA,NA,NA,NA,NA,NA,NA,NA,NA,2
disqualifies them,1.135,end sentence,NA,NA,NA,NA,1,NA,NA,NA,NA,NA,NA,NA,2
<BACKSPACE1>.,12.847,end sentence,NA,NA,NA,NA,NA,NA,NA,NA,NA,NA,NA,NA,2
<LEFT1><BACKSPACE1> when I meet them in person.,5.744,end sentence,NA,NA,NA,NA,1,1,NA,NA,NA,NA,NA,NA,2
Dating is a challenge for eveyone./ <BACKSPACE2> You need to meet a<BACKSPACE1>soe<BACKSPACE1>meone,1.838,end sentence,0,20,1,1,1,2,1,NA,NA,NA,NA,NA,3
new,1.423,end sentence,NA,NA,NA,NA,1,NA,NA,NA,NA,NA,NA,NA,3
with a view to,8.753,mid PP,NA,NA,NA,NA,NA,NA,NA,NA,NA,NA,NA,NA,3
having a ram<BACKSPACE2>omanti <BACKSPACE1> <BACKSPACE1>c relationship with them<BACKSPACE1>m. This,1.904,end NP,42,0,1,NA,NA,2,1,NA,NA,NA,NA,NA,3
is a,1.198,mid NP,NA,NA,NA,NA,NA,NA,NA,NA,NA,NA,NA,NA,3
<BACKSPACE5>is probably one of the most,1.407,mid NP,NA,NA,NA,NA,1,NA,NA,NA,NA,NA,NA,NA,3
difficult,1.279,mid NP,NA,NA,NA,NA,NA,NA,NA,NA,NA,NA,NA,NA,3
aspects of t<BACKSPACE1>lie<BACKSPACE1>fe,1.407,end sentence,NA,NA,NA,NA,NA,NA,NA,NA,NA,NA,NA,NA,3
; trying to impress someone els<BACKSPACE2>nough,1.166,end clause,NA,NA,1,NA,NA,NA,NA,NA,NA,NA,NA,NA,3
that they might,2.253,mid VP,NA,NA,NA,NA,NA,NA,NA,NA,NA,NA,NA,NA,3
be interested in you to,1.679,mid VP,NA,NA,NA,NA,NA,1,NA,NA,NA,NA,NA,NA,3
such a g<BACKSPACE1>degree.,14.431,end sentence,NA,NA,NA,NA,1,NA,NA,NA,NA,NA,NA,NA,3
We all e<BACKSPACE1>get nervous,5.343,end sentence,0,11,1,NA,1,NA,1,NA,NA,NA,NA,NA,3
"<BACKSPACE1>, and those nerves change",2.334,end sentence,5,6,NA,1,NA,NA,1,NA,NA,NA,NA,NA,3
out<BACKSPACE1>r behaviour. It ca <BACKSPACE1>n often feel,1.423,mid VP,17,0,1,NA,1,NA,NA,1,NA,NA,NA,NA,3
", when meeting new people, that",10.191,end clause,NA,NA,NA,1,NA,NA,NA,NA,NA,NA,NA,NA,3
we are,1.183,end VP ,0,3,1,NA,NA,NA,1,NA,NA,NA,NA,NA,3
<BACKSPACE4>,1.152,end NP,NA,NA,NA,NA,NA,NA,NA,NA,NA,NA,NA,NA,3
cannot be relaxed no<BACKSPACE2>enough to be oure<BACKSPACE1>selvves<BACKSPACE3>es,1.662,end sentence,NA,NA,NA,NA,1,1,NA,NA,NA,NA,NA,NA,3
.,3.552,end sentence,NA,NA,NA,NA,NA,NA,NA,NA,NA,NA,NA,NA,3
We a<BACKSPACE1>want to show our v<BACKSPACE1>best side,4.703,end sentence,0,26,1,NA,1,NA,1,NA,NA,NA,NA,NA,3
and so people use all sorts of,1.375,mid NP,7,16,NA,1,1,NA,1,NA,NA,NA,NA,NA,3
techniwu<BACKSPACE2>ques to,19.008,mid VP,NA,NA,NA,NA,NA,NA,NA,NA,NA,NA,NA,NA,3
make oursee<BACKSPACE1>lf<BACKSPACE1>ves feel cm<BACKSPACE2>more com<BACKSPACE1>mfr<BACKSPACE1>ortble. <BACKSPACE5>able. O,1.087,mid word,30,0,1,NA,NA,2,1,NA,NA,NA,NA,NA,3
ne,1.167,end NP ,0,0,NA,NA,NA,NA,NA,NA,NA,NA,NA,NA,3
", for example <BACKSPACE1>, has traditionally n<BACKSPACE1>been alcohol",1.072,end sentence,0,32,NA,NA,1,NA,NA,NA,NA,NA,NA,1,3
but htis<BACKSPACE4>thi <BACKSPACE1>s,1.983,end NP,4,0,1,NA,NA,NA,1,NA,NA,NA,NA,NA,3
ceretainb<BACKSPACE1>ly inst <BACKSPACE5>in<BACKSPACE1>sn't always the best idea!,13.839,end sentence,0,27,NA,NA,1,NA,NA,1,NA,NA,NA,NA,3
It can take,1.407,end VP ,NA,NA,NA,NA,NA,NA,NA,NA,NA,NA,NA,NA,3
<BACKSPACE12><ENTER1>It,1.328,end NP,NA,NA,NA,NA,NA,NA,NA,NA,NA,NA,NA,NA,3
"can tak <BACKSPACE1>e time, effort and a<BACKSPACE2>, above all, experiec<BACKSPACE1>nce<BACKSPACE1> <BACKSPACE1>e to feel confident wen<BACKSPACE2>hen talking to a<BACKSPACE2>a new peo<BACKSPACE2>r<BACKSPACE1>r<BACKSPACE1>eron<BACKSPACE2>son, o<BACKSPACE1>romatic or others<BACKSPACE1>wise",11.2,end sentence,0,68,NA,1,1,3,NA,NA,NA,NA,1,NA,3
". The internet, being a relatively ew<BACKSPACE2>ew<BACKSPACE2>new invensio<BACKSPACE2>t<BACKSPACE2>tion <BACKSPACE1>, hs <BACKSPACE2>as",1.038,end VP ,0,35,1,NA,NA,1,1,NA,NA,NA,NA,NA,3
<BACKSPACE4>is a,1.182,mid NP,NA,NA,NA,NA,NA,NA,NA,NA,NA,NA,NA,NA,3
very new actor in the firle <BACKSPACE4>eld of hun<BACKSPACE1>an <BACKSPACE3>man relations and,1.359,end NP ,NA,NA,NA,NA,1,NA,NA,NA,NA,NA,NA,NA,3
therefr<BACKSPACE1>re<BACKSPACE2>ore,2.222,end NP,0,0,NA,NA,NA,NA,NA,NA,NA,NA,NA,1,3
ought to be used with caution. Of course te<BACKSPACE1>here a re <BACKSPACE4>re,2,end VP ,30,9,1,NA,NA,NA,NA,1,NA,NA,NA,NA,3
great <BACKSPACE5>s<BACKSPACE2>some great bee<BACKSPACE1>e<BACKSPACE1>nefits to be has<BACKSPACE1>d,2.415,end NP,0,9,1,NA,NA,NA,NA,NA,NA,NA,1,NA,3
from communia<BACKSPACE1>cat<BACKSPACE1>tion <BACKSPACE3>ng online,1.408,end sentence,NA,NA,NA,NA,1,NA,NA,NA,NA,NA,NA,NA,3
. It,2.416,end NP,NA,NA,1,NA,NA,NA,NA,NA,NA,NA,NA,NA,3
gives <BACKSPACE1> <BACKSPACE1>a,3.614,mid NP,0,1,NA,NA,NA,NA,NA,NA,NA,NA,1,NA,3
<BACKSPACE2>access to a,1.104,mid NP,NA,NA,NA,NA,1,NA,NA,NA,NA,NA,NA,NA,3
huge field f<BACKSPACE1>of potento<BACKSPACE1>ial new,2.271,mid NP,NA,NA,NA,NA,1,NA,NA,NA,NA,NA,NA,NA,3
people,4.271,end sentence,NA,NA,NA,NA,1,NA,NA,NA,NA,NA,NA,NA,3
to meet,5.119,end sentence,NA,NA,NA,NA,NA,NA,NA,NA,NA,NA,NA,NA,3
", the<BACKSPACE1>at would never r<BACKSPACE1>[re<BACKSPACE3>previously have been possible. It is also",4.959,end NP,48,0,1,NA,NA,2,NA,1,NA,NA,NA,NA,3
"considerably easier to mae<BACKSPACE1>ke the first move online,",1.935,end clause,0,31,1,NA,1,1,NA,NA,NA,NA,NA,NA,3
simply by l<BACKSPACE1>clicking a button,1.985,end sentence,NA,NA,NA,NA,1,NA,NA,NA,NA,NA,NA,NA,3
or,2.095,end sentence,NA,NA,NA,NA,NA,NA,NA,NA,NA,NA,NA,NA,3
<BACKSPACE3>,1.665,end sentence,NA,NA,NA,NA,NA,NA,NA,NA,NA,NA,NA,NA,3
or sending a short message.,19.823,end sentence,NA,NA,NA,NA,1,NA,NA,NA,NA,NA,NA,NA,3
it is <BACKSPACE6>,6.031,end sentence,NA,NA,NA,NA,NA,NA,NA,NA,NA,NA,NA,NA,3
Many young people today do the vast majority of thri<BACKSPACE2>er<BACKSPACE1>ir communication onln<BACKSPACE1>ine,1.007,end sentence,0,56,1,NA,1,2,1,NA,NA,NA,NA,NA,3
and this means that they<BACKSPACE25>,1.327,end sentence,NA,NA,NA,NA,NA,NA,NA,NA,NA,NA,NA,NA,3
and to <BACKSPACE3>so it is not surprising that thisis <BACKSPACE4>s is becoming he<BACKSPACE3> the de facto way of commun<BACKSPACE6>,2.255,mid NP,13,41,NA,1,NA,1,NA,1,NA,NA,NA,NA,3
creating new,1.167,mid NP,NA,NA,NA,NA,1,NA,NA,NA,NA,NA,NA,NA,3
relationships.,9.871,end sentence,NA,NA,NA,NA,NA,NA,NA,NA,NA,NA,NA,NA,3
We also,4.062,end NP,0,0,1,NA,NA,NA,1,NA,NA,NA,NA,1,3
shoud,1.135,mid VP,NA,NA,NA,NA,NA,NA,NA,NA,NA,NA,NA,NA,3
<BACKSPACE2>ld,1.199,mid VP,NA,NA,NA,NA,NA,NA,NA,NA,NA,NA,NA,NA,3
"<BACKSPACE1>, though, be mind",2.367,mid word,NA,NA,NA,NA,1,NA,NA,NA,NA,NA,NA,NA,3
ful of the,1.135,mid NP,NA,NA,NA,NA,NA,NA,NA,NA,NA,NA,NA,NA,3
consequences and,11.119,end sentence,NA,NA,NA,NA,1,NA,NA,NA,NA,NA,NA,NA,3
<BACKSPACE5>.<ENTER1>The degree t <BACKSPACE1>o which young people commin<BACKSPACE2>unicate ol<BACKSPACE1>nline,20.799,end clause,0,0,1,NA,1,NA,NA,NA,NA,1,NA,NA,3
<MOUSECLICK>,2.384,mid NP,NA,NA,NA,NA,NA,NA,NA,NA,NA,NA,NA,NA,3
<BACKSPACE3>; w,2.614,mid NP,NA,NA,NA,NA,NA,NA,NA,NA,NA,NA,NA,NA,3
<MOUSECLICK>,3.384,end sentence,NA,NA,NA,NA,NA,NA,NA,NA,NA,NA,NA,NA,3
<MOUSECLICK>,1.873,end NP,NA,NA,NA,NA,NA,NA,NA,NA,NA,NA,NA,NA,3
has lead to a a<BACKSPACE1>change in habits,4.591,end sentence,NA,NA,NA,NA,1,1,NA,NA,NA,NA,NA,NA,3
and many h<BACKSPACE1>young <BACKSPACE1> e<BACKSPACE1>people today,1.039,end NP,4,5,NA,1,1,NA,1,NA,NA,NA,NA,NA,3
report b<BACKSPACE1>finding face,1.087,mid NP,NA,NA,NA,NA,1,NA,NA,NA,NA,NA,NA,NA,3
-tp<BACKSPACE1>o-,1.184,mid NP,NA,NA,NA,NA,NA,NA,NA,NA,NA,NA,NA,NA,3
face communication more fi<BACKSPACE2>difficuly<BACKSPACE1>t than ever and even go as a<BACKSPACE1>fas<BACKSPACE1>t a<BACKSPACE3>r as to actively avoid it.,8.608,end sentence,NA,NA,NA,NA,1,1,NA,NA,NA,NA,NA,NA,3
Communia<BACKSPACE1>cating with another human being is a ask<BACKSPACE2>k<BACKSPACE2>skill w<BACKSPACE1>which we all need to have,1.792,end sentence,0,36,1,NA,NA,3,1,NA,NA,NA,NA,NA,3
and so we,5.838,end NP,7,0,1,NA,NA,NA,1,NA,NA,NA,NA,NA,3
cannot dismiss this,2.175,end sentence,NA,NA,NA,NA,1,NA,NA,NA,NA,NA,NA,NA,3
<BACKSPACE5>,5.216,end VP ,NA,NA,NA,NA,NA,NA,NA,NA,NA,NA,NA,NA,3
this out of hand.,1.038,end sentence,NA,NA,NA,NA,1,NA,NA,NA,NA,NA,NA,NA,3
"<ENTER1>Whan i<BACKSPACE4>em <BACKSPACE2>n it comes to the field of dating, ter<BACKSPACE3>he<BACKSPACE2>therefore",1.151,end clause,0,0,NA,1,NA,NA,NA,NA,NA,1,NA,1,3
", there are clear v<BACKSPACE1>benefits o<BACKSPACE1>to",1.392,mid NP,NA,NA,NA,NA,NA,NA,NA,NA,NA,NA,NA,NA,3
dating online<LEFT7> initally <BACKSPACE1><UP1><RIGHT2>,1.663,end sentence,NA,NA,NA,NA,1,1,NA,NA,NA,NA,NA,NA,3
<MOUSECLICK>.,7.087,end sentence,NA,NA,NA,NA,NA,NA,NA,NA,NA,NA,NA,NA,3
One feels mo<BACKSPACE1>uch mroe <BACKSPACE4>ore confida<BACKSPACE1>ent,5.423,end sentence,0,25,1,NA,1,NA,1,NA,NA,NA,NA,NA,3
", one has the time to consider responces <BACKSPACE4>ses",1.567,end clause,2,34,1,NA,1,NA,1,NA,NA,NA,NA,NA,3
an <BACKSPACE1>d to carefully formulate e<BACKSPACE1>messages,5.072,end sentence,NA,NA,NA,NA,1,NA,NA,NA,NA,NA,NA,NA,3
.,2.271,end sentence,NA,NA,NA,NA,NA,NA,NA,NA,NA,NA,NA,NA,3
<SPACE>,3.775,end sentence,NA,NA,NA,NA,NA,NA,NA,NA,NA,NA,NA,NA,3
"This s<BACKSPACE1>is, hoe<BACKSPACE1>wever, a false",2.207,mid NP,0,21,1,NA,1,NA,1,NA,NA,NA,NA,NA,3
protection.,1.487,end NP,NA,NA,NA,NA,NA,NA,NA,NA,NA,NA,NA,NA,3
Comun<BACKSPACE2>munication should e<BACKSPACE1>be spontanious and random,3.231,end sentence,0,32,1,NA,1,NA,1,NA,NA,NA,NA,NA,3
", we should be able to",1.44,mid VP,2,17,1,NA,NA,NA,NA,NA,NA,NA,NA,NA,3
meet and talk to nw<BACKSPACE1>ew peopl <BACKSPACE1>e,3.935,end sentence,NA,NA,NA,NA,1,NA,NA,NA,NA,NA,NA,NA,3
"without fear of tripping up, and overuse of the internet serves to",2.223,mid VP,NA,NA,NA,1,NA,1,NA,NA,NA,NA,NA,NA,3
separate us further from this.,1.007,end sentence,NA,NA,NA,NA,1,1,NA,NA,NA,NA,NA,NA,3
I sa,1.166,mid word,NA,NA,NA,NA,NA,NA,NA,NA,NA,NA,NA,NA,3
"y, ther<BACKSPACE6>",7.359,mid word,NA,NA,NA,NA,NA,NA,NA,NA,NA,NA,NA,NA,3
<BACKSPACE5>,1.424,end sentence,NA,NA,NA,NA,NA,NA,NA,NA,NA,NA,NA,NA,3
"Wirh<BACKSPACE2>th i<BACKSPACE1>this in mind, I say that",3.696,end clause,0,0,NA,1,NA,NA,NA,1,1,NA,NA,NA,3
online dating is not as<BACKSPACE1>n iss,1.39,mid word,0,13,1,NA,1,NA,1,NA,NA,NA,NA,NA,3
ue,3.215,end sentence,NA,NA,NA,NA,NA,NA,NA,NA,NA,NA,NA,NA,3
initially,2.688,end sentence,NA,NA,NA,NA,1,NA,NA,NA,NA,NA,NA,NA,3
. One can and should meet new,1.008,mid NP,2,23,1,NA,1,NA,1,NA,NA,NA,NA,NA,3
people,1.648,end NP,NA,NA,NA,NA,NA,NA,NA,NA,NA,NA,NA,NA,3
to date online,1.695,end sentence,NA,NA,NA,NA,1,NA,NA,NA,NA,NA,NA,NA,3
and,8.495,end NP,NA,NA,NA,NA,NA,NA,NA,NA,NA,NA,NA,NA,3
"<BACKSPACE5>, nb<BACKSPACE2>u<BACKSPACE1>but communication w<BACKSPACE1>should",4.351,mid VP,3,6,NA,1,NA,NA,1,NA,NA,NA,NA,NA,3
ideally be limited to,1.136,mid NP,NA,NA,NA,NA,1,NA,NA,NA,NA,NA,NA,NA,3
introductions and a,1.711,mid NP,NA,NA,NA,NA,1,NA,NA,NA,NA,NA,NA,NA,3
beif<BACKSPACE3>rief descripti,1.086,mid word,NA,NA,NA,NA,NA,NA,NA,NA,NA,NA,NA,NA,3
on of,7.775,mid NP,NA,NA,NA,NA,NA,NA,NA,NA,NA,NA,NA,NA,3
"who each other are. Y<BACKSPACE1>t<BACKSPACE1>To truly meet someone, you needt<BACKSPACE1> to go on a date with them and to go on a date with them",1.712,end clause,20,77,NA,2,1,4,NA,NA,NA,1,NA,NA,3
truly means to meet them in person,1.471,end sentence,NA,NA,NA,NA,1,1,NA,NA,NA,NA,NA,NA,3
", in reality.",2.223,end sentence,NA,NA,NA,NA,1,NA,NA,NA,NA,NA,NA,NA,3
I o<BACKSPACE1>would there<BACKSPACE5>,13.103,mid VP,0,0,NA,NA,NA,NA,NA,NA,NA,NA,NA,1,3
<BACKSPACE7>a<BACKSPACE1> are<BACKSPACE1>gue then that it is,1.152,end VP ,0,5,NA,NA,NA,NA,NA,1,NA,NA,NA,NA,3
not al<BACKSPACE1>t all,5.742,mid NP,NA,NA,1,NA,NA,NA,NA,NA,NA,NA,NA,NA,3
wise nor vital tht<BACKSPACE1>at,1.87,end clause,NA,NA,1,NA,NA,NA,NA,NA,NA,NA,NA,NA,3
dating should be kept soley <BACKSPACE3>,1.375,end VP ,NA,NA,NA,NA,NA,NA,NA,NA,NA,NA,NA,NA,3
<BACKSPACE11>,4.207,mid VP,NA,NA,NA,NA,NA,NA,NA,NA,NA,NA,NA,NA,3
<BACKSPACE8> someone new should,3.374,mid word,NA,NA,1,NA,NA,NA,NA,NA,NA,NA,NA,NA,3
be kept online for longer than is strictly nex<BACKSPACE1>cessary.,10.943,end sentence,NA,NA,NA,NA,1,2,NA,NA,NA,NA,NA,NA,3
<MOUSECLICK>,6.6,end sentence,NA,NA,NA,NA,NA,NA,NA,NA,NA,NA,NA,NA,3
<MOUSECLICK><HIGHLIGHT 898:891><MOUSECLICK><REPLACED>some forethought,10.255,end sentence,NA,NA,NA,NA,NA,NA,NA,NA,NA,NA,NA,NA,3
<MOUSECLICK><HIGHLIGHT 1067:1062><MOUSECLICK>,1.032,mid VP,NA,NA,NA,NA,NA,NA,NA,NA,NA,NA,NA,NA,3
<MOUSECLICK><HIGHLIGHT 1061:1056><MOUSECLICK><BACKSPACE2>,1.477,end NP,NA,NA,NA,NA,NA,NA,NA,NA,NA,NA,NA,NA,3
<MOUSECLICK> would,5.254,mid VP,NA,NA,NA,NA,NA,NA,NA,NA,NA,NA,NA,NA,3
<MOUSECLICK>,1.751,end sentence,NA,NA,NA,NA,NA,NA,NA,NA,NA,NA,NA,NA,3
<ENTER1>,1.487,end sentence,NA,NA,NA,NA,NA,NA,NA,NA,NA,NA,NA,NA,3
<MOUSECLICK> Many,1.296,end NP,0,0,1,NA,NA,NA,1,NA,NA,NA,NA,NA,3
that feel <BACKSPACE5>could potentially feel,1.695,mid NP,NA,NA,NA,NA,NA,NA,NA,NA,NA,NA,NA,NA,3
unsafe meeting people,1.103,end NP,NA,NA,NA,NA,1,NA,NA,NA,NA,NA,NA,NA,3
in a public a<BACKSPACE1>or provate a<BACKSPACE7>ivate arena in real life can,1.151,mid VP,NA,NA,NA,NA,1,1,NA,NA,NA,NA,NA,NA,3
find,2.127,end VP ,NA,NA,NA,NA,NA,NA,NA,NA,NA,NA,NA,NA,3
online communication to be much mroe <BACKSPACE4>ore secure.,7.614,end sentence,NA,NA,NA,NA,2,NA,NA,NA,NA,NA,NA,NA,3
<MOUSECLICK><BACKSPACE1>,1.119,end sentence,NA,NA,NA,NA,NA,NA,NA,NA,NA,NA,NA,NA,3
<SPACE>,5.222,end sentence,NA,NA,NA,NA,NA,NA,NA,NA,NA,NA,NA,NA,3
<HIGHLIGHT 1702:1690><REPLACED>of them,3.99,mid NP,NA,NA,NA,NA,NA,NA,NA,NA,NA,NA,NA,NA,3
<MOUSECLICK><LEFT1>,3.934,end sentence,NA,NA,NA,NA,NA,NA,NA,NA,NA,NA,NA,NA,3
<MOUSECLICK>,12.488,end sentence,NA,NA,NA,NA,NA,NA,NA,NA,NA,NA,NA,NA,3
<MOUSECLICK>,1.232,end sentence,NA,NA,NA,NA,NA,NA,NA,NA,NA,NA,NA,NA,3
<MOUSECLICK>,1.705,end sentence,NA,NA,NA,NA,NA,NA,NA,NA,NA,NA,NA,NA,3
<SPACE>,26.902,end sentence,NA,NA,NA,NA,NA,NA,NA,NA,NA,NA,NA,NA,3
<MOUSECLICK><MOUSECLICK>,1.033,end sentence,NA,NA,NA,NA,NA,NA,NA,NA,NA,NA,NA,NA,3
<RIGHT1>,1.615,mid PP,NA,NA,NA,NA,NA,NA,NA,NA,NA,NA,NA,NA,3
Our <ENTER1>,1.143,mid NP,0,0,1,NA,NA,NA,1,NA,NA,NA,NA,NA,3
"<MOUSECLICK>true sle<BACKSPACE2>elve <BACKSPACE1>s come out not online, but in person.",9.39,end sentence,0,35,NA,NA,1,1,NA,NA,NA,NA,NA,NA,3
<MOUSECLICK> It s<BACKSPACE1>is a great tool for,1.216,mid PP,5,3,NA,1,NA,NA,NA,NA,NA,NA,1,NA,3
"breaking he<BACKSPACE1>th<BACKSPACE3>the ice, fr<BACKSPACE1>or",1.903,mid PP,NA,NA,NA,NA,NA,1,NA,NA,NA,NA,NA,NA,3
introducing,2.017,end VP,NA,NA,NA,NA,NA,NA,NA,NA,NA,NA,NA,NA,3
o,1.023,mid word,NA,NA,NA,NA,1,NA,NA,NA,NA,NA,NA,NA,3
nesself,4.24,end NP,NA,NA,NA,NA,NA,NA,NA,NA,NA,NA,NA,NA,3
and for giving a degree of security and assut<BACKSPACE1>re<BACKSPACE1>amce<BACKSPACE3>nce.,12.814,end sentence,NA,NA,NA,NA,1,1,NA,NA,NA,NA,NA,NA,3
<MOUSECLICK>,2.536,end sentence,NA,NA,NA,NA,NA,NA,NA,NA,NA,NA,NA,NA,3
"<MOUSECLICK><LEFT1>, no mar<BACKSPACE1>tter how",9.286,mid NP,NA,NA,NA,NA,NA,NA,NA,NA,NA,NA,NA,NA,3
<HIGHLIGHT 2956:2963><BACKSPACE1>,5.974,end VP,NA,NA,NA,NA,NA,NA,NA,NA,NA,NA,NA,NA,3
<MOUSECLICK><HIGHLIGHT 3002:2996><MOUSECLICK>,1.081,end VP,NA,NA,NA,NA,NA,NA,NA,NA,NA,NA,NA,NA,3
<REPLACED>is<DELETE8>,1.071,end VP,NA,NA,NA,NA,NA,NA,NA,NA,NA,NA,NA,NA,3
<MOUSECLICK>,6.785,end sentence,NA,NA,NA,NA,NA,NA,NA,NA,NA,NA,NA,NA,3
nervewracking that prospect can be,1.678,end VP ,NA,NA,NA,NA,1,1,NA,NA,NA,NA,NA,NA,3
<MOUSECLICK>,1.824,mid VP,NA,NA,NA,NA,NA,NA,NA,NA,NA,NA,NA,NA,3
<MOUSECLICK><HIGHLIGHT 2990:2987><MOUSECLICK><REPLACED>neither,1.557,mid NP,NA,NA,NA,NA,NA,NA,NA,NA,NA,NA,NA,NA,3
<MOUSECLICK>,14.96,end sentence,NA,NA,NA,NA,NA,NA,NA,NA,NA,NA,NA,NA,3
<HIGHLIGHT 43:35><REPLACED>It involves,1.503,end VP ,NA,NA,1,NA,NA,NA,NA,NA,NA,NA,NA,NA,3
<DELETE3>,1.264,end VP ,NA,NA,NA,NA,NA,NA,NA,NA,NA,NA,NA,NA,3
<RIGHT5>ing <BACKSPACE1>,9.038,end VP ,NA,NA,NA,NA,NA,NA,NA,NA,NA,NA,NA,NA,3
<MOUSECLICK><HIGHLIGHT 270:264><MOUSECLICK><MOUSECLICK>,3.864,mid PP,NA,NA,NA,NA,NA,NA,NA,NA,NA,NA,NA,NA,3
<HIGHLIGHT 250:249><MOUSECLICK>,1.424,mid PP,NA,NA,NA,NA,NA,NA,NA,NA,NA,NA,NA,NA,3
<DELETE17><LEFT18> romatically,12.623,mid VP,NA,NA,NA,NA,NA,NA,NA,NA,NA,NA,NA,NA,3
<HIGHLIGHT 533:630>,1.6,end sentence,NA,NA,NA,NA,NA,NA,NA,NA,NA,NA,NA,NA,3
<BACKSPACE1>,1.12,end sentence,NA,NA,NA,NA,NA,NA,NA,NA,NA,NA,NA,NA,3
<BACKSPACE1>,8.423,end sentence,NA,NA,NA,NA,NA,NA,NA,NA,NA,NA,NA,NA,3
<MOUSECLICK><BACKSPACE1>,1.248,end sentence,NA,NA,NA,NA,NA,NA,NA,NA,NA,NA,NA,NA,3
<SPACE>,1.774,end sentence,NA,NA,NA,NA,NA,NA,NA,NA,NA,NA,NA,NA,3
<MOUSECLICK>,1.008,end NP,NA,NA,NA,NA,NA,NA,NA,NA,NA,NA,NA,NA,3
<ENTER1>,13.376,end NP,NA,NA,NA,NA,NA,NA,NA,NA,NA,NA,NA,NA,3
"<MOUSECLICK><RIGHT1>,",14.382,end NP,NA,NA,NA,NA,NA,NA,NA,NA,NA,NA,NA,NA,3
<MOUSECLICK>people,3.383,end NP,NA,NA,1,NA,NA,NA,NA,NA,NA,NA,NA,NA,3
<MOUSECLICK> new,5.927,mid NP,NA,NA,NA,NA,1,NA,NA,NA,NA,NA,NA,NA,3
<MOUSECLICK>,2.936,end sentence,NA,NA,NA,NA,NA,NA,NA,NA,NA,NA,NA,NA,3
<SPACE>,1.408,end sentence,NA,NA,NA,NA,NA,NA,NA,NA,NA,NA,NA,NA,3
The s<BACKSPACE2>se a re<BACKSPACE3>re all very positive aspects,1.055,mid NP,0,29,1,NA,NA,NA,1,NA,NA,NA,NA,NA,3
of,1.054,mid NP,NA,NA,NA,NA,NA,NA,NA,NA,NA,NA,NA,NA,3
online dating.,75.31,end sentence,NA,NA,NA,NA,1,NA,NA,NA,NA,NA,NA,NA,3
<MOUSECLICK>,13.663,end sentence,NA,NA,NA,NA,NA,NA,NA,NA,NA,NA,NA,NA,3
<HIGHLIGHT 1986:1977>,1.519,mid NP,NA,NA,NA,NA,NA,NA,NA,NA,NA,NA,NA,NA,3
<MOUSECLICK>,3.92,end sentence,NA,NA,NA,NA,NA,NA,NA,NA,NA,NA,NA,NA,3
"<MOUSECLICK>,p<BACKSPACE1>o<BACKSPACE1> one ta<BACKSPACE2>that only comes with",1.183,end VP ,NA,NA,NA,NA,1,NA,NA,NA,NA,NA,NA,NA,3
practiv<BACKSPACE1>c,1.135,mid word,NA,NA,NA,NA,1,NA,NA,NA,NA,NA,NA,NA,3
e,2,end sentence,NA,NA,NA,NA,NA,NA,NA,NA,NA,NA,NA,NA,3
",",1.55,end sentence,NA,NA,NA,NA,NA,NA,NA,NA,NA,NA,NA,NA,3
<MOUSECLICK>,5.52,end sentence,NA,NA,NA,NA,NA,NA,NA,NA,NA,NA,NA,NA,3
<MOUSECLICK>,8.703,end sentence,NA,NA,NA,NA,NA,NA,NA,NA,NA,NA,NA,NA,3
<MOUSECLICK>,3.649,end sentence,NA,NA,NA,NA,NA,NA,NA,NA,NA,NA,NA,NA,3
<LEFT1>,1.471,end sentence,NA,NA,NA,NA,NA,NA,NA,NA,NA,NA,NA,NA,3
<BACKSPACE1>,1.455,end sentence,NA,NA,NA,NA,NA,NA,NA,NA,NA,NA,NA,NA,3
<MOUSECLICK>,1.216,end sentence,NA,NA,NA,NA,NA,NA,NA,NA,NA,NA,NA,NA,3
This is not to,2.287,mid VP,NA,NA,NA,NA,NA,NA,NA,NA,NA,NA,NA,NA,3
mention the,3.983,mid NP,NA,NA,NA,NA,NA,NA,NA,NA,NA,NA,NA,NA,3
commoditisation and gamification of,3.296,mid NP,NA,NA,1,1,NA,NA,NA,NA,NA,NA,NA,NA,3
<MOUSECLICK>,1.008,mid NP,NA,NA,NA,NA,NA,NA,NA,NA,NA,NA,NA,NA,3
e,1.207,mid NP,NA,NA,NA,NA,NA,NA,NA,NA,NA,NA,NA,NA,3
<MOUSECLICK>,1.96,mid NP,NA,NA,NA,NA,NA,NA,NA,NA,NA,NA,NA,NA,3
I would argue that,5.425,end NP,0,0,1,NA,NA,NA,NA,1,NA,NA,NA,NA,4
online dating is noyt <BACKSPACE3>t,2.959,end VP,0,6,1,NA,NA,NA,1,NA,NA,NA,NA,NA,4
the best way to,5.487,mid VP,NA,NA,NA,NA,1,NA,NA,NA,NA,NA,NA,NA,4
date for the first few,1.375,mid PP,NA,NA,NA,NA,1,NA,NA,NA,NA,NA,NA,NA,4
days,1.871,end sentence,NA,NA,NA,NA,NA,NA,NA,NA,NA,NA,NA,NA,4
", dates or even weeks",1.136,end sentence,NA,NA,NA,NA,NA,NA,NA,NA,NA,NA,NA,NA,4
.,5.647,end sentence,NA,NA,NA,NA,NA,NA,NA,NA,NA,NA,NA,NA,4
The reason,7.44,end NP,0,0,1,NA,NA,NA,NA,NA,NA,1,NA,NA,4
why I do not believe,12.022,end VP,0,0,NA,NA,NA,NA,NA,NA,NA,NA,NA,NA,4
<MOUSECLICK>,2.761,end VP,NA,NA,NA,NA,NA,NA,NA,NA,NA,NA,NA,NA,4
someone new,6.48,end sentence,NA,NA,NA,NA,NA,NA,NA,NA,NA,NA,NA,NA,4
.,1.23,end sentence,NA,NA,NA,NA,NA,NA,NA,NA,NA,NA,NA,NA,4
This could mean,8.053,end VP,NA,NA,NA,NA,NA,NA,NA,NA,NA,NA,NA,NA,4
<MOUSECLICK><BACKSPACE10>,2.301,mid PP,NA,NA,NA,NA,NA,NA,NA,NA,NA,NA,NA,NA,4
<MOUSECLICK>,7.184,end sentence,NA,NA,NA,NA,NA,NA,NA,NA,NA,NA,NA,NA,4
<MOUSECLICK>,1.151,mid PP,NA,NA,NA,NA,NA,NA,NA,NA,NA,NA,NA,NA,4
or,2.007,end NP,NA,NA,NA,NA,NA,NA,NA,NA,NA,NA,NA,NA,4
<MOUSECLICK>,1,mid PP,NA,NA,NA,NA,NA,NA,NA,NA,NA,NA,NA,NA,4
the first few,1.688,mid PP,0,0,1,NA,NA,NA,1,NA,NA,NA,NA,NA,4
<MOUSECLICK>,1.575,end VP,NA,NA,NA,NA,NA,NA,NA,NA,NA,NA,NA,NA,4
<BACKSPACE1>,6.888,end VP,NA,NA,NA,NA,NA,NA,NA,NA,NA,NA,NA,NA,4
<MOUSECLICK>,1.367,end sentence,NA,NA,NA,NA,NA,NA,NA,NA,NA,NA,NA,NA,4
I believe ta<BACKSPACE1>hat to get to knbow<BACKSPACE3>ow q<BACKSPACE1>,1.151,end VP,0,0,2,NA,NA,NA,NA,1,NA,1,NA,NA,4
someone,8.031,end clause,0,0,NA,NA,NA,NA,NA,NA,NA,NA,NA,NA,4
", met<BACKSPACE1>eting themn<BACKSPACE1>n<BACKSPACE1>",1.168,end NP,NA,NA,NA,NA,1,NA,NA,NA,NA,NA,NA,NA,4
first in person for,1.295,mid PP,NA,NA,NA,NA,NA,NA,NA,NA,NA,NA,NA,NA,4
first few dates is best way to get the feel of a person.,2.096,end sentence,NA,NA,NA,NA,1,NA,NA,NA,NA,NA,NA,NA,4
<RIGHT1><LEFT1>,1.552,end VP,NA,NA,NA,NA,NA,NA,NA,NA,NA,NA,NA,NA,4
<MOUSECLICK>,2.064,end VP,NA,NA,NA,NA,NA,NA,NA,NA,NA,NA,NA,NA,4
online dating benefits the begining of a relationship is because chemistry,2.991,end clause,NA,NA,NA,NA,2,NA,NA,NA,NA,NA,NA,NA,4
",",19.183,end clause,NA,NA,NA,NA,NA,NA,NA,NA,NA,NA,NA,NA,4
<MOUSECLICK>,3.56,end NP,NA,NA,NA,NA,NA,NA,NA,NA,NA,NA,NA,NA,4
<MOUSECLICK>,8.815,mid PP,NA,NA,NA,NA,NA,NA,NA,NA,NA,NA,NA,NA,4
<HIGHLIGHT 33:73>,2.408,end VP,NA,NA,NA,NA,NA,NA,NA,NA,NA,NA,NA,NA,4
<HIGHLIGHT 33:73><MOUSECLICK>,2.719,end sentence,NA,NA,NA,NA,NA,NA,NA,NA,NA,NA,NA,NA,4
<MOUSECLICK>,24.672,end sentence,NA,NA,NA,NA,NA,NA,NA,NA,NA,NA,NA,NA,4
<MOUSECLICK>,6.08,end sentence,NA,NA,NA,NA,NA,NA,NA,NA,NA,NA,NA,NA,4
",",1.119,end PP,NA,NA,NA,NA,NA,NA,NA,NA,NA,NA,NA,NA,4
dates should be held in person,17.487,end sentence,0,24,1,NA,1,NA,1,NA,NA,NA,NA,NA,4
<MOUSECLICK>,16,end NP,NA,NA,NA,NA,NA,NA,NA,NA,NA,NA,NA,NA,4
<BACKSPACE2> and,8.976,end NP,NA,NA,NA,NA,NA,NA,NA,NA,NA,NA,NA,NA,4
personal interest if<BACKSPACE1>s,3.439,end NP,NA,NA,NA,NA,1,NA,NA,NA,NA,NA,NA,NA,4
created during,6.591,end NP,NA,NA,NA,NA,NA,NA,NA,NA,NA,NA,NA,NA,4
these first in person,1.184,mid PP,NA,NA,NA,NA,1,NA,NA,NA,NA,NA,NA,NA,4
connections.,2.399,end sentence,NA,NA,NA,NA,NA,NA,NA,NA,NA,NA,NA,NA,4
<ENTER2>Chemistry,2.543,end NP,0,0,1,NA,NA,NA,1,NA,NA,NA,NA,NA,4
or feeling a connecting<BACKSPACE2>on with someone is i<BACKSPACE1>vital to,1.007,mid NP,0,11,NA,NA,1,NA,NA,NA,NA,NA,NA,NA,4
the start of a relationship. Chemistry is not felt through text message,1.119,end sentence,NA,NA,NA,NA,NA,NA,NA,NA,NA,NA,NA,NA,4
or<BACKSPACE3>,2.048,end sentence,NA,NA,NA,NA,NA,NA,NA,NA,NA,NA,NA,NA,4
or,1.583,end NP,NA,NA,NA,NA,NA,NA,NA,NA,NA,NA,NA,NA,4
chatting online,9.376,end sentence,NA,NA,NA,NA,1,NA,NA,NA,NA,NA,NA,NA,4
due to,39.071,end NP,NA,NA,NA,NA,NA,NA,NA,NA,NA,NA,NA,NA,4
there being no physical connection being made.,3.411,end sentence,NA,NA,NA,NA,1,NA,NA,NA,NA,NA,NA,NA,4
chemis<BACKSPACE6>Chemistry is felt when o<BACKSPACE1>you make eye contact,22.767,end sentence,0,16,1,NA,NA,1,1,NA,NA,NA,NA,NA,4
"<BACKSPACE1>,",1.52,end sentence,NA,NA,NA,NA,1,NA,NA,NA,NA,NA,NA,NA,4
smile and feel,1.056,end VP,NA,NA,NA,NA,1,NA,NA,NA,NA,NA,NA,NA,4
a mit<BACKSPACE2>utual feeling of wanting to be in,2.527,mid PP,NA,NA,NA,NA,1,NA,NA,NA,NA,NA,NA,NA,4
eachothers presn<BACKSPACE1>ance.,66.367,end sentence,NA,NA,NA,NA,1,NA,NA,NA,NA,NA,NA,NA,4
chr<BACKSPACE1>em<BACKSPACE4>Chemistry between two people is te<BACKSPACE1>he b<BACKSPACE1>,3.904,mid NP,0,6,1,NA,NA,NA,1,NA,NA,NA,NA,NA,4
foundation for,2.192,mid PP,NA,NA,NA,NA,1,NA,NA,NA,NA,NA,NA,NA,4
other,10.592,mid PP,NA,NA,NA,NA,NA,NA,NA,NA,NA,NA,NA,NA,4
"sentiments to occur, sucha as<BACKSPACE4> as trust and",23.505,mid NP,NA,NA,NA,NA,1,NA,NA,NA,NA,NA,NA,NA,4
humor,7.535,end sentence,NA,NA,NA,NA,NA,NA,NA,NA,NA,NA,NA,NA,4
", which play",3.119,end VP,NA,NA,NA,NA,NA,NA,NA,NA,NA,NA,NA,NA,4
a major role in the stability of,6.56,mid PP,NA,NA,NA,NA,1,NA,NA,NA,NA,NA,NA,NA,4
the first few dates.,28.607,end sentence,NA,NA,NA,NA,NA,NA,NA,NA,NA,NA,NA,NA,4
<BACKSPACE2> in getting to know somoe<BACKSPACE2>eonn<BACKSPACE1>e new.<ENTER2>,3.84,end sentence,NA,NA,NA,NA,NA,NA,NA,NA,NA,NA,NA,NA,4
Personal interest,14.687,end NP,0,0,1,NA,NA,NA,1,NA,NA,NA,NA,NA,4
is also<BACKSPACE5>,1.806,end VP,NA,NA,NA,NA,NA,NA,NA,NA,NA,NA,NA,NA,4
what <BACKSPACE5>a byproduct of having chemisty<BACKSPACE1>ry between two new pop<BACKSPACE1>eple. When chemisty<BACKSPACE1>ry is had,1.263,end clause,60,6,NA,1,NA,2,1,NA,NA,NA,NA,NA,4
", person<BACKSPACE1>nal interests sucjs<BACKSPACE2>h as",3.262,mid NP,NA,NA,NA,NA,1,NA,NA,NA,NA,NA,NA,NA,4
"attraction, lust and",2.607,mid NP,NA,NA,NA,NA,NA,NA,NA,NA,NA,NA,NA,NA,4
mutual feeling of comb<BACKSPACE1>pa,3.92,mid word,NA,NA,NA,NA,NA,NA,NA,NA,NA,NA,NA,NA,4
tability,7.399,end NP,NA,NA,NA,NA,NA,NA,NA,NA,NA,NA,NA,NA,4
<MOUSECLICK>,1.352,end NP,NA,NA,NA,NA,NA,NA,NA,NA,NA,NA,NA,NA,4
s<MOUSECLICK>,1.048,end NP,NA,NA,NA,NA,NA,NA,NA,NA,NA,NA,NA,NA,4
<MOUSECLICK><BACKSPACE2>are,3.646,mid VP,NA,NA,NA,NA,NA,NA,NA,NA,NA,NA,NA,NA,4
<MOUSECLICK>,1.089,end NP,NA,NA,NA,NA,NA,NA,NA,NA,NA,NA,NA,NA,4
<RIGHT3><BACKSPACE3>s are,8.143,mid VP,NA,NA,NA,NA,NA,NA,NA,NA,NA,NA,NA,NA,4
<MOUSECLICK>,1.608,end NP,NA,NA,NA,NA,NA,NA,NA,NA,NA,NA,NA,NA,4
<MOUSECLICK>s,1.206,mid NP ,NA,NA,NA,NA,NA,NA,NA,NA,NA,NA,NA,NA,4
<MOUSECLICK>,3.256,end NP,NA,NA,NA,NA,NA,NA,NA,NA,NA,NA,NA,NA,4
are created and thus,16.944,end NP,NA,NA,NA,NA,NA,NA,NA,NA,NA,NA,NA,NA,4
<BACKSPACE10>.,13.414,end sentence,NA,NA,NA,NA,NA,NA,NA,NA,NA,NA,NA,NA,4
<MOUSECLICK><BACKSPACE7>,3.502,end sentence,NA,NA,NA,NA,NA,NA,NA,NA,NA,NA,NA,NA,4
<MOUSECLICK>,6.817,mid NP,NA,NA,NA,NA,NA,NA,NA,NA,NA,NA,NA,NA,4
Having <BACKSPACE2>,2.479,mid word,NA,NA,NA,NA,NA,NA,NA,NA,NA,NA,NA,NA,4
<BACKSPACE5>,6.784,end sentence,NA,NA,NA,NA,NA,NA,NA,NA,NA,NA,NA,NA,4
Attraction and compat,1.631,mid word,0,0,NA,NA,NA,NA,1,NA,NA,NA,NA,NA,4
an<BACKSPACE1>bility,5.039,end NP,0,0,1,NA,NA,NA,NA,NA,NA,NA,NA,NA,4
along with chemistry,2.446,end NP,NA,NA,NA,NA,NA,NA,NA,NA,NA,NA,NA,NA,4
create a ev<BACKSPACE2>very stable,1.631,end NP,NA,NA,NA,NA,1,NA,NA,NA,NA,NA,NA,NA,4
start to,3.04,mid VP,NA,NA,NA,NA,NA,NA,NA,NA,NA,NA,NA,NA,4
two new people dating and this is only acheived by having met in person,1.679,end sentence,33,23,NA,NA,1,1,1,NA,NA,NA,NA,NA,4
.,83.742,end sentence,NA,NA,NA,NA,NA,NA,NA,NA,NA,NA,NA,NA,4
Online dating,4.015,end NP,0,0,1,NA,NA,NA,1,NA,NA,NA,NA,NA,4
or getting to know soo<BACKSPACE1>meone new by chat,1.023,end PP,NA,NA,NA,NA,1,NA,NA,NA,NA,NA,NA,NA,4
or tes<BACKSPACE1>xt message does not crate a rela<BACKSPACE1>iable to start to,23.782,mid NP,NA,NA,NA,NA,1,NA,NA,NA,NA,NA,NA,NA,4
<MOUSECLICK>,1.465,mid word,NA,NA,NA,NA,NA,NA,NA,NA,NA,NA,NA,NA,4
e,4.046,mid word,NA,NA,NA,NA,NA,NA,NA,NA,NA,NA,NA,NA,4
<MOUSECLICK>,3.36,mid VP,NA,NA,NA,NA,NA,NA,NA,NA,NA,NA,NA,NA,4
the bew<BACKSPACE3>new relationship.,1.487,end sentence,NA,NA,NA,NA,NA,NA,NA,NA,NA,NA,NA,NA,4
Reading how happy son<BACKSPACE1>meone is through text message is not the same thing as s,1.247,mid word,0,68,1,NA,NA,NA,1,NA,NA,NA,NA,NA,4
<BACKSPACE1>,1.551,mid NP,NA,NA,NA,NA,1,NA,NA,NA,NA,NA,NA,NA,4
havi<BACKSPACE4>witnessing how happy somoene is,14.08,end sentence,NA,NA,NA,NA,1,NA,NA,NA,NA,NA,NA,NA,4
in,1.407,mid PP,NA,NA,NA,NA,1,NA,NA,NA,NA,NA,NA,NA,4
person.,17.407,end sentence,NA,NA,NA,NA,NA,NA,NA,NA,NA,NA,NA,NA,4
<ENTER2>,12.128,end sentence,NA,NA,NA,NA,NA,NA,NA,NA,NA,NA,NA,NA,4
The best way to get to know somoene<BACKSPACE4>e,1.199,mid NP,0,19,1,NA,NA,NA,NA,NA,NA,1,NA,NA,4
one new and start to date them is to,1.343,mid VP,NA,NA,NA,NA,NA,NA,NA,NA,NA,NA,NA,NA,4
have in person dates,3.232,end sentence,NA,NA,NA,NA,1,NA,NA,NA,NA,NA,NA,NA,4
and to not,8.175,mid VP,NA,NA,NA,NA,NA,NA,NA,NA,NA,NA,NA,NA,4
I believe sdf<BACKSPACE3>that,11.262,end AG,0,0,1,NA,NA,NA,NA,1,NA,NA,NA,NA,5
the idea of meeting,1.093,end NP,0,0,1,NA,NA,NA,1,NA,NA,NA,NA,NA,5
new people for,1.201,mid PP,0,3,NA,NA,NA,NA,NA,NA,NA,NA,NA,NA,5
<BACKSPACE4>to date,2.564,end NP,NA,NA,NA,NA,NA,NA,NA,NA,NA,NA,NA,NA,5
in real,1.266,mid PP,NA,NA,NA,NA,NA,NA,NA,NA,NA,NA,NA,NA,5
<BACKSPACE4>-life is starting to v<BACKSPACE1>become obsolete.,13.429,end sentence,NA,NA,NA,NA,NA,NA,NA,NA,NA,NA,NA,NA,5
"Frp <BACKSPACE3>or instance,",1.865,end AG,NA,NA,NA,NA,NA,NA,NA,NA,NA,NA,NA,NA,5
<BACKSPACE2>,4.68,end AG,NA,NA,NA,NA,NA,NA,NA,NA,NA,NA,NA,NA,5
<BACKSPACE12>,8.146,end sentence,NA,NA,NA,NA,NA,NA,NA,NA,NA,NA,NA,NA,5
?TH<BACKSPACE3>THis <BACKSPACE4>h <BACKSPACE1>is is the reality,4.166,end sentence,0,14,1,NA,1,NA,1,NA,NA,NA,NA,NA,5
of our current times.,14.511,end sentence,0,0,NA,NA,NA,NA,NA,NA,NA,NA,NA,NA,5
More of <BACKSPACE1>ten,2.873,end AG,0,0,1,NA,NA,NA,NA,NA,1,NA,NA,NA,5
thee<BACKSPACE1>se dats<BACKSPACE2>ys pepo<BACKSPACE2>ople are becoming more and more,1.01,end AG,0,26,NA,NA,1,NA,1,NA,NA,NA,NA,NA,5
isolo<BACKSPACE3>olated from one anoter. <BACKSPACE4>her.,13.925,end sentence,NA,NA,NA,NA,NA,NA,NA,NA,NA,NA,NA,NA,5
This jas b<BACKSPACE5>jhas<BACKSPACE4>has ben <BACKSPACE2>en exx<BACKSPACE1>ca,1.673,mid word,0,13,1,NA,NA,NA,1,NA,NA,NA,NA,NA,5
<BACKSPACE2>aver<BACKSPACE3>cebated by the,14.654,mid NP,NA,NA,NA,NA,NA,NA,NA,NA,NA,NA,NA,NA,5
t<BACKSPACE1>,1.115,mid NP,NA,NA,NA,NA,NA,NA,NA,NA,NA,NA,NA,NA,5
extere<BACKSPACE2>r<BACKSPACE2>remen<BACKSPACE1> as<BACKSPACE3>l l<BACKSPACE10>,6.49,mid NP,NA,NA,NA,NA,1,NA,NA,NA,NA,NA,NA,NA,5
recent,2.313,end AG,NA,NA,NA,NA,NA,NA,NA,NA,NA,NA,NA,NA,5
extreme deme<BACKSPACE2>velopments in online do<BACKSPACE3> <BACKSPACE21>le,1.22,mid PP,NA,NA,NA,NA,NA,NA,NA,NA,NA,NA,NA,NA,5
vo<BACKSPACE14>,5.016,end AG,NA,NA,NA,NA,NA,NA,NA,NA,NA,NA,NA,NA,5
mass developments of online identifi,1.29,mid word,NA,NA,NA,NA,NA,NA,NA,NA,NA,NA,NA,NA,5
<BACKSPACE2>ties.,1.263,end sentence,NA,NA,NA,NA,NA,NA,NA,NA,NA,NA,NA,NA,5
"Generally,",4.303,end AG,0,0,1,NA,NA,NA,NA,1,NA,NA,NA,NA,5
people me<BACKSPACE2>seems to<BACKSPACE4> to have v<BACKSPACE1>been developognm<BACKSPACE4>ing a greater online present<BACKSPACE1>ce.,2.824,end sentence,0,55,1,NA,1,NA,1,NA,NA,NA,NA,NA,5
This i<BACKSPACE1>has allowed b<BACKSPACE1>o<BACKSPACE1>peopke<BACKSPACE2>le,11.495,end NP,0,18,1,NA,1,NA,1,NA,NA,NA,NA,NA,5
to,1.685,mid VP,NA,NA,NA,NA,NA,NA,NA,NA,NA,NA,NA,NA,5
dedicate,6.063,end VP,NA,NA,NA,NA,NA,NA,NA,NA,NA,NA,NA,NA,5
a manor <BACKSPACE4>jr pa<BACKSPACE9>major parts of the <BACKSPACE1>ir identityu <BACKSPACE2> in<BACKSPACE2>on the internet. <LEFT50><RIGHT2><HIGHLIGHT 411:412><LEFT1><HIGHLIGHT 410:412><LEFT1><HIGHLIGHT 409:412><LEFT1><HIGHLIGHT 408:412><LEFT1><HIGHLIGHT 407:412><LEFT1><HIGHLIGHT 406:412><LEFT1><HIGHLIGHT 405:412><LEFT1><HIGHLIGHT 404:412><LEFT1><BACKSPACE1>,1.353,mid VP,NA,NA,NA,NA,1,NA,NA,NA,NA,NA,NA,NA,5
s<BACKSPACE1>,10.982,mid VP,NA,NA,NA,NA,NA,NA,NA,NA,NA,NA,NA,NA,5
leave<RIGHT47>,9.702,end VP,NA,NA,NA,NA,NA,NA,NA,NA,NA,NA,NA,NA,5
"One<BACKSPACE1> a psoi<BACKSPACE3>oso<BACKSPACE1>itive note,",4.312,end PP,0,0,1,NA,NA,NA,NA,1,NA,NA,NA,NA,5
this has allowed people to get know people f<BACKSPACE1>f<BACKSPACE1>,1.041,end NP,0,25,1,NA,1,1,NA,NA,1,NA,NA,NA,5
in a much more deeper levels<BACKSPACE1> thja<BACKSPACE2>an it was piss<BACKSPACE3>ossible,3.76,end sentence,NA,NA,NA,NA,1,NA,NA,NA,NA,NA,NA,NA,5
a long time a t<BACKSPACE2>ao<BACKSPACE1>go.<BACKSPACE4>go<BACKSPACE13>not si <BACKSPACE2>o long ago.,13.075,end sentence,NA,NA,NA,NA,NA,NA,NA,NA,NA,NA,NA,NA,5
"However, on a <BACKSPACE1> darker note,",2.302,end PP,0,0,2,NA,NA,NA,NA,1,NA,NA,NA,1,5
this,1.229,end NP,NA,NA,NA,NA,NA,NA,NA,NA,NA,NA,NA,NA,5
allows to th<BACKSPACE5>for the pss<BACKSPACE2>ossibility of<BACKSPACE1>f,1.449,mid NP,0,23,1,NA,1,NA,NA,NA,1,NA,NA,NA,5
people,1.469,end NP,NA,NA,NA,NA,NA,NA,NA,NA,NA,NA,NA,NA,5
fav<BACKSPACE1>bricating a,12.564,mid NP,NA,NA,NA,NA,NA,NA,NA,NA,NA,NA,NA,NA,5
sort of <BACKSPACE1>a <BACKSPACE2> a sdf<BACKSPACE3>,2.619,mid NP,NA,NA,NA,NA,NA,NA,NA,NA,NA,NA,NA,NA,5
facade,1.68,end NP,NA,NA,NA,NA,NA,NA,NA,NA,NA,NA,NA,NA,5
of their identy<BACKSPACE1>ity.,14.441,end sentence,NA,NA,NA,NA,NA,NA,NA,NA,NA,NA,NA,NA,5
Thios<BACKSPACE2>s could lead to,13.796,mid PP,0,14,1,NA,NA,NA,1,NA,NA,NA,NA,NA,5
major isses that could o<BACKSPACE1>potentuall<BACKSPACE4>ially cause very,9.102,end AG,NA,NA,NA,NA,1,1,NA,NA,NA,NA,NA,NA,5
serious issues if you,1.488,end NP,NA,NA,NA,NA,2,NA,NA,NA,NA,NA,NA,NA,5
<BACKSPACE7>in real,1.074,mid PP,NA,NA,NA,NA,NA,NA,NA,NA,NA,NA,NA,NA,5
life.,1.281,end sentence,NA,NA,NA,NA,NA,NA,NA,NA,NA,NA,NA,NA,5
Be that,1.026,end NP,0,0,1,NA,NA,NA,NA,NA,NA,NA,NA,1,5
"is<BACKSPACE2>as it may,",17.566,end AG,0,0,NA,NA,NA,NA,NA,NA,NA,NA,NA,NA,5
I believe,8.231,end VP,0,0,1,NA,NA,NA,NA,NA,NA,NA,NA,1,5
ther are<BACKSPACE5>e <BACKSPACE2>re a re <BACKSPACE4>re,27.032,end VP,NA,NA,NA,NA,NA,NA,NA,NA,NA,NA,NA,NA,5
majr <BACKSPACE5>,14.144,end VP,NA,NA,1,NA,NA,NA,NA,NA,NA,NA,NA,NA,5
stilly <BACKSPACE2>,1.498,end AG,0,0,1,NA,NA,NA,NA,NA,NA,NA,NA,NA,5
significan <BACKSPACE1>t advantages to meeting m<BACKSPACE1>people in<BACKSPACE2>online for the first time.,5.97,end sentence,0,44,NA,NA,1,NA,NA,NA,NA,NA,1,NA,5
The fior<BACKSPACE2>oir<BACKSPACE2>r<BACKSPACE2>rst and foremost reason is,5.18,end VP,0,2,NA,NA,NA,NA,1,NA,NA,NA,NA,NA,5
quite,4.966,end AG,NA,NA,NA,NA,NA,NA,NA,NA,NA,NA,NA,NA,5
simple.,9.832,end sentence,NA,NA,NA,NA,NA,NA,NA,NA,NA,NA,NA,NA,5
/Y<BACKSPACE2>You have to take ino<BACKSPACE1>to account the,26.755,mid NP,0,29,1,NA,1,NA,NA,NA,NA,NA,NA,NA,5
riks <BACKSPACE3>sks associated wuth<BACKSPACE3>ith,2.156,end VP,NA,NA,NA,NA,NA,NA,NA,NA,NA,NA,NA,NA,5
eiter <BACKSPACE3>her of the opto<BACKSPACE1>ions.,19.596,end sentence,NA,NA,NA,NA,1,NA,NA,NA,NA,NA,NA,NA,5
sfd<BACKSPACE3>,21.321,end sentence,NA,NA,NA,NA,NA,NA,NA,NA,NA,NA,NA,NA,5
sdf<BACKSPACE3>One<BACKSPACE3>,1.12,end sentence,NA,NA,NA,NA,NA,NA,NA,NA,NA,NA,NA,NA,5
There are <BACKSPACE10>,3.487,end sentence,NA,NA,NA,NA,NA,NA,NA,NA,NA,NA,NA,NA,5
"On the one hadn<BACKSPACE2>nd, meeting people in real-<BACKSPACE9> online would be",1.039,end VP,0,8,1,1,NA,NA,NA,NA,1,NA,NA,1,5
quite con<BACKSPACE1>st effective.,3.163,end sentence,NA,NA,NA,NA,1,NA,NA,NA,NA,NA,NA,NA,5
There ius <BACKSPACE3>sn't much,1.147,end AG,12,0,1,NA,NA,NA,NA,NA,NA,NA,1,NA,5
at risk,1.037,end sentence,0,0,NA,NA,NA,NA,NA,NA,NA,NA,NA,NA,5
(unless to<BACKSPACE2>you are dealing with a,1.376,mid NP,0,18,NA,NA,1,1,1,NA,NA,NA,NA,1,5
s<BACKSPACE1>very seruou<BACKSPACE3>io<BACKSPACE1>us hacker;,1.834,end sentence,NA,NA,NA,NA,NA,NA,NA,NA,NA,NA,NA,NA,5
"<BACKSPACE2>, which is quite w<BACKSPACE2>",1.769,end AG,NA,NA,NA,NA,1,NA,NA,NA,NA,NA,NA,NA,5
odd,1.72,end sentence,NA,NA,NA,NA,NA,NA,NA,NA,NA,NA,NA,NA,5
L<BACKSPACE1><RIGHT1><BACKSPACE1>:)) <BACKSPACE1>.,14.039,end sentence,NA,NA,NA,NA,NA,NA,NA,NA,NA,NA,NA,NA,5
"On ther<BACKSPACE1> other hna<BACKSPACE2>abnd,<BACKSPACE4>nd,",12.53,end PP,0,0,1,NA,NA,NA,NA,NA,NA,NA,NA,1,5
meeting in real-life for the first,1.5,mid PP,0,0,1,NA,NA,NA,NA,NA,1,NA,NA,NA,5
time,1.677,end PP,0,0,NA,NA,NA,NA,NA,NA,NA,NA,NA,NA,5
fo<BACKSPACE2>,1.232,end PP,NA,NA,NA,NA,NA,NA,NA,NA,NA,NA,NA,NA,5
could potentially lead to very seriour<BACKSPACE1>s issues.,7.675,end sentence,NA,NA,NA,NA,1,NA,NA,NA,NA,NA,NA,NA,5
"Personally,",5.082,end AG,0,0,1,NA,NA,NA,NA,1,NA,NA,NA,NA,5
IK <BACKSPACE2>,6.242,end NP,0,0,1,NA,NA,NA,1,NA,NA,NA,NA,NA,5
am,1.185,end VP,NA,NA,NA,NA,NA,NA,NA,NA,NA,NA,NA,NA,5
q<BACKSPACE1>a,7.713,mid NP,NA,NA,NA,NA,1,NA,NA,NA,NA,NA,NA,NA,5
rather conservative person; i<BACKSPACE1>,1.315,end sentence,NA,NA,NA,NA,NA,NA,NA,NA,NA,NA,NA,NA,5
<BACKSPACE48>,26.852,end sentence,NA,NA,NA,NA,NA,NA,NA,NA,NA,NA,NA,NA,5
One o<BACKSPACE1>generally o<BACKSPACE1>wants to acoid <BACKSPACE4>v<BACKSPACE2>void such circumsttanc<BACKSPACE5>t<BACKSPACE1>tances <BACKSPACE1>.,52.476,end sentence,0,43,1,NA,1,NA,1,NA,NA,NA,NA,NA,5
"<MOUSECLICK><RIGHT1> So,",10.275,end AG,0,0,1,NA,NA,NA,NA,NA,NA,NA,NA,1,5
this would make it possible for you to,13.903,mid VP,NA,NA,NA,NA,NA,NA,NA,NA,NA,NA,NA,NA,5
<BACKSPACE39>,8.894,end AG,NA,NA,NA,NA,NA,NA,NA,NA,NA,NA,NA,NA,5
the amount information that you could pssi<BACKSPACE3>ossibly,3.791,end AG,0,23,1,NA,NA,NA,NA,NA,NA,1,NA,NA,5
gain,1.017,end VP,NA,NA,NA,NA,NA,NA,NA,NA,NA,NA,NA,NA,5
<BACKSPACE4>,5.529,end AG,NA,NA,NA,NA,NA,NA,NA,NA,NA,NA,NA,NA,5
gain<BACKSPACE1>n frm <BACKSPACE2>om other peope<BACKSPACE1>le is very<BACKSPACE4>fundamamtl<BACKSPACE4>entally differen <BACKSPACE1>t nowafa<BACKSPACE2>dat<BACKSPACE1>ys. <BACKSPACE1>,13.726,end sentence,NA,NA,NA,NA,1,2,NA,NA,NA,NA,NA,NA,5
<MOUSECLICK>,1.166,end sentence,NA,NA,NA,NA,NA,NA,NA,NA,NA,NA,NA,NA,5
<RIGHT2><ENTER1>,1.982,end sentence,NA,NA,NA,NA,NA,NA,NA,NA,NA,NA,NA,NA,5
<MOUSECLICK>,39.725,end sentence,NA,NA,NA,NA,NA,NA,NA,NA,NA,NA,NA,NA,5
<MOUSECLICK>,1.382,end sentence,NA,NA,NA,NA,NA,NA,NA,NA,NA,NA,NA,NA,5
<MOUSECLICK>,6.046,end sentence,NA,NA,NA,NA,NA,NA,NA,NA,NA,NA,NA,NA,5
cx<BACKSPACE2>,13.848,end sentence,NA,NA,NA,NA,NA,NA,NA,NA,NA,NA,NA,NA,5
"So, ih<BACKSPACE1>n",1.267,mid PP,NA,NA,NA,NA,NA,NA,NA,NA,NA,NA,NA,NA,5
"gee<BACKSPACE1>nerall,<BACKSPACE1> <BACKSPACE16>",9.734,end sentence,NA,NA,NA,NA,NA,NA,NA,NA,NA,NA,NA,NA,5
"Hiwe<BACKSPACE4><UP1>Ne<BACKSPACE2><DOWN1>Nevertheless,",2.905,end AG,0,0,1,NA,NA,NA,NA,NA,NA,NA,NA,1,5
you cannot,1.022,mid VP,0,6,1,NA,NA,NA,1,NA,NA,NA,NA,NA,5
deny,4.321,end VP,NA,NA,NA,NA,NA,NA,NA,NA,NA,NA,NA,NA,5
the signficance of meeting people in real-life.,1.836,end sentence,NA,NA,NA,NA,1,NA,NA,NA,NA,NA,NA,NA,5
Ther <BACKSPACE1>e such raw quality attached to these expre<BACKSPACE2>eriences that,4.655,end AG,5,33,NA,1,NA,NA,NA,NA,NA,NA,1,NA,5
is,1.446,end VP,NA,NA,NA,NA,NA,NA,NA,NA,NA,NA,NA,NA,5
<BACKSPACE2>,1.622,mid word,NA,NA,NA,NA,NA,NA,NA,NA,NA,NA,NA,NA,5
s quite hard ot<BACKSPACE2>to replicate thorugh<BACKSPACE5>roguh<BACKSPACE3>igh <BACKSPACE4>ugh,3.341,mid PP,NA,NA,NA,NA,NA,1,NA,NA,NA,NA,NA,NA,5
online communication.,13.384,end sentence,NA,NA,NA,NA,1,NA,NA,NA,NA,NA,NA,NA,5
"In generally,<BACKSPACE3>, howeve,<BACKSPACE1>v<BACKSPACE1>r,",1.265,end AG,0,0,1,NA,NA,NA,NA,1,NA,NA,NA,1,5
I<BACKSPACE2>I still believe,3.513,end VP,0,0,1,NA,NA,NA,NA,1,NA,NA,NA,NA,5
it o<BACKSPACE1>would be preferabel<BACKSPACE2>le to,1.682,mid VP,11,2,NA,1,NA,NA,NA,1,NA,NA,NA,NA,5
<BACKSPACE1>,2.594,mid VP,NA,NA,NA,NA,NA,NA,NA,NA,NA,NA,NA,NA,5
"<BACKSPACE2>, for the first couple of dat",1.122,mid word,NA,NA,NA,NA,1,NA,NA,NA,NA,NA,NA,NA,5
"se<BACKSPACE2>es at leastr,<BACKSPACE3>t,",6.406,end AG,NA,NA,NA,NA,NA,NA,NA,NA,NA,NA,NA,NA,5
to be meeting people,1.965,end NP,NA,NA,NA,NA,1,NA,NA,NA,NA,NA,NA,NA,5
onle<BACKSPACE1>ine rather that i<BACKSPACE3>n in real-life.,10.828,end sentence,NA,NA,NA,NA,NA,NA,NA,NA,NA,NA,NA,NA,5
A lot of a<BACKSPACE1>dating is done online nowadays,15.759,end sentence,0,23,1,NA,1,NA,1,NA,NA,NA,NA,NA,6
",",2.911,end sentence,NA,NA,NA,NA,NA,NA,NA,NA,NA,NA,NA,NA,6
th,1.008,mid word,NA,NA,NA,NA,1,NA,NA,NA,NA,NA,NA,NA,6
anks to the,1.775,mid NP,NA,NA,NA,NA,NA,NA,NA,NA,NA,NA,NA,NA,6
development of technology,3.599,end sentence,NA,NA,NA,NA,NA,NA,NA,NA,NA,NA,NA,NA,6
<BACKSPACE26> rapid development of technology.,3.584,end sentence,NA,NA,NA,NA,1,NA,NA,NA,NA,NA,NA,NA,6
Mnay <BACKSPACE3>a<BACKSPACE2>any people,3.807,end NP,0,0,NA,NA,NA,NA,NA,NA,NA,NA,NA,NA,6
<SPACE>,2.703,end NP,NA,NA,NA,NA,NA,NA,NA,NA,NA,NA,NA,NA,6
<BACKSPACE12>Mnay d<BACKSPACE5>any different views have,1.518,mid VP,0,5,1,NA,NA,NA,1,NA,NA,NA,NA,NA,6
developed,1.407,end VP,NA,NA,NA,NA,NA,NA,NA,NA,NA,NA,NA,NA,6
"regarding this phenomenon,",4.879,end sentence,NA,NA,NA,NA,1,NA,NA,NA,NA,NA,NA,NA,6
both in favour,1.519,mid PP,NA,NA,NA,NA,NA,NA,NA,NA,NA,NA,NA,NA,6
of,1.039,mid PP,NA,NA,NA,NA,1,NA,NA,NA,NA,NA,NA,NA,6
<BACKSPACE12>welcoming,4.494,end VP,NA,NA,NA,NA,NA,NA,NA,NA,NA,NA,NA,NA,6
this new,4.477,mid NP,NA,NA,NA,NA,NA,NA,NA,NA,NA,NA,NA,NA,6
way of dating and,16.109,end NP,NA,NA,NA,NA,1,NA,NA,NA,NA,NA,NA,NA,6
shunning,1.055,end NP,NA,NA,NA,NA,NA,NA,NA,NA,NA,NA,NA,NA,6
it.,7.517,end sentence,NA,NA,NA,NA,1,NA,NA,NA,NA,NA,NA,NA,6
I believ eth<BACKSPACE4>e,1.232,end VP,NA,NA,NA,NA,NA,NA,NA,NA,NA,NA,NA,NA,6
this is,1.504,end VP,NA,NA,NA,NA,NA,NA,NA,NA,NA,NA,NA,NA,6
gng<BACKSPACE6>,1.503,mid NP,NA,NA,NA,NA,NA,NA,NA,NA,NA,NA,NA,NA,6
"<BACKSPACE5>onlne<BACKSPACE2>une<BACKSPACE3>ine dating is generally a good thing, as",9.247,end NP,0,29,1,NA,NA,1,1,NA,NA,NA,NA,NA,6
many <BACKSPACE5>it is often harder for many young people to meet,3.025,end VP,11,29,NA,1,NA,1,NA,1,NA,NA,NA,NA,6
people they would be interested in dating in real-kl<BACKSPACE2>life situations anymore.,3.122,end sentence,NA,NA,NA,NA,NA,2,NA,NA,NA,NA,NA,NA,6
"I can however see the ow<BACKSPACE2>downsides of thsi, <BACKSPACE4>is, as it coulmd<BACKSPACE2>d be",1.248,end VP,0,14,1,1,NA,2,1,NA,NA,NA,NA,1,6
this way because<BACKSPACE7>BECAUSE<BACKSPACE7>precisely BECAUSEof o<BACKSPACE4> of online dataing<BACKSPACE4>ing (,1.679,end clause,NA,NA,NA,NA,2,NA,NA,1,NA,NA,NA,NA,6
pepople<BACKSPACE5>ople may have,3.807,end VP,0,8,1,NA,NA,NA,1,NA,NA,NA,NA,NA,6
lessde<BACKSPACE2> developed social or communc<BACKSPACE1>ication skkil<BACKSPACE3>ills becu<BACKSPACE1>ause,1.023,end NP,NA,NA,NA,NA,1,NA,NA,NA,NA,NA,NA,NA,6
they rarely meet people in real life,1.983,end sentence,NA,NA,NA,NA,NA,NA,NA,NA,NA,NA,NA,NA,6
", thrte<BACKSPACE3>erefore making the problem worse and forcing more peoplei<BACKSPACE1> into online dating).",91.76,end sentence,NA,NA,NA,NA,2,1,NA,NA,NA,NA,NA,NA,6
Another major reason,2.447,end NP,0,0,1,NA,NA,NA,1,NA,NA,NA,NA,NA,6
"for the growth of onine<BACKSPACE3>lind <BACKSPACE2>e dating, in my opinion, is",1.006,end VP,NA,NA,NA,NA,NA,2,NA,NA,NA,NA,NA,NA,6
the con<BACKSPACE3>economic state of the world.,1.439,end sentence,NA,NA,NA,NA,1,NA,NA,NA,NA,NA,NA,NA,6
Goods and services,1.007,end NP,0,0,1,NA,NA,NA,1,NA,NA,NA,NA,NA,6
re<BACKSPACE2>are constantly,2.302,end NP,NA,NA,NA,NA,1,NA,NA,NA,NA,NA,NA,NA,6
"becomingm<BACKSPACE1> more expensive,",6.127,end sentence,NA,NA,NA,NA,1,NA,NA,NA,NA,NA,NA,NA,6
whilst,1.711,end NP,NA,NA,NA,NA,NA,NA,NA,NA,NA,NA,NA,NA,6
wages have rem<BACKSPACE1>mained relatively<BACKSPACE22>ve nto <BACKSPACE3>ot grown in,4.031,mid PP,0,17,1,NA,NA,NA,1,NA,NA,NA,NA,NA,6
"an equivalent way to these prices,",1.839,end clause,NA,NA,NA,NA,1,NA,NA,NA,NA,NA,NA,NA,6
thus,1.616,end NP,NA,NA,NA,NA,NA,NA,NA,NA,NA,NA,NA,NA,6
"regular<BACKSPACE7>it is harder for reguar<BACKSPACE2>lar people to afford to go out as often, subsequenyly<BACKSPACE3>tly meaning",17.616,end NP,6,7,NA,1,NA,3,NA,1,NA,NA,NA,NA,6
"they meet feewe<BACKSPACE3>wer people in real life, again making online dating one of the only options.",15.854,end sentence,0,83,1,NA,1,1,1,NA,NA,NA,NA,NA,6
It is difficult to say whether,11.136,end NP,NA,NA,NA,NA,NA,NA,NA,NA,NA,NA,NA,NA,6
<BACKSPACE30>Another factor to considerif<BACKSPACE2> si<BACKSPACE2>is that online dating is often,1.119,end NP,0,42,1,NA,NA,1,1,NA,NA,NA,NA,NA,6
<BACKSPACE1>,1.455,end NP,NA,NA,NA,NA,NA,NA,NA,NA,NA,NA,NA,NA,6
<BACKSPACE8>before meeting someone in eprs<BACKSPACE4>persno<BACKSPACE2>on,1.903,end clause,NA,NA,NA,NA,NA,NA,NA,NA,NA,NA,NA,NA,6
id<BACKSPACE1>s better o<BACKSPACE1>for peo<BACKSPACE1>rsonal safety,1.375,end sentence,NA,NA,NA,NA,1,1,NA,NA,NA,NA,NA,NA,6
", e<BACKSPACE1>which women are especially at",2.926,mid PP,NA,NA,NA,NA,NA,NA,NA,NA,NA,NA,NA,NA,6
<BACKSPACE23>,9.431,end NP,NA,NA,NA,NA,NA,NA,NA,NA,NA,NA,NA,NA,6
<MOUSECLICK>h<BACKSPACE1>generally,2.134,end NP,NA,NA,NA,NA,1,NA,NA,NA,NA,NA,NA,NA,6
<MOUSECLICK><HIGHLIGHT 1209:1208><MOUSECLICK><MOUSECLICK><BACKSPACE6>,2.975,end sentence,NA,NA,NA,NA,NA,NA,NA,NA,NA,NA,NA,NA,6
<BACKSPACE2>;,1.984,end sentence,NA,NA,NA,NA,NA,NA,NA,NA,NA,NA,NA,NA,6
<BACKSPACE2>,3.166,end sentence,NA,NA,NA,NA,NA,NA,NA,NA,NA,NA,NA,NA,6
. Women especially may not feel comfortbale<BACKSPACE4>able meeting someone,1.215,end sentence,1,51,NA,1,1,1,1,NA,NA,NA,NA,NA,6
"in person soon after talkung<BACKSPACE3>ing, as",4.127,end NP,NA,NA,NA,NA,1,2,NA,NA,NA,NA,NA,NA,6
the way someone comes across online can be vastly<BACKSPACE35>e [prt<BACKSPACE4>port<BACKSPACE2>tr<BACKSPACE2>rtrays themsevl,1.055,mid word,NA,NA,1,NA,1,2,NA,NA,1,NA,NA,NA,6
<BACKSPACE2>lf online canb<BACKSPACE1> be wildly differnet to<BACKSPACE6>ent to how,1.646,mid NP,2,30,NA,NA,NA,NA,1,NA,NA,NA,NA,NA,6
they,2.001,end NP,NA,NA,NA,NA,1,NA,NA,NA,NA,NA,NA,NA,6
<SPACE>,3.535,end NP,NA,NA,NA,NA,NA,NA,NA,NA,NA,NA,NA,NA,6
acu<BACKSPACE1>tually are.,1.6,end sentence,NA,NA,NA,NA,NA,NA,NA,NA,NA,NA,NA,NA,6
<BACKSPACE1>,2.576,end sentence,NA,NA,NA,NA,NA,NA,NA,NA,NA,NA,NA,NA,6
(e.g. they may acc<BACKSPACE1>t as<BACKSPACE1> certain way,1.567,end sentence,5,21,NA,1,1,NA,1,NA,NA,NA,NA,NA,6
to get what they want out of someone).,3.009,end sentence,NA,NA,NA,NA,1,1,NA,NA,NA,NA,NA,NA,6
Thereofre <BACKSPACE5>fore there is a strong argument to m<BACKSPACE1>be made for dating some <BACKSPACE1>one,1.63,end sentence,18,29,1,1,NA,NA,NA,NA,NA,NA,1,1,6
<BACKSPACE20> for gon<BACKSPACE1>ing on online dates with someone to get to tknow them<BACKSPACE10>know them bef<BACKSPACE1>tter,1.695,end sentence,NA,NA,NA,NA,1,2,NA,NA,NA,NA,NA,NA,6
for the personal safety of both parties.,10.079,end sentence,NA,NA,NA,NA,1,1,NA,NA,NA,NA,NA,NA,6
<ENTER1>,9.126,end sentence,NA,NA,NA,NA,NA,NA,NA,NA,NA,NA,NA,NA,6
<MOUSECLICK><ENTER1>,6.974,end sentence,NA,NA,NA,NA,NA,NA,NA,NA,NA,NA,NA,NA,6
<MOUSECLICK>,1.057,mid NP,NA,NA,NA,NA,NA,NA,NA,NA,NA,NA,NA,NA,6
<RIGHT5><BACKSPACE6> further,1.726,mid NP,NA,NA,NA,NA,NA,NA,NA,NA,NA,NA,NA,NA,6
<MOUSECLICK>,2.968,end sentence,NA,NA,NA,NA,NA,NA,NA,NA,NA,NA,NA,NA,6
<MOUSECLICK>,1.527,end sentence,NA,NA,NA,NA,NA,NA,NA,NA,NA,NA,NA,NA,6
<ENTER1>,1.206,end sentence,NA,NA,NA,NA,NA,NA,NA,NA,NA,NA,NA,NA,6
<MOUSECLICK>,19.544,end sentence,NA,NA,NA,NA,NA,NA,NA,NA,NA,NA,NA,NA,6
"O<BACKSPACE1>In oc<BACKSPACE2>contrast,",5.071,end NP,NA,NA,1,NA,NA,NA,NA,NA,NA,NA,NA,1,6
it can be said hat<BACKSPACE3>that the connection you may have so<BACKSPACE2>with someone onine<BACKSPACE3>luie<BACKSPACE3>ine may not be,1.199,end VP,19,43,NA,2,NA,2,NA,1,NA,1,NA,NA,6
the sme<BACKSPACE2>ame as the one you have in person,1.519,end sentence,NA,NA,NA,NA,2,1,NA,NA,NA,NA,NA,NA,6
;,3.343,end sentence,NA,NA,NA,NA,NA,NA,NA,NA,NA,NA,NA,NA,6
<BACKSPACE1>,3.343,end sentence,NA,NA,NA,NA,NA,NA,NA,NA,NA,NA,NA,NA,6
", considering hiow <BACKSPACE4>ow different the typoe<BACKSPACE4>wo o<BACKSPACE1>forms of communication can be.",10.895,end sentence,NA,NA,NA,NA,NA,NA,NA,NA,NA,NA,NA,NA,6
This,1.103,end NP,0,0,1,NA,NA,NA,1,NA,NA,NA,NA,NA,6
co,1.199,mid word,0,0,NA,NA,NA,NA,NA,NA,NA,NA,NA,NA,6
<BACKSPACE2>,2.656,end NP,0,0,NA,NA,NA,NA,NA,NA,NA,NA,NA,NA,6
"difficulty can be con<BACKSPACE1>mab<BACKSPACE2>batted somewhat through<BACKSPACE1>h video calls or similar, as<BACKSPACE2>whuich ar<BACKSPACE7>ich are more similar to real-<BACKSPACE1> life conversations in tersm fo<BACKSPACE5>ms of flow",2.095,mid PP,0,124,NA,NA,1,3,1,NA,NA,NA,NA,NA,6
<BACKSPACE4>conversation flow,3.199,end sentence,NA,NA,NA,NA,NA,NA,NA,NA,NA,NA,NA,NA,6
and connection,50.014,end sentence,NA,NA,NA,NA,NA,NA,NA,NA,NA,NA,NA,NA,6
".<ENTER1> In reality,",1.038,end PP,0,0,1,NA,NA,NA,NA,1,NA,NA,NA,NA,6
thea<BACKSPACE1> answre<BACKSPACE3>wer to this question depends entirely <BACKSPACE9>on a number of ac<BACKSPACE2>factors,2.143,end sentence,0,47,1,NA,1,1,1,NA,NA,NA,NA,NA,6
", incluind<BACKSPACE3>ding the",4.143,mid NP,NA,NA,NA,NA,NA,NA,NA,NA,NA,NA,NA,NA,6
personal,1.453,mid NP,NA,NA,NA,NA,1,NA,NA,NA,NA,NA,NA,NA,6
"ity types of the people involved (whether they re<BACKSPACE2>are intor<BACKSPACE5>more introverted or more outgi<BACKSPACE1>oing <BACKSPACE1>,",3.679,end sentence,41,38,NA,NA,1,2,1,NA,NA,NA,NA,NA,6
<BACKSPACE2>,1.136,end sentence,NA,NA,NA,NA,NA,NA,NA,NA,NA,NA,NA,NA,6
")<BACKSPACE1> for example),",2.143,end PP,NA,NA,NA,NA,1,NA,NA,NA,NA,NA,NA,NA,6
their past experiences,1.167,end NP,NA,NA,NA,NA,1,NA,NA,NA,NA,NA,NA,NA,6
", good or bad, of other relation<BACKSPACE17>both in other relationships or",1.247,end NP,NA,NA,NA,NA,1,NA,NA,NA,NA,NA,NA,NA,6
in their own persoan<BACKSPACE2>nal lives,39.424,end sentence,NA,NA,NA,NA,1,NA,NA,NA,NA,NA,NA,NA,6
", their economic situatiosn<BACKSPACE2>ns,",52.862,end sentence,NA,NA,NA,NA,NA,NA,NA,NA,NA,NA,NA,NA,6
<MOUSECLICK><HIGHLIGHT 2230:2225><MOUSECLICK><REPLACED>previous,2.198,mid PP,NA,NA,NA,NA,NA,NA,NA,NA,NA,NA,NA,NA,6
<MOUSECLICK>,18.423,end sentence,NA,NA,NA,NA,NA,NA,NA,NA,NA,NA,NA,NA,6
or their,12.591,mid NP,NA,NA,NA,NA,NA,NA,NA,NA,NA,NA,NA,NA,6
<BACKSPACE5>how they feel about,1.759,mid PP,NA,NA,NA,NA,NA,NA,NA,NA,NA,NA,NA,NA,6
<BACKSPACE19>weh<BACKSPACE2>hether they both feel comfortable and safe enough to,2.623,mid NP,NA,NA,NA,NA,2,2,NA,NA,NA,NA,NA,NA,6
meet each other in poer<BACKSPACE3>erson,1.407,end sentence,NA,NA,NA,NA,1,NA,NA,NA,NA,NA,NA,NA,6
after,3.791,end NP,NA,NA,NA,NA,NA,NA,NA,NA,NA,NA,NA,NA,6
<BACKSPACE5>before any,1.599,mid NP,NA,NA,NA,NA,NA,NA,NA,NA,NA,NA,NA,NA,6
<SPACE>,1.359,mid NP,NA,NA,NA,NA,NA,NA,NA,NA,NA,NA,NA,NA,6
dat,1.743,mid word,NA,NA,NA,NA,NA,NA,NA,NA,NA,NA,NA,NA,6
<BACKSPACE3>online dayte<BACKSPACE3>tes.,30.654,end sentence,NA,NA,NA,NA,1,NA,NA,NA,NA,NA,NA,NA,6
<ENTER1>,1.297,end sentence,NA,NA,NA,NA,NA,NA,NA,NA,NA,NA,NA,NA,6
<SPACE>,5.377,end sentence,NA,NA,NA,NA,NA,NA,NA,NA,NA,NA,NA,NA,6
It is entirely up the <BACKSPACE4>to the people involved,2.208,end sentence,5,0,1,NA,NA,NA,NA,NA,NA,NA,NA,1,6
whether,17.695,end NP,NA,NA,NA,NA,NA,NA,NA,NA,NA,NA,NA,NA,6
<BACKSPACE7>in wht<BACKSPACE1>at way there<BACKSPACE2>y,7.697,end NP,NA,NA,NA,NA,1,1,NA,NA,NA,NA,NA,NA,6
want o<BACKSPACE1>to begint<BACKSPACE1> their dating experience,3.216,end sentence,NA,NA,NA,NA,1,NA,NA,NA,NA,NA,NA,NA,6
", and",1.423,end NP,NA,NA,NA,NA,NA,NA,NA,NA,NA,NA,NA,NA,6
it is easy to see,7.31,end VP,5,0,1,NA,NA,NA,NA,1,NA,NA,NA,NA,6
why many people would choose to,8.159,mid VP,NA,NA,NA,NA,NA,NA,NA,NA,NA,NA,NA,NA,6
"date online before being comfortable neou<BACKSPACE4>enouhg<BACKSPACE2>gh to meet someone in er<BACKSPACE2>person. Pero<BACKSPACE1>sonall,<BACKSPACE1>y, however,",2.095,end NP,70,0,1,1,NA,3,NA,1,NA,NA,NA,1,6
I believe they<BACKSPACE4>,1.552,end VP,0,0,NA,NA,NA,NA,NA,1,NA,NA,NA,NA,6
there,1.823,end NP,0,0,1,NA,NA,NA,1,NA,NA,NA,NA,NA,6
<BACKSPACE2>,1.12,mid NP,0,0,NA,NA,NA,NA,NA,NA,NA,NA,NA,NA,6
"human connection you c<BACKSPACE1>get from meet<BACKSPACE4>dating<BACKSPACE6>goo<BACKSPACE1>ing on a physical date with someone is entirely differen t<BACKSPACE2>t too<BACKSPACE1> online datingm<BACKSPACE1>, an <BACKSPACE1>d it is very imf<BACKSPACE1>portant to<BACKSPACE2>to build that connection",19.759,end sentence,0,24,NA,NA,1,4,NA,1,NA,NA,NA,NA,6
"in the early stageso<BACKSPACE1> of a relationship, <BACKSPACE2>;",1.359,end sentence,NA,NA,NA,NA,1,NA,NA,NA,NA,NA,NA,NA,6
if,1.519,end NP,NA,NA,NA,NA,NA,NA,NA,NA,NA,NA,NA,NA,6
you talkt<BACKSPACE1> to someone online for months,1.071,end clause,0,33,1,NA,1,2,1,NA,NA,NA,NA,NA,6
and,1.711,end NP,NA,NA,NA,NA,NA,NA,NA,NA,NA,NA,NA,NA,6
thenf in<BACKSPACE4> finall m<BACKSPACE2>y meet them in person,1.296,end clause,NA,NA,NA,NA,1,3,NA,NA,NA,NA,NA,NA,6
"and theres<BACKSPACE1>'s no eo<BACKSPACE2>connctio<BACKSPACE3>ec<BACKSPACE3>ection,",2.671,end clause,11,0,NA,NA,1,NA,NA,NA,NA,NA,NA,1,6
you may feel that,1.023,end NP,0,13,1,NA,NA,NA,1,NA,NA,NA,NA,NA,6
you have wased<BACKSPACE3>ted<BACKSPACE3>sted,1.024,end VP,NA,NA,NA,NA,NA,NA,NA,NA,NA,NA,NA,NA,6
<SPACE>,2.207,end VP,NA,NA,NA,NA,NA,NA,NA,NA,NA,NA,NA,NA,6
those motn<BACKSPACE2>nths of talking when you could have been talking to someone with whom you,3.871,end NP,28,48,NA,2,2,NA,2,NA,NA,NA,NA,NA,6
h,1.601,mid word,NA,NA,NA,NA,NA,NA,NA,NA,NA,NA,NA,NA,6
ave<BACKSPACE4>may have as<BACKSPACE1> stronger,1.361,mid NP,NA,NA,NA,NA,1,NA,NA,NA,NA,NA,NA,NA,6
<SPACE>,1.471,mid NP,NA,NA,NA,NA,NA,NA,NA,NA,NA,NA,NA,NA,6
p<BACKSPACE1>,1.343,mid NP,NA,NA,NA,NA,NA,NA,NA,NA,NA,NA,NA,NA,6
perso<BACKSPACE5>eo<BACKSPACE2>in-person connection.,4.818,end sentence,NA,NA,NA,NA,NA,NA,NA,NA,NA,NA,NA,NA,6
This could lead to re<BACKSPACE2>w<BACKSPACE1>awak<BACKSPACE2>kwardness and resene<BACKSPACE1>tl<BACKSPACE1>ment if <BACKSPACE2>f you continue to pursure<BACKSPACE2>e a relationship with,4.095,mid PP,18,38,1,1,1,NA,2,NA,NA,NA,NA,NA,6
"the person wih<BACKSPACE1>th w<BACKSPACE47>to pursure the <BACKSPACE7>e the relationship, which is not a good fun<BACKSPACE2>oundation.",11.713,end sentence,36,0,NA,NA,1,NA,NA,NA,NA,NA,NA,NA,6
My opinion therefore is that in-person dates,6.895,end PP,0,33,1,1,NA,NA,1,NA,NA,NA,NA,1,6
are,10.079,end VP,NA,NA,NA,NA,NA,NA,NA,NA,NA,NA,NA,NA,6
<BACKSPACE3>are better for building he<BACKSPACE2>the foundations of a strong relationsi<BACKSPACE1>hip with someone (thoyugh<BACKSPACE4>ugh of course,5.263,end sentence,NA,NA,NA,NA,NA,3,NA,NA,NA,NA,NA,NA,6
it is impor<BACKSPACE1>rtat<BACKSPACE1>nt to first talk to someone online,5.072,end sentence,5,31,NA,1,1,1,NA,1,NA,NA,NA,NA,6
<SPACE>,1.247,end sentence,NA,NA,NA,NA,NA,NA,NA,NA,NA,NA,NA,NA,6
to build a baseline,10.43,end clause,NA,NA,NA,NA,1,NA,NA,NA,NA,NA,NA,NA,6
of trust,6.623,end sentence,NA,NA,NA,NA,NA,NA,NA,NA,NA,NA,NA,NA,6
and safety,6.798,end sentence,NA,NA,NA,NA,NA,NA,NA,NA,NA,NA,NA,NA,6
before,10.623,end NP,NA,NA,NA,NA,NA,NA,NA,NA,NA,NA,NA,NA,6
<SPACE>,2.448,end NP,NA,NA,NA,NA,NA,NA,NA,NA,NA,NA,NA,NA,6
this).,13.767,end sentence,NA,NA,NA,NA,1,NA,NA,NA,NA,NA,NA,NA,6
<MOUSECLICK><BACKSPACE5>The majority,2.912,mid NP,NA,NA,NA,NA,NA,NA,NA,NA,NA,NA,NA,NA,6
<RIGHT1><LEFT1>,2.702,end sentence,NA,NA,NA,NA,NA,NA,NA,NA,NA,NA,NA,NA,6
Dating can be a difficult,1.422,mid NP,0,18,1,NA,NA,NA,1,NA,NA,NA,NA,NA,7
experince,5.135,end sentence,NA,NA,NA,NA,1,NA,NA,NA,NA,NA,NA,NA,7
' <BACKSPACE2>,2.672,end sentence,NA,NA,NA,NA,NA,NA,NA,NA,NA,NA,NA,NA,7
;<BACKSPACE1>; <BACKSPACE2>,2.447,end sentence,NA,NA,NA,NA,NA,NA,NA,NA,NA,NA,NA,NA,7
@ <BACKSPACE3>,1.071,mid word,NA,NA,NA,NA,NA,NA,NA,NA,NA,NA,NA,NA,7
'<BACKSPACE1>n be a difficult experince.,2.511,end sentence,NA,NA,NA,NA,NA,NA,NA,NA,NA,NA,NA,NA,7
<BACKSPACE2>,2.384,end sentence,NA,NA,NA,NA,NA,NA,NA,NA,NA,NA,NA,NA,7
.,5.279,end sentence,NA,NA,NA,NA,NA,NA,NA,NA,NA,NA,NA,NA,7
``<BACKSPACE2>,1.423,end sentence,NA,NA,NA,NA,NA,NA,NA,NA,NA,NA,NA,NA,7
¬<BACKSPACE2>,1.073,end sentence,NA,NA,NA,NA,NA,NA,NA,NA,NA,NA,NA,NA,7
<BACKSPACE2>,1.887,end sentence,NA,NA,NA,NA,NA,NA,NA,NA,NA,NA,NA,NA,7
`<BACKSPACE1>,2.272,end sentence,NA,NA,NA,NA,NA,NA,NA,NA,NA,NA,NA,NA,7
¬<BACKSPACE1>,1.024,end sentence,NA,NA,NA,NA,NA,NA,NA,NA,NA,NA,NA,NA,7
"/<BACKSPACE1>.<BACKSPACE1>,",4.607,end sentence,NA,NA,NA,NA,NA,NA,NA,NA,NA,NA,NA,NA,7
<BACKSPACE1>,1.024,end sentence,NA,NA,NA,NA,NA,NA,NA,NA,NA,NA,NA,NA,7
"e, and",7.664,end NP,NA,NA,NA,NA,NA,NA,NA,NA,NA,NA,NA,NA,7
many min<BACKSPACE2>ay find it challenging<ENTER2>,3.473,end sentence,0,19,1,NA,1,NA,1,NA,NA,NA,NA,NA,7
Social anxiety<ENTER1>,1.105,end NP,NA,NA,NA,NA,NA,NA,NA,NA,NA,NA,NA,NA,7
Dating online,1.279,end NP,0,0,1,NA,NA,NA,1,NA,NA,NA,NA,NA,7
for the first couple of dates,1.55,end PP,NA,NA,NA,NA,NA,NA,NA,NA,NA,NA,NA,NA,7
<ENTER1>,5.585,end PP,NA,NA,NA,NA,NA,NA,NA,NA,NA,NA,NA,NA,7
Background infomration on,1.839,mid PP,NA,NA,NA,NA,NA,NA,NA,NA,NA,NA,NA,NA,7
dates<ENTER1>,3.137,end NP,NA,NA,NA,NA,NA,NA,NA,NA,NA,NA,NA,NA,7
They will want to get to know you <ENTER1>,1.12,end sentence,0,21,NA,NA,NA,NA,NA,NA,NA,NA,NA,NA,7
level of se<BACKSPACE2>inter,1.199,mid word,NA,NA,NA,NA,NA,NA,NA,NA,NA,NA,NA,NA,7
est,1.312,end sentence,NA,NA,NA,NA,NA,NA,NA,NA,NA,NA,NA,NA,7
.,2.701,end sentence,NA,NA,NA,NA,NA,NA,NA,NA,NA,NA,NA,NA,7
<ENTER1>,2.751,end sentence,NA,NA,NA,NA,NA,NA,NA,NA,NA,NA,NA,NA,7
<ENTER1>,1.056,end sentence,NA,NA,NA,NA,NA,NA,NA,NA,NA,NA,NA,NA,7
<BACKSPACE1>,2.59,end sentence,NA,NA,NA,NA,NA,NA,NA,NA,NA,NA,NA,NA,7
<MOUSECLICK>Pro<ENTER2>,1.232,end NP,NA,NA,NA,NA,NA,NA,NA,NA,NA,NA,NA,NA,7
<BACKSPACE1>,2.046,mid word,NA,NA,NA,NA,NA,NA,NA,NA,NA,NA,NA,NA,7
<MOUSECLICK><ENTER2>Con <ENTER1>,2.721,end NP,NA,NA,NA,NA,NA,NA,NA,NA,NA,NA,NA,NA,7
You,1.631,end NP,0,0,1,NA,NA,NA,1,NA,NA,NA,NA,NA,7
may get,1.087,end VP,NA,NA,NA,NA,NA,NA,NA,NA,NA,NA,NA,NA,7
catfished<ENTER1>,1.313,end VP,NA,NA,NA,NA,1,NA,NA,NA,NA,NA,NA,NA,7
People may not actually be interested but just wn<BACKSPACE1>ant someone to talk to<ENTER1>,2.944,end VP,0,63,1,NA,NA,2,1,NA,NA,NA,NA,NA,7
Digital chemistry may,1.007,mid VP,0,3,1,NA,NA,NA,1,NA,NA,NA,NA,NA,7
not be s<BACKSPACE1>the same as real life]<BACKSPACE1><ENTER1>,2.752,end NP,NA,NA,NA,NA,1,1,NA,NA,NA,NA,NA,NA,7
Social anxiety,1.758,end NP ,0,0,1,NA,NA,NA,1,NA,NA,NA,NA,NA,7
<BACKSPACE1>,1.088,end NP ,NA,NA,NA,NA,NA,NA,NA,NA,NA,NA,NA,NA,7
",",3.055,end NP ,NA,NA,NA,NA,NA,NA,NA,NA,NA,NA,NA,NA,7
may not actually claim to be who they say they are,2.918,end VP,NA,NA,NA,NA,NA,2,NA,NA,NA,NA,NA,NA,7
<MOUSECLICK><BACKSPACE10>,3.263,end NP,NA,NA,NA,NA,NA,NA,NA,NA,NA,NA,NA,NA,7
<MOUSECLICK><ENTER1>,4.775,NA,NA,NA,NA,NA,NA,NA,NA,NA,NA,NA,NA,NA,7
<MOUSECLICK>Dating <BACKSPACE8>,1.087,NA,NA,NA,NA,NA,NA,NA,NA,NA,NA,NA,NA,NA,7
F<BACKSPACE1>Digital vs,1.869,end NP ,NA,NA,NA,NA,NA,NA,NA,NA,NA,NA,NA,NA,7
.,3.185,end NP ,NA,NA,NA,NA,NA,NA,NA,NA,NA,NA,NA,NA,7
face to face,1.71,end NP ,NA,NA,NA,NA,NA,NA,NA,NA,NA,NA,NA,NA,7
<MOUSECLICK>,1.088,NA,NA,NA,NA,NA,NA,NA,NA,NA,NA,NA,NA,NA,7
<SPACE>,2.14,NA,NA,NA,NA,NA,NA,NA,NA,NA,NA,NA,NA,NA,7
<MOUSECLICK>,2.919,end NP,NA,NA,NA,NA,NA,NA,NA,NA,NA,NA,NA,NA,7
<MOUSECLICK><MOUSECLICK>dating,2.005,mid NP,NA,NA,NA,NA,NA,NA,NA,NA,NA,NA,NA,NA,7
<SPACE>,6.959,mid NP,NA,NA,NA,NA,NA,NA,NA,NA,NA,NA,NA,NA,7
<MOUSECLICK><BACKSPACE7>,2.327,mid NP,NA,NA,NA,NA,NA,NA,NA,NA,NA,NA,NA,NA,7
<MOUSECLICK> dating,1.696,end NP ,NA,NA,NA,NA,NA,NA,NA,NA,NA,NA,NA,NA,7
<MOUSECLICK><BACKSPACE13>,3.039,NA,NA,NA,NA,NA,NA,NA,NA,NA,NA,NA,NA,NA,7
<MOUSECLICK>,2.64,end sentence,NA,NA,NA,NA,NA,NA,NA,NA,NA,NA,NA,NA,7
to find the right person,1.871,end NP,NA,NA,NA,NA,1,NA,NA,NA,NA,NA,NA,NA,7
to g<BACKSPACE1>spend quality time,1.023,end NP,NA,NA,NA,NA,1,NA,NA,NA,NA,NA,NA,NA,7
"with. In todays society,",2.049,end PP,6,0,NA,NA,NA,NA,NA,NA,1,NA,NA,NA,7
there are many,1.088,mid NP,NA,NA,NA,NA,NA,NA,NA,NA,NA,NA,NA,NA,7
dat<BACKSPACE2>,2.175,mid word,NA,NA,1,NA,NA,NA,NA,NA,NA,NA,NA,NA,7
<BACKSPACE1>,1.151,mid NP,NA,NA,NA,NA,NA,NA,NA,NA,NA,NA,NA,NA,7
different,1.198,mid NP,NA,NA,NA,NA,NA,NA,NA,NA,NA,NA,NA,NA,7
ways,1.071,mid NP,NA,NA,NA,NA,NA,NA,NA,NA,NA,NA,NA,NA,7
to find and meet,1.103,end NP,NA,NA,NA,NA,NA,NA,NA,NA,NA,NA,NA,NA,7
new people. Dating apps,1.296,end NP,12,0,1,NA,1,NA,1,NA,NA,NA,NA,NA,7
have become nora<BACKSPACE1>malized in <BACKSPACE3>when seeking love.,6.799,end sentence,NA,NA,NA,NA,1,1,NA,NA,NA,NA,NA,NA,7
While this <BACKSPACE5>,12.974,end NP,NA,NA,NA,NA,NA,NA,NA,NA,NA,NA,NA,NA,7
t<BACKSPACE1>,1.024,end NP,NA,NA,NA,NA,NA,NA,NA,NA,NA,NA,NA,NA,7
some think,1.711,end VP,0,5,1,NA,NA,NA,1,NA,NA,NA,NA,NA,7
<BACKSPACE6>prefer,1.759,end VP,NA,NA,NA,NA,NA,NA,NA,NA,NA,NA,NA,NA,7
to talk to strang<BACKSPACE9>,3.247,end clause,NA,NA,NA,NA,NA,NA,NA,NA,NA,NA,NA,NA,7
"to people online, other <BACKSPACE1>s look",1.711,end VP,NA,NA,NA,NA,NA,3,NA,NA,NA,NA,NA,NA,7
<BACKSPACE5>,3.216,end NP,NA,NA,NA,NA,NA,NA,NA,NA,NA,NA,NA,NA,7
prefer meeting them in person.,2.88,end sentence,NA,NA,NA,NA,1,1,NA,NA,NA,NA,NA,NA,7
This essay will argue for and against mee<BACKSPACE3>talking to people,1.407,end sentence,0,44,1,NA,1,1,1,NA,NA,NA,NA,NA,7
on,1.439,mid PP,NA,NA,NA,NA,NA,NA,NA,NA,NA,NA,NA,NA,7
<BACKSPACE20>,1.535,end VP,NA,NA,NA,NA,NA,NA,NA,NA,NA,NA,NA,NA,7
spending the first few dates online.,2.783,end sentence,NA,NA,NA,NA,1,1,NA,NA,NA,NA,NA,NA,7
<MOUSECLICK><BACKSPACE1><ENTER1>,1.423,end sentence,NA,NA,NA,NA,NA,NA,NA,NA,NA,NA,NA,NA,7
<MOUSECLICK>,1.023,end NP,NA,NA,NA,NA,NA,NA,NA,NA,NA,NA,NA,NA,7
<MOUSECLICK><BACKSPACE1>,2.51,end sentence,NA,NA,NA,NA,NA,NA,NA,NA,NA,NA,NA,NA,7
<SPACE>,5.136,end sentence,NA,NA,NA,NA,NA,NA,NA,NA,NA,NA,NA,NA,7
One,1.151,end NP,0,0,NA,NA,NA,NA,1,NA,NA,NA,NA,NA,7
of the,2.845,mid NP,0,0,NA,NA,NA,NA,NA,NA,NA,NA,NA,NA,7
<ENTER1>,1.895,mid PP,0,0,NA,NA,NA,NA,NA,NA,NA,NA,NA,NA,7
<MOUSECLICK>,2.824,mid NP,0,0,NA,NA,NA,NA,NA,NA,NA,NA,NA,NA,7
main,1.551,mid NP,0,0,NA,NA,NA,NA,NA,NA,NA,NA,NA,NA,7
pro<BACKSPACE8>pros,1.407,mid NP,0,0,1,NA,NA,NA,NA,NA,NA,NA,NA,NA,7
of,2.063,mid NP,0,0,NA,NA,NA,NA,NA,NA,NA,NA,NA,NA,7
<BACKSPACE9>,1.52,mid NP,0,0,NA,NA,NA,NA,NA,NA,NA,NA,NA,NA,7
<SPACE>,2.479,mid NP,0,0,NA,NA,NA,NA,NA,NA,NA,NA,NA,NA,7
pros,1.36,mid NP,0,0,NA,NA,NA,NA,NA,NA,NA,NA,NA,NA,7
of,1.007,mid NP,NA,NA,NA,NA,NA,NA,NA,NA,NA,NA,NA,NA,7
havig<BACKSPACE1>ng digital,1.103,mid NP,NA,NA,NA,NA,1,NA,NA,NA,NA,NA,NA,NA,7
dating apps is that it allows w<BACKSPACE1>people with social anxietyu <BACKSPACE2>,1.087,end NP,NA,NA,NA,NA,1,1,NA,NA,NA,NA,NA,NA,7
to,2.911,mid VP,NA,NA,NA,NA,NA,NA,NA,NA,NA,NA,NA,NA,7
meet new people without <ENTER1>,1.728,mid PP,NA,NA,NA,NA,NA,1,NA,NA,NA,NA,NA,NA,7
<MOUSECLICK>the fear of having to,1.839,mid VP,NA,NA,NA,NA,1,NA,NA,NA,NA,NA,NA,NA,7
talk to them in person.,11.503,end sentence,NA,NA,NA,NA,1,1,NA,NA,NA,NA,NA,NA,7
"Some may find it easier to conect to others online, and therefore,",1.919,end NP,0,0,1,NA,NA,3,1,NA,NA,NA,NA,1,7
spending the first few dates online would allow them to relax and,2.735,end NP,0,29,1,NA,NA,2,1,NA,NA,NA,NA,NA,7
actually get,1.295,end VP,NA,NA,1,NA,NA,NA,NA,NA,NA,NA,NA,NA,7
"ting to know the persomn <BACKSPACE3>n without having to fear rejection,<BACKSPACE1>",1.999,end sentence,NA,NA,NA,NA,1,1,NA,NA,NA,NA,NA,NA,7
.,8.238,end sentence,NA,NA,NA,NA,NA,NA,NA,NA,NA,NA,NA,NA,7
<ENTER1>,1.568,end sentence,NA,NA,NA,NA,NA,NA,NA,NA,NA,NA,NA,NA,7
"<BACKSPACE1>However, the",1.52,mid NP,0,0,1,NA,NA,NA,1,NA,NA,NA,NA,1,7
<BACKSPACE1>,1.487,mid NP,NA,NA,NA,NA,NA,NA,NA,NA,NA,NA,NA,NA,7
<BACKSPACE1>is could lead <BACKSPACE1>,1.232,end VP,0,10,NA,NA,NA,NA,NA,NA,NA,NA,NA,NA,7
to the other person getting led on,3.328,end NP,NA,NA,NA,NA,NA,1,NA,NA,NA,NA,NA,NA,7
if t<BACKSPACE36>,1.008,end VP,NA,NA,NA,NA,NA,NA,NA,NA,NA,NA,NA,NA,7
dissapointe<BACKSPACE1>m<BACKSPACE1>ment,4.528,end NP,NA,NA,NA,NA,1,NA,NA,NA,NA,NA,NA,NA,7
when they actauul<BACKSPACE3>,1.039,mid word,5,3,NA,1,NA,NA,1,NA,NA,NA,NA,NA,7
<BACKSPACE1>ually meet in person and the chemistry <BACKSPACE10>person is very introverted an <BACKSPACE1>d a,1.263,mid NP,NA,NA,NA,1,NA,2,NA,NA,NA,NA,NA,NA,7
xious.,4.246,end sentence,NA,NA,NA,NA,1,NA,NA,NA,NA,NA,NA,NA,7
<MOUSECLICK>also,3.806,end word,NA,NA,NA,NA,NA,NA,NA,NA,NA,NA,NA,NA,7
<MOUSECLICK>,8.12,end sentence,NA,NA,NA,NA,NA,NA,NA,NA,NA,NA,NA,NA,7
<HIGHLIGHT 1024:1067><BACKSPACE2>,2.471,mid NP,NA,NA,NA,NA,NA,NA,NA,NA,NA,NA,NA,NA,7
<HIGHLIGHT 1005:1019><BACKSPACE1>,1.015,end sentence,NA,NA,NA,NA,NA,NA,NA,NA,NA,NA,NA,NA,7
<MOUSECLICK><ENTER1>,3.937,end sentence,NA,NA,NA,NA,NA,NA,NA,NA,NA,NA,NA,NA,7
<SPACE>,7.167,end sentence,NA,NA,NA,NA,NA,NA,NA,NA,NA,NA,NA,NA,7
Another pri <BACKSPACE2>o,5.935,end NP,0,0,1,NA,NA,NA,1,NA,NA,NA,NA,NA,7
is that,17.359,mid NP,NA,NA,NA,NA,NA,NA,NA,NA,NA,NA,NA,NA,7
you get to,2.319,mid VP,NA,NA,NA,NA,NA,NA,NA,NA,NA,NA,NA,NA,7
actually learn their background infor,1.119,mid word,NA,NA,NA,NA,1,NA,NA,NA,NA,NA,NA,NA,7
mation and,3.999,end sentence,NA,NA,NA,NA,NA,NA,NA,NA,NA,NA,NA,NA,7
<BACKSPACE4>before you fully commit to meeting them in person.,2.015,end sentence,NA,NA,NA,2,1,NA,NA,NA,NA,NA,NA,NA,7
It,2.19,end NP,NA,NA,NA,NA,NA,NA,NA,NA,NA,NA,NA,NA,7
<BACKSPACE3>The connection wil <BACKSPACE1>l be built on,1.36,end VP,0,16,1,NA,NA,NA,1,NA,NA,NA,NA,NA,7
interest <BACKSPACE9>p,2.271,mid word,NA,NA,NA,NA,NA,NA,NA,NA,NA,NA,NA,NA,7
<BACKSPACE4>upomn <BACKSPACE3>n the desire to,3.792,mid NP,NA,NA,NA,NA,NA,1,NA,NA,NA,NA,NA,NA,7
get to know,3.312,end VP,NA,NA,NA,NA,NA,NA,NA,NA,NA,NA,NA,NA,7
the,1.23,mid NP,NA,NA,NA,NA,1,NA,NA,NA,NA,NA,NA,NA,7
person,9.823,end NP,NA,NA,NA,NA,NA,NA,NA,NA,NA,NA,NA,NA,7
<BACKSPACE1>,1.679,end NP,NA,NA,NA,NA,NA,NA,NA,NA,NA,NA,NA,NA,7
<BACKSPACE5>,2.55,mid word,NA,NA,NA,NA,NA,NA,NA,NA,NA,NA,NA,NA,7
<MOUSECLICK><BACKSPACE3>If the,2.318,end NP,0,0,NA,NA,NA,NA,1,NA,NA,NA,NA,NA,7
<MOUSECLICK><ENTER2><MOUSECLICK>,2.328,end sentence,NA,NA,NA,NA,NA,NA,NA,NA,NA,NA,NA,NA,7
is,4.974,end VP,0,0,NA,NA,NA,NA,NA,NA,NA,NA,NA,NA,7
des,1.455,mid word,0,0,NA,NA,NA,NA,NA,NA,NA,NA,NA,NA,7
ired on both ends this will,2.862,mid VP,0,9,NA,1,NA,1,NA,NA,NA,NA,NA,NA,7
build up desire,3.2,end sentence,NA,NA,NA,NA,1,NA,NA,NA,NA,NA,NA,NA,7
"to get to know them in person. On the other hand,",2.656,end PP,31,0,NA,NA,NA,2,NA,NA,NA,NA,NA,1,7
the chemistry i<BACKSPACE1>might be off,2.671,end sentence,0,12,1,NA,1,NA,1,NA,NA,NA,NA,NA,7
and both peopl<BACKSPACE5>,1.855,mid NP,4,0,1,NA,NA,NA,1,NA,NA,NA,NA,NA,7
people could walk away dissapointed and feeling as if they have wasited time and ee<BACKSPACE1>nergy <BACKSPACE1>.,4.598,end sentence,0,29,NA,NA,1,3,NA,NA,NA,NA,NA,NA,7
<HIGHLIGHT 1375:1519><BACKSPACE1>,2.759,end sentence,NA,NA,NA,NA,NA,NA,NA,NA,NA,NA,NA,NA,7
<MOUSECLICK><ENTER1>,1.056,end sentence,NA,NA,NA,NA,NA,NA,NA,NA,NA,NA,NA,NA,7
<SPACE>,1.823,end sentence,NA,NA,NA,NA,NA,NA,NA,NA,NA,NA,NA,NA,7
One of the main,1.055,mid NP,0,0,1,NA,NA,NA,1,NA,NA,NA,NA,NA,7
<BACKSPACE1>cons,1.391,end NP,0,0,NA,NA,NA,NA,NA,NA,NA,NA,NA,NA,7
would be that,8.159,end VP,NA,NA,NA,NA,NA,NA,NA,NA,NA,NA,NA,NA,7
people might fear that they are bing led on,1.024,end sentence,NA,NA,NA,NA,1,NA,NA,NA,NA,NA,NA,NA,7
by,1.103,mid PP,NA,NA,NA,NA,NA,1,NA,NA,NA,NA,NA,NA,7
a stranger o,1.551,mid PP,NA,NA,NA,NA,1,NA,NA,NA,NA,NA,NA,NA,7
"nline, who has no",1.215,mid NP,NA,NA,NA,NA,2,NA,NA,NA,NA,NA,NA,NA,7
interest in actually wanting to meet in per<BACKSPACE10>,4.832,end VP,NA,NA,NA,NA,1,NA,NA,NA,NA,NA,NA,NA,7
<BACKSPACE13> dating them.,6.255,end sentence,NA,NA,NA,NA,NA,NA,NA,NA,NA,NA,NA,NA,7
Some,2.59,end NP,0,0,1,NA,NA,NA,1,NA,NA,NA,NA,NA,7
may fear that the other person is talking to them ot<BACKSPACE1>ut of boredom,2.031,end sentence,NA,NA,NA,NA,1,2,NA,NA,NA,NA,NA,NA,7
", or",4.544,end NP,NA,NA,NA,NA,NA,NA,NA,NA,NA,NA,NA,NA,7
lon,1.295,mid word,NA,NA,NA,NA,1,NA,NA,NA,NA,NA,NA,NA,7
liness. This could result in dissapointment,4.606,end sentence,8,30,NA,1,1,NA,1,NA,NA,NA,NA,NA,7
and,11.441,end NP,NA,NA,NA,NA,NA,NA,NA,NA,NA,NA,NA,NA,7
"<BACKSPACE5>, <BACKSPACE2>.",2.926,end sentence,NA,NA,NA,NA,NA,NA,NA,NA,NA,NA,NA,NA,7
<ENTER1>,1.424,end sentence,NA,NA,NA,NA,NA,NA,NA,NA,NA,NA,NA,NA,7
<SPACE>,1.887,end sentence,NA,NA,NA,NA,NA,NA,NA,NA,NA,NA,NA,NA,7
Another con,1.343,end NP,0,0,1,NA,NA,NA,1,NA,NA,NA,NA,NA,7
"c<BACKSPACE1>would be fear of being catfished,",5.023,end sentence,NA,NA,NA,NA,1,NA,NA,NA,NA,NA,NA,NA,7
<BACKSPACE2>. One of the many dangers of the interent is that you have <BACKSPACE2>,1.152,end VP,0,16,1,NA,NA,1,1,NA,NA,NA,NA,NA,7
<BACKSPACE7>anyone can go on dating aps. <BACKSPACE3>ps.,1.695,end sentence,NA,NA,NA,NA,2,NA,NA,NA,NA,NA,NA,NA,7
What <BACKSPACE5>,6.495,end sentence,NA,NA,NA,NA,NA,NA,NA,NA,NA,NA,NA,NA,7
If the dating app would be a digital,1.136,mid NP,3,18,NA,1,1,NA,1,NA,NA,NA,NA,NA,7
video,1.039,end NP,NA,NA,NA,NA,NA,NA,NA,NA,NA,NA,NA,NA,7
conference,3.213,end NP,NA,NA,NA,NA,NA,NA,NA,NA,NA,NA,NA,NA,7
yo,1.231,mid word,0,0,1,NA,NA,NA,1,NA,NA,NA,NA,NA,7
"u would see the person in front of you, however, this may led to",9.616,end VP,0,10,NA,2,NA,2,2,NA,NA,NA,NA,1,7
<BACKSPACE1>,1.216,end VP,NA,NA,NA,NA,NA,NA,NA,NA,NA,NA,NA,NA,7
<BACKSPACE15>if it was onli<BACKSPACE1>y sp,1.006,mid word,NA,NA,NA,NA,NA,NA,NA,NA,NA,NA,NA,NA,7
eakig<BACKSPACE1>ng on the phone or chatting,1.455,end clause,NA,NA,NA,NA,NA,NA,NA,NA,NA,NA,NA,NA,7
<SPACE>,1.344,end clause,NA,NA,NA,NA,NA,NA,NA,NA,NA,NA,NA,NA,7
you have no idea wh<BACKSPACE2>what the person looks like. <BACKSPACE2>,1.119,end sentence,0,40,NA,NA,2,1,1,NA,NA,NA,NA,NA,7
. While this could,1.855,mid VP,8,5,NA,1,NA,NA,NA,NA,NA,NA,NA,NA,7
contribute to datin <BACKSPACE1>g people base<BACKSPACE1>ed on,1.168,mid PP,NA,NA,NA,NA,NA,1,NA,NA,NA,NA,NA,NA,7
"personality, it could also lead to",4.911,end VP,15,0,NA,1,1,NA,NA,NA,NA,NA,1,NA,7
meeting a predator or,2.653,end sentence,NA,NA,NA,NA,NA,1,NA,NA,NA,NA,NA,NA,7
"someone who is not who they claimed to be,.<BACKSPACE2>.",5.046,end sentence,NA,NA,NA,NA,1,1,NA,NA,NA,NA,NA,NA,7
<HIGHLIGHT 2125:2333><BACKSPACE3><ENTER1>,1.072,end sentence,NA,NA,NA,NA,NA,NA,NA,NA,NA,NA,NA,NA,7
In concls<BACKSPACE2>,1.04,mid word,0,0,NA,NA,NA,NA,NA,NA,NA,NA,NA,1,7
lusiomn <BACKSPACE3>m <BACKSPACE2>n,4.662,end PP,0,0,NA,NA,NA,NA,NA,NA,NA,NA,NA,NA,7
<MOUSECLICK>,7.479,end sentence,NA,NA,NA,NA,NA,NA,NA,NA,NA,NA,NA,NA,7
<ENTER2>,1.735,end sentence,NA,NA,NA,NA,NA,NA,NA,NA,NA,NA,NA,NA,7
<MOUSECLICK>,3.48,end sentence,NA,NA,NA,NA,NA,NA,NA,NA,NA,NA,NA,NA,7
<BACKSPACE2> in todays society.,2.751,end sentence,NA,NA,NA,NA,1,NA,NA,NA,NA,NA,NA,NA,7
Many struggle to find the,2.222,mid NP,0,20,1,NA,NA,NA,1,NA,NA,NA,NA,NA,7
right person,1.055,end sentence,NA,NA,NA,NA,1,NA,NA,NA,NA,NA,NA,NA,7
to spend quality tim <BACKSPACE1>e with,4.623,end sentence,NA,NA,NA,NA,NA,1,NA,NA,NA,NA,NA,NA,7
and in todays,1.231,mid PP,NA,NA,NA,NA,NA,NA,NA,NA,NA,NA,NA,NA,7
<BACKSPACE10>there are s,5.455,mid word,NA,NA,NA,NA,NA,NA,NA,NA,NA,NA,NA,NA,7
"<BACKSPACE16>,",1.087,end sentence,NA,NA,NA,NA,NA,NA,NA,NA,NA,NA,NA,NA,7
even though there are multiple,2.19,mid NP,22,0,1,NA,NA,NA,NA,NA,NA,NA,1,NA,7
chanels to meet,1.152,end NP,0,7,NA,NA,NA,NA,NA,NA,NA,NA,NA,NA,7
new people/ <BACKSPACE2>.,7.167,end sentence,NA,NA,NA,NA,1,NA,NA,NA,NA,NA,NA,NA,7
D,8.175,mid word,NA,NA,NA,NA,NA,NA,NA,NA,NA,NA,NA,NA,7
<BACKSPACE1>Online dating aps<BACKSPACE1>ps,2.351,end NP,0,0,1,NA,NA,NA,1,NA,NA,NA,NA,NA,7
have become more and more,11.761,mid NP,NA,NA,NA,NA,NA,NA,NA,NA,NA,NA,NA,NA,7
"normalized,",1.344,end sentence,NA,NA,NA,NA,1,NA,NA,NA,NA,NA,NA,NA,7
yet,3.663,end NP,NA,NA,NA,NA,NA,NA,NA,NA,NA,NA,NA,NA,7
some people still prefer to,1.375,mid VP,0,15,1,NA,NA,NA,1,NA,NA,NA,NA,NA,7
meet new people in real life,2.176,end sentence,NA,NA,NA,NA,1,1,NA,NA,NA,NA,NA,NA,7
". Hoe<BACKSPACE1>wever,",3.95,end NP,2,0,NA,NA,NA,NA,NA,NA,NA,NA,NA,1,7
<BACKSPACE13>,2.192,mid word,NA,NA,NA,NA,NA,NA,NA,NA,NA,NA,NA,NA,7
fe,13.439,end sentence,NA,NA,NA,NA,NA,NA,NA,NA,NA,NA,NA,NA,7
<MOUSECLICK>,1.024,mid NP,NA,NA,NA,NA,NA,NA,NA,NA,NA,NA,NA,NA,7
<BACKSPACE7>,2.208,mid NP,NA,NA,NA,NA,NA,NA,NA,NA,NA,NA,NA,NA,7
<BACKSPACE9>many differenrt <BACKSPACE3>t ways,3.142,mid NP,NA,NA,1,NA,NA,NA,NA,NA,NA,NA,NA,NA,7
<MOUSECLICK>,3,end sentence,NA,NA,NA,NA,NA,NA,NA,NA,NA,NA,NA,NA,7
<BACKSPACE1>. Thus,3.552,end NP,0,0,NA,NA,NA,NA,NA,1,NA,NA,NA,NA,7
essay will,2.783,mid VP,0,4,1,NA,NA,NA,1,NA,NA,NA,NA,NA,7
argue for and against,5.839,mid NP,NA,NA,NA,NA,1,NA,NA,NA,NA,NA,NA,NA,7
"online dating, and",5.424,end sentence,NA,NA,NA,NA,1,NA,NA,NA,NA,NA,NA,NA,7
wether or nor <BACKSPACE2>t is is <BACKSPACE8>,1.52,mid NP,NA,NA,NA,NA,NA,NA,NA,NA,NA,NA,NA,NA,7
t the first,2.095,mid NP,NA,NA,1,NA,NA,NA,NA,NA,NA,NA,NA,NA,7
couple of dates should be,1.247,end VP,NA,NA,NA,NA,NA,NA,NA,NA,NA,NA,NA,NA,7
online.,2.606,end sentence,NA,NA,NA,NA,1,NA,NA,NA,NA,NA,NA,NA,7
<HIGHLIGHT 513:888><BACKSPACE1>,2.422,end sentence,NA,NA,NA,NA,NA,NA,NA,NA,NA,NA,NA,NA,7
<MOUSECLICK>,10.103,mid VP,NA,NA,NA,NA,NA,NA,NA,NA,NA,NA,NA,NA,7
<MOUSECLICK>,2.584,mid VP,NA,NA,NA,NA,NA,NA,NA,NA,NA,NA,NA,NA,7
<MOUSECLICK><BACKSPACE1>i,4.126,mid word,NA,NA,NA,NA,NA,NA,NA,NA,NA,NA,NA,NA,7
<MOUSECLICK>,1.568,end sentence,NA,NA,NA,NA,NA,NA,NA,NA,NA,NA,NA,NA,7
<SPACE>,1.472,end sentence,NA,NA,NA,NA,NA,NA,NA,NA,NA,NA,NA,NA,7
One of the m,2.832,mid word,0,0,NA,NA,NA,NA,1,NA,NA,NA,NA,NA,7
ain <BACKSPACE16>,1.087,end sentence,NA,NA,NA,NA,NA,NA,NA,NA,NA,NA,NA,NA,7
One of the,1.374,mid NP,0,0,1,NA,NA,NA,NA,NA,NA,NA,NA,NA,7
pros of,3.903,mid NP,0,0,NA,NA,NA,NA,NA,NA,NA,NA,NA,NA,7
online dating apps is that us <BACKSPACE3>it allows,1.311,end VP,0,17,NA,NA,NA,NA,NA,NA,NA,NA,NA,NA,7
people with social anxiety to meet new people,1.231,end sentence,NA,NA,NA,NA,2,NA,NA,NA,NA,NA,NA,NA,7
", without the fear of having to talk to them in person.",1.343,end sentence,NA,NA,NA,NA,1,1,NA,NA,NA,NA,NA,NA,7
Some may find,1.535,end VP,0,8,1,NA,NA,NA,1,NA,NA,NA,NA,NA,7
<BACKSPACE5>even find it easier to talk to people onl<BACKSPACE10>meet and talk to people onl,1.631,mid word,NA,NA,NA,NA,1,3,NA,NA,NA,NA,NA,NA,7
ine. <BACKSPACE2>,9.119,end sentence,NA,NA,NA,NA,NA,NA,NA,NA,NA,NA,NA,NA,7
.,6.688,end sentence,NA,NA,NA,NA,NA,NA,NA,NA,NA,NA,NA,NA,7
"Spedning the first couple of dates would therefore, <BACKSPACE2>",1.199,end NP,0,0,NA,NA,NA,NA,NA,NA,NA,NA,NA,NA,7
allow them to actually relaxing and,2.544,mid NP,NA,NA,NA,NA,NA,NA,NA,NA,NA,NA,NA,NA,7
getting to know,1.759,end VP,NA,NA,NA,NA,NA,NA,NA,NA,NA,NA,NA,NA,7
t,1.167,mid word,NA,NA,NA,NA,NA,NA,NA,NA,NA,NA,NA,NA,7
he person,3.35,end sentence,NA,NA,NA,NA,NA,NA,NA,NA,NA,NA,NA,NA,7
<MOUSECLICK><BACKSPACE6>ending,1.574,mid NP,NA,NA,NA,NA,NA,NA,NA,NA,NA,NA,NA,NA,7
withu<BACKSPACE1>out the fear o,1.935,mid word,NA,NA,NA,NA,NA,NA,NA,NA,NA,NA,NA,NA,7
f meeting them in person for the first tim<BACKSPACE1>,5.007,end sentence,NA,NA,NA,NA,NA,NA,NA,NA,NA,NA,NA,NA,7
<BACKSPACE59>before e<BACKSPACE1>meeting them in real life.,9.19,end sentence,NA,NA,NA,NA,1,1,NA,NA,NA,NA,NA,NA,7
<HIGHLIGHT 893:1389><MOUSECLICK>,1.296,end sentence,NA,NA,NA,NA,NA,NA,NA,NA,NA,NA,NA,NA,7
<HIGHLIGHT 893:1259><BACKSPACE4>,2.662,end sentence,NA,NA,NA,NA,NA,NA,NA,NA,NA,NA,NA,NA,7
<MOUSECLICK><BACKSPACE1>,2.311,end sentence,NA,NA,NA,NA,NA,NA,NA,NA,NA,NA,NA,NA,7
<MOUSECLICK>,3.76,end sentence,NA,NA,NA,NA,NA,NA,NA,NA,NA,NA,NA,NA,7
<HIGHLIGHT 890:1019>,1.08,end sentence,NA,NA,NA,NA,NA,NA,NA,NA,NA,NA,NA,NA,7
<MOUSECLICK>,5.232,end sentence,NA,NA,NA,NA,NA,NA,NA,NA,NA,NA,NA,NA,7
<MOUSECLICK>,3.431,end sentence,NA,NA,NA,NA,NA,NA,NA,NA,NA,NA,NA,NA,7
<MOUSECLICK>,6.768,end NP,NA,NA,NA,NA,NA,NA,NA,NA,NA,NA,NA,NA,7
<MOUSECLICK><BACKSPACE1>,1.007,end sentence,NA,NA,NA,NA,NA,NA,NA,NA,NA,NA,NA,NA,7
", if theyt <BACKSPACE2> all of a sudden appear",3.388,end VP ,NA,NA,NA,1,NA,NA,NA,NA,NA,NA,NA,NA,7
<HIGHLIGHT 1026:1003><BACKSPACE1><ENTER1>,1.103,end VP ,NA,NA,NA,NA,NA,NA,NA,NA,NA,NA,NA,NA,7
<BACKSPACE1>,2.127,end VP ,NA,NA,NA,NA,NA,NA,NA,NA,NA,NA,NA,NA,7
<MOUSECLICK>,4.287,end VP ,NA,NA,NA,NA,NA,NA,NA,NA,NA,NA,NA,NA,7
<MOUSECLICK>,1.616,end sentence,NA,NA,NA,NA,NA,NA,NA,NA,NA,NA,NA,NA,7
<MOUSECLICK><MOUSECLICK><MOUSECLICK>,6.343,end sentence,NA,NA,NA,NA,NA,NA,NA,NA,NA,NA,NA,NA,7
<MOUSECLICK><MOUSECLICK> actually,3.431,end NP,NA,NA,NA,NA,NA,NA,NA,NA,NA,NA,NA,NA,7
<MOUSECLICK><MOUSECLICK><BACKSPACE9>,6.734,mid VP,NA,NA,NA,NA,NA,NA,NA,NA,NA,NA,NA,NA,7
<MOUSECLICK><MOUSECLICK>,3.864,mid VP,NA,NA,NA,NA,NA,NA,NA,NA,NA,NA,NA,NA,7
<HIGHLIGHT 1104:1070>,1.441,mid VP,NA,NA,NA,NA,NA,NA,NA,NA,NA,NA,NA,NA,7
<REPLACED>know them,10.358,end NP,NA,NA,NA,NA,NA,NA,NA,NA,NA,NA,NA,NA,7
<HIGHLIGHT 1199:1229><BACKSPACE2>,1.263,end sentence,NA,NA,NA,NA,NA,NA,NA,NA,NA,NA,NA,NA,7
.,3.31,end sentence,NA,NA,NA,NA,NA,NA,NA,NA,NA,NA,NA,NA,7
<MOUSECLICK>,2.096,end sentence,NA,NA,NA,NA,NA,NA,NA,NA,NA,NA,NA,NA,7
<MOUSECLICK><BACKSPACE2> if the person never actyua<BACKSPACE3>ually wean<BACKSPACE3>ants to meet them.,7.934,end sentence,3,34,NA,1,1,NA,1,NA,NA,NA,NA,NA,7
<MOUSECLICK>,1.344,end sentence,NA,NA,NA,NA,NA,NA,NA,NA,NA,NA,NA,NA,7
<MOUSECLICK><MOUSECLICK>,12.959,end sentence,NA,NA,NA,NA,NA,NA,NA,NA,NA,NA,NA,NA,7
<HIGHLIGHT 1961:1986><REPLACED>o the person is.,3.31,end sentence,NA,NA,NA,NA,NA,NA,NA,NA,NA,NA,NA,NA,7
<MOUSECLICK>,1.031,mid NP,NA,NA,NA,NA,NA,NA,NA,NA,NA,NA,NA,NA,7
<MOUSECLICK>not,2.83,mid VP,NA,NA,NA,NA,NA,NA,NA,NA,NA,NA,NA,NA,7
<BACKSPACE2>,2.063,mid word,NA,NA,NA,NA,NA,NA,NA,NA,NA,NA,NA,NA,7
<BACKSPACE2>,5.151,end VP,NA,NA,NA,NA,NA,NA,NA,NA,NA,NA,NA,NA,7
<MOUSECLICK>,1.463,end PP,NA,NA,NA,NA,NA,NA,NA,NA,NA,NA,NA,NA,7
<MOUSECLICK><BACKSPACE3> <MOUSECLICK>dating online can be bot n=ben,1.358,end VP,NA,NA,1,NA,1,NA,NA,NA,NA,NA,NA,NA,7
<BACKSPACE6> beneficil<BACKSPACE2>ial,8.959,end sentence,NA,NA,NA,NA,NA,NA,NA,NA,NA,NA,NA,NA,7
<BACKSPACE8>,1.04,mid NP,NA,NA,NA,NA,NA,NA,NA,NA,NA,NA,NA,NA,7
efical <BACKSPACE10>,1.744,end VP,NA,NA,NA,NA,NA,NA,NA,NA,NA,NA,NA,NA,7
beneficial and,2.046,end sentence,NA,NA,NA,NA,NA,NA,NA,NA,NA,NA,NA,NA,7
difficult,8.678,end sentence,NA,NA,NA,NA,NA,NA,NA,NA,NA,NA,NA,NA,7
<HIGHLIGHT 2146:2159><REPLACED>online dating,2.494,end NP,NA,NA,1,NA,NA,NA,NA,NA,NA,NA,NA,NA,7
<MOUSECLICK>h,1.054,end NP,NA,NA,NA,NA,NA,NA,NA,NA,NA,NA,NA,NA,7
<MOUSECLICK>,1.408,end sentence,NA,NA,NA,NA,NA,NA,NA,NA,NA,NA,NA,NA,7
<BACKSPACE5>,4.767,mid word,NA,NA,NA,NA,NA,NA,NA,NA,NA,NA,NA,NA,7
for,2.096,mid PP,NA,NA,NA,NA,NA,NA,NA,NA,NA,NA,NA,NA,8
or against.,1.727,end PP,NA,NA,NA,NA,NA,NA,NA,NA,NA,NA,NA,NA,8
in order to meet someonel<BACKSPACE1> online,1.68,end clause,0,0,NA,NA,NA,NA,NA,NA,NA,1,NA,NA,8
",",2.08,end clause,0,0,NA,NA,NA,NA,NA,NA,NA,NA,NA,NA,8
"<BACKSPACE22>da<BACKSPACE2> date someone, the first couple of date",1.168,end NP,5,0,NA,1,NA,1,1,NA,NA,NA,NA,NA,8
s should be online.,5.399,end sentence,0,17,NA,NA,1,NA,NA,NA,NA,NA,NA,NA,8
<SPACE>,1.176,end sentence,NA,NA,NA,NA,NA,NA,NA,NA,NA,NA,NA,NA,8
<RIGHT1><ENTER1>,2.431,end sentence,NA,NA,NA,NA,NA,NA,NA,NA,NA,NA,NA,NA,8
<MOUSECLICK>,1.04,end sentence,NA,NA,NA,NA,NA,NA,NA,NA,NA,NA,NA,NA,8
<ENTER1>,2.559,end sentence,NA,NA,NA,NA,NA,NA,NA,NA,NA,NA,NA,NA,8
With th,10.511,mid word,5,0,1,NA,NA,NA,NA,NA,1,NA,NA,NA,8
e t<BACKSPACE1>ever increasing,4.927,mid PP,0,0,NA,NA,NA,NA,NA,NA,NA,NA,NA,NA,8
<BACKSPACE16>rise of te,1.008,mid word,0,0,NA,NA,NA,NA,NA,NA,NA,NA,NA,NA,8
chnologz a<BACKSPACE3>y and the ever increasing,2.111,mid NP,0,0,NA,NA,NA,NA,NA,NA,NA,NA,NA,NA,8
connectivitiy,1.152,end NP,0,0,NA,NA,NA,NA,NA,NA,NA,NA,NA,NA,8
<BACKSPACE3>y of our planet,2.591,end NP,NA,NA,NA,NA,NA,NA,NA,NA,NA,NA,NA,NA,8
",",15.456,end NP,NA,NA,NA,NA,NA,NA,NA,NA,NA,NA,NA,NA,8
our boundaie<BACKSPACE2>ries,1.247,end NP,0,0,1,NA,NA,NA,1,NA,NA,NA,NA,NA,8
between,1.616,mid PP,NA,NA,NA,NA,NA,NA,NA,NA,NA,NA,NA,NA,8
the phycial,1.247,mid PP,NA,NA,NA,NA,NA,NA,NA,NA,NA,NA,NA,NA,8
<BACKSPACE5>sic,1.119,mid word,NA,NA,NA,NA,NA,NA,NA,NA,NA,NA,NA,NA,8
al,1.232,mid PP,NA,NA,NA,NA,NA,NA,NA,NA,NA,NA,NA,NA,8
world and,1.215,end NP,NA,NA,NA,NA,NA,NA,NA,NA,NA,NA,NA,NA,8
online reality starts to blur,4.832,end sentence,NA,NA,NA,NA,1,NA,NA,NA,NA,NA,NA,NA,8
.,1.84,end sentence,NA,NA,NA,NA,NA,NA,NA,NA,NA,NA,NA,NA,8
Where we once used,4.08,end VP,8,0,1,NA,NA,1,NA,NA,NA,1,NA,NA,8
machines to,3.056,mid VP,NA,NA,NA,NA,1,NA,NA,NA,NA,NA,NA,NA,8
help us,10.871,end clause,NA,NA,NA,NA,1,NA,NA,NA,NA,NA,NA,NA,8
<MOUSECLICK><ENTER1>,2.375,end clause,NA,NA,NA,NA,NA,NA,NA,NA,NA,NA,NA,NA,8
<MOUSECLICK>,4.84,end clause,NA,NA,NA,NA,NA,NA,NA,NA,NA,NA,NA,NA,8
"work, we now",1.504,end NP,6,4,NA,1,NA,NA,1,NA,NA,NA,NA,NA,8
use machines to hle<BACKSPACE1>e<BACKSPACE2>elp us,1.487,end sentence,NA,NA,NA,NA,NA,1,NA,NA,NA,NA,NA,NA,8
love.,3.28,end sentence,NA,NA,NA,NA,1,NA,NA,NA,NA,NA,NA,NA,8
Enter,10.24,end VP,NA,NA,NA,NA,NA,NA,NA,NA,NA,NA,NA,NA,8
"<BACKSPACE6>Tinder, h<BACKSPACE1>bumbl<BACKSPACE6> bumble, hinge, Fee",1.216,end NP,0,0,1,NA,NA,NA,1,NA,NA,NA,NA,NA,8
ld,1.8,mid word,0,0,NA,NA,NA,NA,NA,NA,NA,NA,NA,NA,8
<MOUSECLICK><RIGHT1><BACKSPACE1>B,1.511,mid word,0,0,NA,NA,NA,NA,NA,NA,NA,NA,NA,NA,8
<MOUSECLICK><RIGHT1><BACKSPACE1>H,1.383,mid word,0,0,NA,NA,NA,NA,NA,NA,NA,NA,NA,NA,8
"<MOUSECLICK>, OkCupid, the",2.064,mid NP,0,0,NA,NA,NA,NA,NA,NA,NA,NA,NA,NA,8
dating apps,3.911,end NP,NA,NA,NA,NA,NA,NA,NA,NA,NA,NA,NA,NA,8
<MOUSECLICK><RIGHT1><BACKSPACE1> t<BACKSPACE1>,1.536,mid word,NA,NA,NA,NA,NA,NA,NA,NA,NA,NA,NA,NA,8
-,1.783,mid word,NA,NA,NA,NA,NA,NA,NA,NA,NA,NA,NA,NA,8
<MOUSECLICK><MOUSECLICK>,1.248,end NP,NA,NA,NA,NA,NA,NA,NA,NA,NA,NA,NA,NA,8
are of abundant,1.024,end sentence,NA,NA,NA,NA,NA,NA,NA,NA,NA,NA,NA,NA,8
.,13.935,end sentence,NA,NA,NA,NA,NA,NA,NA,NA,NA,NA,NA,NA,8
<MOUSECLICK><BACKSPACE1>ce,1.391,end sentence,NA,NA,NA,NA,1,NA,NA,NA,NA,NA,NA,NA,8
and <BACKSPACE5><RIGHT1> What was once,1.216,end NP,8,0,1,NA,NA,NA,NA,NA,NA,1,NA,NA,8
used,2.927,end VP,0,0,NA,NA,NA,NA,NA,NA,NA,NA,NA,NA,8
"by the few, apps have now <BACKSPACE9>are s<BACKSPACE1>now starting to beo<BACKSPACE1>come the norm",26.063,end sentence,3,42,NA,NA,1,1,1,NA,NA,NA,NA,NA,8
"to dating<BACKSPACE2>ng, li<BACKSPACE2>love and life.",13.911,end sentence,NA,NA,NA,NA,NA,NA,NA,NA,NA,NA,NA,NA,8
<MOUSECLICK><BACKSPACE2>in,3.632,mid PP,NA,NA,NA,NA,NA,NA,NA,NA,NA,NA,NA,NA,8
<MOUSECLICK>,2.255,end sentence,NA,NA,NA,NA,NA,NA,NA,NA,NA,NA,NA,NA,8
<BACKSPACE1>,1.296,end sentence,NA,NA,NA,NA,NA,NA,NA,NA,NA,NA,NA,NA,8
<BACKSPACE1>,1.967,end sentence,NA,NA,NA,NA,NA,NA,NA,NA,NA,NA,NA,NA,8
<SPACE>,15.871,end sentence,NA,NA,NA,NA,NA,NA,NA,NA,NA,NA,NA,NA,8
Aps<BACKSPACE1>ps are usuall,2.175,mid word,0,10,1,NA,NA,NA,1,NA,NA,NA,NA,NA,8
<BACKSPACE2>,1.295,mid word,NA,NA,NA,NA,NA,NA,NA,NA,NA,NA,NA,NA,8
<BACKSPACE4>typically used,4.351,end VP,NA,NA,NA,NA,NA,NA,NA,NA,NA,NA,NA,NA,8
to mac<BACKSPACE1>tch,1.424,end clause,NA,NA,NA,NA,1,NA,NA,NA,NA,NA,NA,NA,8
",",5.352,end clause,NA,NA,NA,NA,NA,NA,NA,NA,NA,NA,NA,NA,8
<HIGHLIGHT 500:504>,1.664,end NP,NA,NA,NA,NA,NA,NA,NA,NA,NA,NA,NA,NA,8
<MOUSECLICK>,4.727,end sentence,NA,NA,NA,NA,NA,NA,NA,NA,NA,NA,NA,NA,8
message,4.096,end NP,NA,NA,NA,NA,NA,NA,NA,NA,NA,NA,NA,NA,8
and,5.584,end NP,NA,NA,NA,NA,NA,NA,NA,NA,NA,NA,NA,NA,8
<BACKSPACE2>,6.687,mid NP,NA,NA,NA,NA,NA,NA,NA,NA,NA,NA,NA,NA,8
<BACKSPACE3>,2.655,end sentence,NA,NA,NA,NA,NA,NA,NA,NA,NA,NA,NA,NA,8
", before meeting li<BACKSPACE2>up in real life.",1.359,end sentence,NA,NA,NA,NA,1,NA,NA,NA,NA,NA,NA,NA,8
"However,",4.319,end NP,0,0,NA,NA,NA,NA,NA,NA,NA,NA,NA,NA,8
could the,9.935,mid NP,NA,NA,NA,NA,NA,NA,NA,NA,NA,NA,NA,NA,8
<MOUSECLICK>online,9.928,mid NP,NA,NA,NA,NA,NA,NA,NA,NA,NA,NA,NA,NA,8
<MOUSECLICK>finallz <BACKSPACE2>y,1.543,end NP,NA,NA,NA,NA,NA,NA,NA,NA,NA,NA,NA,NA,8
<MOUSECLICK>,10.424,mid NP,NA,NA,NA,NA,NA,NA,NA,NA,NA,NA,NA,NA,8
online presence of the dating,2.848,end NP,0,13,1,NA,NA,NA,1,NA,NA,NA,NA,NA,8
game be extended,2.703,end sentence,NA,NA,NA,NA,1,NA,NA,NA,NA,NA,NA,NA,8
?,4.735,end sentence,NA,NA,NA,NA,NA,NA,NA,NA,NA,NA,NA,NA,8
Rather than just usu,1.983,mid word,NA,NA,1,NA,NA,NA,NA,NA,NA,1,NA,NA,8
<BACKSPACE1>ing online tools to,18.048,mid VP,NA,NA,NA,NA,NA,NA,NA,NA,NA,NA,NA,NA,8
<ENTER2>,1.471,mid VP,NA,NA,NA,NA,NA,NA,NA,NA,NA,NA,NA,NA,8
Co<BACKSPACE2>Pro<ENTER1>,3.919,end NP,NA,NA,NA,NA,NA,NA,NA,NA,NA,NA,NA,NA,8
get to know the person,5.568,end NP,NA,NA,NA,NA,NA,NA,NA,NA,NA,NA,NA,NA,8
<ENTER1>Depends what youa<BACKSPACE1>,1.327,end NP,NA,NA,NA,NA,NA,NA,NA,NA,NA,NA,NA,NA,8
<BACKSPACE8>very much of the,2.367,mid NP,NA,NA,NA,NA,NA,NA,NA,NA,NA,NA,NA,NA,8
perso,1.776,mid word,NA,NA,NA,NA,NA,NA,NA,NA,NA,NA,NA,NA,8
n,4.399,end NP,NA,NA,NA,NA,NA,NA,NA,NA,NA,NA,NA,NA,8
. s<BACKSPACE1>,1.599,end NP,NA,NA,NA,NA,NA,NA,NA,NA,NA,NA,NA,NA,8
I need the physical,1.407,mid NP,0,17,1,NA,1,NA,1,NA,NA,NA,NA,NA,8
meet up t,1.232,mid word,NA,NA,NA,NA,NA,NA,NA,NA,NA,NA,NA,NA,8
<BACKSPACE1>to vibe how i <BACKSPACE2>I feel,1.312,end sentence,NA,NA,NA,NA,NA,1,NA,NA,NA,NA,NA,NA,8
towards the e<BACKSPACE1>person and,3.312,end NP,NA,NA,NA,NA,NA,1,NA,NA,NA,NA,NA,NA,8
"<BACKSPACE5>, whereas some",3.504,end NP,0,0,NA,NA,NA,NA,NA,NA,NA,NA,NA,NA,8
like the online exchang,4.079,mid word,NA,NA,NA,NA,NA,NA,NA,NA,NA,NA,NA,NA,8
<MOUSECLICK>and feel comfortable,2.224,end sentence,NA,NA,NA,NA,1,NA,NA,NA,NA,NA,NA,NA,8
meeting people and sharing from the get go.,2.64,end sentence,NA,NA,NA,NA,1,1,NA,NA,NA,NA,NA,NA,8
<HIGHLIGHT 928:892><BACKSPACE1><ENTER1>Somemight enjoy the distance,1.296,end sentence,0,24,1,NA,1,NA,1,NA,NA,NA,NA,NA,8
and be able to share a little mo,1.167,mid word,NA,NA,NA,NA,1,NA,NA,NA,NA,NA,NA,NA,8
"re before meeting up, which for some might bethis huge hurdle the he<BACKSPACE1>ave to get over first.",2.368,end sentence,NA,NA,NA,NA,NA,1,NA,NA,NA,NA,NA,NA,8
<MOUSECLICK>,1.519,end VP,NA,NA,NA,NA,1,1,NA,NA,NA,NA,NA,NA,8
"match and message, what about if",2.511,end NP,NA,NA,NA,NA,NA,NA,NA,NA,NA,NA,NA,NA,8
we,3.263,end NP,0,0,1,NA,NA,NA,1,NA,NA,NA,NA,NA,8
date online,27.735,end clause,NA,NA,NA,NA,1,NA,NA,NA,NA,NA,NA,NA,8
<MOUSECLICK>,1.048,end NP,NA,NA,NA,NA,NA,NA,NA,NA,NA,NA,NA,NA,8
match and message tp <BACKSPACE2>o,1.991,end VP,NA,NA,NA,NA,NA,NA,NA,NA,NA,NA,NA,NA,8
<MOUSECLICK>,2.503,end sentence,NA,NA,NA,NA,NA,NA,NA,NA,NA,NA,NA,NA,8
?,10.383,end sentence,NA,NA,NA,NA,NA,NA,NA,NA,NA,NA,NA,NA,8
No,1.68,end NP,NA,NA,NA,NA,NA,NA,NA,NA,NA,NA,NA,NA,8
<BACKSPACE2>I am not arg<BACKSPACE5>,1.072,mid word,NA,NA,NA,NA,NA,NA,NA,NA,NA,NA,NA,NA,8
t saying to,1.088,mid VP,NA,NA,NA,NA,NA,NA,NA,NA,NA,NA,NA,NA,8
I do not meant have the relationship on,1.775,end sentence,0,37,1,NA,NA,1,1,NA,NA,NA,NA,NA,8
"<BACKSPACE6>hip purely online, but rather have the first few dates online, before proceeding to meet up",1.904,end sentence,NA,NA,NA,NA,1,2,NA,NA,NA,NA,NA,NA,8
in,2.096,mid PP,NA,NA,NA,NA,1,NA,NA,NA,NA,NA,NA,NA,8
real life.,15.447,end sentence,NA,NA,NA,NA,NA,NA,NA,NA,NA,NA,NA,NA,8
<MOUSECLICK><BACKSPACE1>,1.984,end VP,NA,NA,NA,NA,NA,NA,NA,NA,NA,NA,NA,NA,8
to,5.767,end VP,NA,NA,NA,NA,NA,NA,NA,NA,NA,NA,NA,NA,8
<MOUSECLICK>Would this enhance our,3.392,mid NP,11,4,NA,1,NA,NA,1,NA,NA,NA,NA,NA,8
dating experience or,3.792,end NP,NA,NA,NA,NA,1,NA,NA,NA,NA,NA,NA,NA,8
o<BACKSPACE1>would it hinder it,2.4,end sentence,NA,NA,NA,NA,1,1,NA,NA,NA,NA,NA,NA,8
and lead us to make,1.696,end VP,NA,NA,NA,NA,NA,1,NA,NA,NA,NA,NA,NA,8
bad de,1.247,mid word,NA,NA,NA,NA,1,NA,NA,NA,NA,NA,NA,NA,8
<BACKSPACE2>ju<BACKSPACE2>jj<BACKSPACE1>udgements_ <BACKSPACE2>?,12.264,end sentence,NA,NA,NA,NA,NA,NA,NA,NA,NA,NA,NA,NA,8
<HIGHLIGHT 976:974>,1.207,mid word,NA,NA,NA,NA,NA,NA,NA,NA,NA,NA,NA,NA,8
<LEFT1>,1.567,end VP,NA,NA,NA,NA,NA,NA,NA,NA,NA,NA,NA,NA,8
<BACKSPACE3>,1.695,mid word,NA,NA,NA,NA,NA,NA,NA,NA,NA,NA,NA,NA,8
nd,1.76,end NP,NA,NA,NA,NA,NA,NA,NA,NA,NA,NA,NA,NA,8
<MOUSECLICK>,1.023,end sentence,NA,NA,NA,NA,NA,NA,NA,NA,NA,NA,NA,NA,8
<SPACE>,1.871,end sentence,NA,NA,NA,NA,NA,NA,NA,NA,NA,NA,NA,NA,8
This,4.543,end NP,0,0,1,NA,NA,NA,1,NA,NA,NA,NA,NA,8
es,2.703,mid word,NA,NA,NA,NA,NA,NA,NA,NA,NA,NA,NA,NA,8
<BACKSPACE2>piece will look at,20.576,end VP,0,12,NA,NA,NA,NA,NA,NA,NA,NA,NA,NA,8
the prosa<BACKSPACE2>,24.655,end sentence,NA,NA,NA,NA,NA,NA,NA,NA,NA,NA,NA,NA,8
<BACKSPACE3>argumetns<BACKSPACE3>nts for and against dating online,3.831,end sentence,NA,NA,NA,NA,1,NA,NA,NA,NA,NA,NA,NA,8
<MOUSECLICK>initiallz <BACKSPACE2>y,12.383,end sentence,NA,NA,NA,NA,1,NA,NA,NA,NA,NA,NA,NA,8
<BACKSPACE1>,7.136,end sentence,NA,NA,NA,NA,NA,NA,NA,NA,NA,NA,NA,NA,8
", before ma",9.391,mid word,NA,NA,NA,NA,NA,NA,NA,NA,NA,NA,NA,NA,8
king its <BACKSPACE2>~<BACKSPACE1>'s conc,1.184,mid word,NA,NA,NA,NA,1,NA,NA,NA,NA,NA,NA,NA,8
lusion.,13.263,end sentence,NA,NA,NA,NA,NA,NA,NA,NA,NA,NA,NA,NA,8
<ENTER2>,14.335,end sentence,NA,NA,NA,NA,NA,NA,NA,NA,NA,NA,NA,NA,8
People,2.047,end NP,NA,NA,NA,NA,NA,NA,NA,NA,NA,NA,NA,NA,8
are very,3.119,mid NP,NA,NA,NA,NA,NA,NA,NA,NA,NA,NA,NA,NA,8
<BACKSPACE17><ENTER1>As diverse a,1.215,mid NP,2,2,NA,1,NA,NA,NA,1,NA,NA,NA,NA,8
"s people are, so their<BACKSPACE5>are thei",1.04,mid word,20,0,NA,NA,1,1,NA,NA,NA,NA,NA,NA,8
r preferences and needs towads dating,2.816,end NP,NA,NA,NA,NA,NA,NA,NA,NA,NA,NA,NA,NA,8
"<MOUSECLICK> personalt<BACKSPACE1>ities,",2.008,end NP,NA,NA,NA,NA,NA,NA,NA,NA,NA,NA,NA,NA,8
<MOUSECLICK>.,18.928,end sentence,NA,NA,NA,NA,NA,NA,NA,NA,NA,NA,NA,NA,8
"For some,",1.024,end PP,4,0,1,NA,NA,NA,NA,NA,NA,1,NA,NA,8
first dates,5.295,end NP,0,0,1,NA,NA,NA,1,NA,NA,NA,NA,NA,8
a,1.343,mid NP,NA,NA,NA,NA,NA,NA,NA,NA,NA,NA,NA,NA,8
<BACKSPACE1>can be nerve,1.679,mid NP,NA,NA,NA,NA,1,NA,NA,NA,NA,NA,NA,NA,8
wr,1.008,mid NP,NA,NA,NA,NA,NA,NA,NA,NA,NA,NA,NA,NA,8
e,1.823,mid word,NA,NA,NA,NA,NA,NA,NA,NA,NA,NA,NA,NA,8
cking,2.031,end sentence,NA,NA,NA,NA,NA,NA,NA,NA,NA,NA,NA,NA,8
"<BACKSPACE1>.<BACKSPACE1>, s",1.247,mid word,NA,NA,NA,NA,NA,NA,NA,NA,NA,NA,NA,NA,8
"tressful.<BACKSPACE1>,",2.448,end sentence,NA,NA,NA,NA,NA,NA,NA,NA,NA,NA,NA,NA,8
<BACKSPACE2> and distract thtm<BACKSPACE2>em,1.871,end sentence,NA,NA,NA,NA,1,NA,NA,NA,NA,NA,NA,NA,8
for g<BACKSPACE4>rom f<BACKSPACE1>getting to,3.903,mid VP,NA,NA,NA,NA,NA,NA,NA,NA,NA,NA,NA,NA,8
know,2.416,end VP,NA,NA,NA,NA,NA,NA,NA,NA,NA,NA,NA,NA,8
the other perosn<BACKSPACE3>son. For other,1.023,mid PP,21,0,1,NA,1,NA,NA,NA,NA,1,NA,NA,8
",<BACKSPACE1>s, first",4.224,end NP,2,0,1,NA,NA,NA,1,NA,NA,NA,NA,NA,8
dates,1.536,end NP,0,0,NA,NA,NA,NA,NA,NA,NA,NA,NA,NA,8
can be,4.688,end VP,NA,NA,NA,NA,NA,NA,NA,NA,NA,NA,NA,NA,8
fun,3.904,end sentence,NA,NA,NA,NA,1,NA,NA,NA,NA,NA,NA,NA,8
", enlighting",2.16,end VP,NA,NA,NA,NA,1,NA,NA,NA,NA,NA,NA,NA,8
and a way,2.095,mid NP,NA,NA,NA,NA,1,NA,NA,NA,NA,NA,NA,NA,8
to connect with the person they,1.456,end NP,NA,NA,NA,NA,1,1,NA,NA,NA,NA,NA,NA,8
've met up with.,15.535,end sentence,NA,NA,NA,NA,NA,NA,NA,NA,NA,NA,NA,NA,8
It can <BACKSPACE7>,1.2,end sentence,NA,NA,NA,NA,NA,NA,NA,NA,NA,NA,NA,NA,8
It can be a goo,1.024,mid word,NA,NA,NA,NA,NA,NA,NA,NA,NA,NA,NA,NA,8
"<BACKSPACE15>Alone for<BACKSPACE2>romth<BACKSPACE2> this fact,",2.64,end NP,0,0,1,NA,NA,NA,NA,NA,NA,1,NA,NA,8
"for the first group,",2.64,end PP,3,0,1,NA,NA,NA,NA,NA,1,NA,NA,NA,8
online dates might,3.184,mid VP,0,6,1,NA,NA,NA,1,NA,NA,NA,NA,NA,8
be a,1.935,mid NP,NA,NA,NA,NA,NA,NA,NA,NA,NA,NA,NA,NA,8
mor elow,1.44,mid word,NA,NA,NA,NA,1,NA,NA,NA,NA,NA,NA,NA,8
stakes,2.727,end sentence,NA,NA,NA,NA,NA,NA,NA,NA,NA,NA,NA,NA,8
<BACKSPACE1><RIGHT1>,2.472,mid NP,NA,NA,NA,NA,NA,NA,NA,NA,NA,NA,NA,NA,8
<MOUSECLICK>,2.376,end sentence,NA,NA,NA,NA,NA,NA,NA,NA,NA,NA,NA,NA,8
way for people to,1.504,mid VP,NA,NA,NA,NA,NA,1,NA,NA,NA,NA,NA,NA,8
meet others,1.728,end NP,NA,NA,NA,NA,1,NA,NA,NA,NA,NA,NA,NA,8
minus the add,1.104,mid word,NA,NA,NA,NA,NA,NA,NA,NA,NA,NA,NA,NA,8
<BACKSPACE7>some of the added sttre<BACKSPACE3>ress,3.399,end sentence,NA,NA,NA,NA,1,NA,NA,NA,NA,NA,NA,NA,8
<LEFT1>perceived,1.727,mid NP,NA,NA,NA,NA,NA,NA,NA,NA,NA,NA,NA,NA,8
<MOUSECLICK> thez <BACKSPACE2>y might endure in onlin<BACKSPACE5>real life dates.,18.559,end sentence,NA,NA,NA,NA,1,NA,NA,NA,NA,NA,NA,NA,8
T,1.264,mid word,0,0,1,NA,NA,NA,1,NA,NA,NA,NA,NA,8
hey would be able to focus,22.704,end sentence,0,23,NA,NA,NA,NA,NA,NA,NA,NA,NA,NA,8
more of the conversation and have the added,1.359,mid NP,NA,NA,NA,NA,1,1,NA,NA,NA,NA,NA,NA,8
<SPACE>,1.967,mid NP,NA,NA,NA,NA,NA,NA,NA,NA,NA,NA,NA,NA,8
benefit o,5.695,mid NP,NA,NA,NA,NA,NA,NA,NA,NA,NA,NA,NA,NA,8
<MOUSECLICK><BACKSPACE1>n,1.895,mid NP,NA,NA,NA,NA,NA,NA,NA,NA,NA,NA,NA,NA,8
<MOUSECLICK>f not needing to travel or spend as much money.,1.088,end sentence,NA,NA,NA,NA,1,1,NA,NA,NA,NA,NA,NA,8
"However, for the second group of people,",5.68,end PP,0,0,2,NA,NA,NA,NA,NA,NA,1,NA,1,8
where meeting up in real,1.247,mid PP,NA,NA,NA,NA,NA,NA,NA,NA,NA,NA,NA,NA,8
a,1.167,mid word,NA,NA,NA,NA,NA,NA,NA,NA,NA,NA,NA,NA,8
n,1.231,mid PP,NA,NA,NA,NA,NA,NA,NA,NA,NA,NA,NA,NA,8
"<BACKSPACE30> stripped in an online setting,",5.752,end NP,NA,NA,NA,NA,1,NA,NA,NA,NA,NA,NA,NA,8
"<BACKSPACE5>brings them joy,",2.304,end sentence,NA,NA,NA,NA,NA,1,NA,NA,NA,NA,NA,NA,8
on<BACKSPACE1>nline dates,2.223,end NP,0,0,1,NA,NA,NA,1,NA,NA,NA,NA,NA,8
might,1.711,mid VP,NA,NA,NA,NA,NA,NA,NA,NA,NA,NA,NA,NA,8
strip them o,1.104,mid word,NA,NA,NA,NA,NA,NA,NA,NA,NA,NA,NA,NA,8
f,3.175,end sentence,NA,NA,NA,NA,NA,NA,NA,NA,NA,NA,NA,NA,8
<HIGHLIGHT 1869:1873><BACKSPACE1>,1.183,mid word,NA,NA,NA,NA,NA,NA,NA,NA,NA,NA,NA,NA,8
<BACKSPACE1>,2.799,mid word,NA,NA,NA,NA,NA,NA,NA,NA,NA,NA,NA,NA,8
<HIGHLIGHT 1880:1911><REPLACED>otherwise available in real life.,3.768,end sentence,NA,NA,NA,NA,1,NA,NA,NA,NA,NA,NA,NA,8
<LEFT2>,1.248,mid NP,NA,NA,NA,NA,NA,NA,NA,NA,NA,NA,NA,NA,8
-,1.743,mid NP,NA,NA,NA,NA,NA,NA,NA,NA,NA,NA,NA,NA,8
<MOUSECLICK>a setting,8.143,end sentence,NA,NA,NA,NA,NA,NA,NA,NA,NA,NA,NA,NA,8
<MOUSECLICK>,6.703,end sentence,NA,NA,NA,NA,NA,NA,NA,NA,NA,NA,NA,NA,8
By meeti<BACKSPACE1>ing up,1.6,end PP,3,0,1,NA,NA,NA,NA,NA,1,NA,NA,NA,8
in,1.456,mid PP,NA,NA,NA,NA,NA,NA,NA,NA,NA,NA,NA,NA,8
"real/<BACKSPACE1>-life, the two *<BACKSPACE1>(r<BACKSPACE1>or more <BACKSPACE1>) indivis<BACKSPACE1>duals are able to sense",9.903,end sentence,10,17,1,1,NA,NA,1,NA,NA,NA,NA,NA,8
the,1.008,mid NP,NA,NA,NA,NA,1,NA,NA,NA,NA,NA,NA,NA,8
<SPACE>,1.04,mid NP,NA,NA,NA,NA,NA,NA,NA,NA,NA,NA,NA,NA,8
vibe. <BACKSPACE2>. If its<BACKSPACE1>,1.424,end NP,NA,NA,NA,NA,NA,NA,NA,NA,NA,NA,NA,NA,8
"s working, if it's not",1.968,end VP,0,13,1,NA,NA,NA,NA,NA,NA,NA,1,NA,8
", if i",1.2,end NP,NA,NA,NA,NA,NA,NA,NA,NA,NA,NA,NA,NA,8
'm att,2.831,mid word,NA,NA,NA,NA,NA,NA,NA,NA,NA,NA,NA,NA,8
<BACKSPACE7>they're attracted to the person (,6.656,end sentence,NA,NA,1,NA,NA,NA,1,NA,NA,NA,NA,NA,8
<BACKSPACE2>,1.184,end sentence,NA,NA,NA,NA,NA,NA,NA,NA,NA,NA,NA,NA,8
<SPACE>,3.823,end sentence,NA,NA,NA,NA,NA,NA,NA,NA,NA,NA,NA,NA,8
ori<BACKSPACE1> if the,1.44,mid NP,NA,NA,NA,NA,NA,NA,NA,NA,NA,NA,NA,NA,8
"y're not attracted to them. CUes,<BACKSPACE4>Ues, th<BACKSPACE7>ues that are not as red<BACKSPACE1>adily va<BACKSPACE2>available if meeting online.",26.415,end sentence,27,52,NA,1,1,2,1,NA,NA,NA,NA,NA,8
<ENTER2>,5.783,end sentence,NA,NA,NA,NA,NA,NA,NA,NA,NA,NA,NA,NA,8
<MOUSECLICK>,1.191,end sentence,NA,NA,NA,NA,NA,NA,NA,NA,NA,NA,NA,NA,8
or provides them in<BACKSPACE1>mportant ino<BACKSPACE1>formation of the person,14.168,end sentence,NA,NA,NA,NA,NA,NA,NA,NA,NA,NA,NA,NA,8
<MOUSECLICK>,15.544,end sentence,NA,NA,NA,NA,NA,NA,NA,NA,NA,NA,NA,NA,8
Even,24.768,end NP,NA,NA,NA,NA,NA,NA,NA,NA,NA,NA,NA,NA,8
<BACKSPACE5>,1.375,end sentence,NA,NA,NA,NA,NA,NA,NA,NA,NA,NA,NA,NA,8
A,2.576,mid word,NA,NA,NA,NA,NA,NA,NA,NA,NA,NA,NA,NA,8
<BACKSPACE1>,1.92,end sentence,NA,NA,NA,NA,NA,NA,NA,NA,NA,NA,NA,NA,8
<ENTER2>,2.944,end sentence,NA,NA,NA,NA,NA,NA,NA,NA,NA,NA,NA,NA,8
"There is not ""<BACKSPACE3> ""virtue"" in having",1.311,end VP,11,10,1,NA,NA,NA,NA,NA,NA,NA,1,NA,8
online dates,2.175,end sentence,NA,NA,NA,NA,1,NA,NA,NA,NA,NA,NA,NA,8
<BACKSPACE1>s first,4.287,end sentence,NA,NA,NA,NA,NA,NA,NA,NA,NA,NA,NA,NA,8
"or ""purit",1.903,mid word,0,0,NA,NA,NA,NA,NA,NA,NA,NA,NA,NA,8
"y""",1.608,end sentence,0,0,NA,NA,NA,NA,NA,NA,NA,NA,NA,NA,8
"<MOUSECLICK>. For some, it might be<BACKSPACE2>work btter, <BACKSPACE6>etter, for others, not. However",1.071,end NP,4,0,1,2,NA,2,NA,NA,NA,1,1,1,8
", at the end of the day,",1.519,end PP,0,0,1,NA,NA,NA,NA,NA,1,NA,NA,NA,8
if we want to,3.552,mid VP,3,7,NA,1,NA,NA,1,NA,NA,NA,NA,NA,8
be with,2.767,end VP,NA,NA,NA,NA,NA,NA,NA,NA,NA,NA,NA,NA,8
a person in a relationship,2.224,end clause,NA,NA,NA,NA,2,NA,NA,NA,NA,NA,NA,NA,8
", wouldn",1.008,mid word,NA,NA,NA,NA,NA,NA,NA,NA,NA,NA,NA,NA,8
't if <BACKSPACE2>t feel bett,3.072,mid word,NA,NA,NA,NA,1,NA,NA,NA,NA,NA,NA,NA,8
<BACKSPACE1>,1.039,mid word,NA,NA,NA,NA,NA,NA,NA,NA,NA,NA,NA,NA,8
<BACKSPACE3>,1.12,end VP,NA,NA,NA,NA,NA,NA,NA,NA,NA,NA,NA,NA,8
<BACKSPACE5>seem mr<BACKSPACE1>ore n,1.712,mid word,0,6,NA,NA,NA,NA,NA,1,NA,NA,NA,NA,8
<BACKSPACE1>,4.159,mid NP,NA,NA,NA,NA,NA,NA,NA,NA,NA,NA,NA,NA,8
"<BACKSPACE5>better to have met in reali<BACKSPACE1>-life, vibed and felt comfortable from the get",1.28,mid PP,0,65,NA,NA,1,3,NA,NA,NA,NA,1,NA,8
go,2.047,end sentence,NA,NA,NA,NA,NA,NA,NA,NA,NA,NA,NA,NA,8
"<BACKSPACE3>-go.<BACKSPACE1>, rather than",2.016,mid PP,NA,NA,NA,NA,NA,NA,NA,NA,NA,NA,NA,NA,8
forcing online dates till we were comfortable,1.135,end sentence,NA,NA,NA,NA,1,1,NA,NA,NA,NA,NA,NA,8
? Because i,3.696,end NP,NA,NA,NA,NA,NA,NA,NA,NA,NA,NA,NA,NA,8
<BACKSPACE1>if we would give everyone the benefit of onlin,4.272,mid word,2,40,NA,1,1,1,1,NA,NA,NA,NA,NA,8
e dates fir,1.551,mid word,NA,NA,NA,NA,NA,NA,NA,NA,NA,NA,NA,NA,8
st,10.44,end clause,NA,NA,NA,NA,NA,NA,NA,NA,NA,NA,NA,NA,8
<HIGHLIGHT 2577:2644>,1.671,end clause,NA,NA,NA,NA,NA,NA,NA,NA,NA,NA,NA,NA,8
<BACKSPACE1>,8.631,end sentence,NA,NA,NA,NA,NA,NA,NA,NA,NA,NA,NA,NA,8
<MOUSECLICK>,2.456,end sentence,NA,NA,NA,NA,NA,NA,NA,NA,NA,NA,NA,NA,8
And to be,1.423,mid VP,4,0,1,NA,NA,NA,NA,1,NA,NA,NA,NA,8
"honest, it is just more fun to interact with the world and the environment, and see how the person you're dating interacts with the world too. Seeing how",1.6,end NP,0,125,NA,1,NA,4,NA,1,NA,NA,NA,NA,8
they interact with the wo,4.304,mid word,NA,NA,NA,NA,NA,NA,NA,NA,NA,NA,NA,NA,8
<BACKSPACE37>,1.168,end sentence,NA,NA,NA,NA,NA,NA,NA,NA,NA,NA,NA,NA,8
<LEFT1>,1.471,end sentence,NA,NA,NA,NA,NA,NA,NA,NA,NA,NA,NA,NA,8
(i.e does it meet so<BACKSPACE2>your standards and values,1.552,end sentence,12,25,NA,1,1,NA,NA,NA,NA,NA,1,NA,8
?),9.016,end sentence,NA,NA,NA,NA,NA,NA,NA,NA,NA,NA,NA,NA,8
<MOUSECLICK>,13.335,end sentence,NA,NA,NA,NA,NA,NA,NA,NA,NA,NA,NA,NA,8
"And, it is not only us and the person, but also how they",1.216,end NP,10,0,1,1,1,NA,1,NA,NA,NA,1,NA,8
"move through the workld<BACKSPACE2>d, <BACKSPACE4>ld, who<BACKSPACE1>ich would be missing in onlineme<BACKSPACE2> meet u<BACKSPACE2>-ups.",2.568,end sentence,NA,NA,NA,NA,1,1,NA,NA,NA,NA,NA,NA,8
<HIGHLIGHT 2900:3247><BACKSPACE1>,2.207,end sentence,NA,NA,NA,NA,NA,NA,NA,NA,NA,NA,NA,NA,8
"<HIGHLIGHT 2691:2690><REPLACED> re,",1.135,mid word,0,0,NA,NA,NA,NA,NA,NA,NA,NA,NA,NA,8
<BACKSPACE1>member,3.423,end VP,0,0,NA,NA,NA,NA,NA,NA,NA,NA,NA,NA,8
<MOUSECLICK>,1.392,mid NP,NA,NA,NA,NA,NA,NA,NA,NA,NA,NA,NA,NA,8
<ENTER2>,2.46,NA,NA,NA,NA,NA,NA,NA,NA,NA,NA,NA,NA,NA,9
O<BACKSPACE1>,2.351,NA,NA,NA,NA,NA,NA,NA,NA,NA,NA,NA,NA,NA,9
"For the <BACKSPACE8>The case of online dating, a safer",1.695,mid word,NA,NA,NA,NA,NA,NA,NA,NA,NA,NA,NA,NA,9
environment in an increasinglu <BACKSPACE2>y unsafe world<ENTER2>,1.567,end NP,NA,NA,NA,NA,NA,NA,NA,NA,NA,NA,NA,NA,9
<MOUSECLICK><BACKSPACE2>for,4.304,mid PP,NA,NA,NA,NA,NA,NA,NA,NA,NA,NA,NA,NA,9
<MOUSECLICK>,1.008,end NP,NA,NA,NA,NA,NA,NA,NA,NA,NA,NA,NA,NA,9
<MOUSECLICK>,8.495,end NP,NA,NA,NA,NA,NA,NA,NA,NA,NA,NA,NA,NA,9
<MOUSECLICK><MOUSECLICK>,6.631,end NP,NA,NA,NA,NA,NA,NA,NA,NA,NA,NA,NA,NA,9
Since the rapid expansion of,8.264,mid PP,6,0,1,NA,NA,NA,NA,NA,1,NA,NA,NA,9
"internet use over the past 25 years, going from a house<BACKSPACE5>",2.512,mid PP,NA,NA,NA,NA,NA,1,NA,NA,NA,NA,NA,NA,9
"slow, household tool<BACKSPACE4>tol<BACKSPACE1>",2.56,mid PP,NA,NA,NA,NA,1,1,NA,NA,NA,NA,NA,NA,9
"<BACKSPACE15>w, wirebound tool to an",1.167,mid PP,NA,NA,NA,NA,1,NA,NA,NA,NA,NA,NA,NA,9
ubiquitous phenomenon,19.231,end clause,NA,NA,NA,NA,NA,NA,NA,NA,NA,NA,NA,NA,9
",",2.847,end clause,NA,NA,NA,NA,NA,NA,NA,NA,NA,NA,NA,NA,9
younger generations are experiencing i<BACKSPACE14>,3.424,end VP,0,5,1,NA,NA,NA,1,NA,NA,NA,NA,NA,9
turning towards online dating as a tool to meet new people,2.432,end sentence,NA,NA,NA,NA,1,2,NA,NA,NA,NA,NA,NA,9
.,1.6,end sentence,NA,NA,NA,NA,NA,NA,NA,NA,NA,NA,NA,NA,9
The w<BACKSPACE5>,3.632,end sentence,NA,NA,NA,NA,NA,NA,NA,NA,NA,NA,NA,NA,9
While many people,1.184,end NP,6,0,1,NA,NA,NA,1,NA,NA,NA,NA,NA,9
a,1.376,mid word,NA,NA,NA,NA,NA,NA,NA,NA,NA,NA,NA,NA,9
<BACKSPACE1>,1.167,end NP,NA,NA,NA,NA,NA,NA,NA,NA,NA,NA,NA,NA,9
"often believe that online dating is the cause of ever more chronic loneliness, especially among men",1.631,end clause,NA,NA,NA,NA,1,1,NA,NA,NA,NA,NA,NA,9
",",3.791,end clause,NA,NA,NA,NA,NA,NA,NA,NA,NA,NA,NA,NA,9
it is more likely a symptom of growing communic<BACKSPACE1>ties with greater,3.28,mid NP,5,35,NA,1,1,1,NA,NA,NA,NA,1,NA,9
<BACKSPACE35>f,2.48,mid NP,NA,NA,NA,NA,NA,NA,NA,NA,NA,NA,NA,NA,9
"growing societies,",1.024,end sentence,NA,NA,NA,NA,1,NA,NA,NA,NA,NA,NA,NA,9
reduced social cotna<BACKSPACE3>nt<BACKSPACE4>,1.68,mid NP,NA,NA,NA,NA,1,NA,NA,NA,NA,NA,NA,NA,9
c,1.488,mid NP,NA,NA,NA,NA,NA,NA,NA,NA,NA,NA,NA,NA,9
"<BACKSPACE18>,",1.455,end sentence,NA,NA,NA,NA,NA,NA,NA,NA,NA,NA,NA,NA,9
and the anonymiti<BACKSPACE1>,2.047,mid NP,NA,NA,NA,NA,1,NA,NA,NA,NA,NA,NA,NA,9
y abd re<BACKSPACE5>nd reduced sense of community this brings (see,1.232,end VP,NA,NA,NA,NA,1,NA,NA,NA,NA,NA,NA,NA,9
Laland et al,6.719,end sentence,NA,NA,NA,NA,1,NA,NA,NA,NA,NA,NA,NA,9
<SPACE>,4.544,end sentence,NA,NA,NA,NA,NA,NA,NA,NA,NA,NA,NA,NA,9
annd <BACKSPACE3>,1.663,mid word,NA,NA,NA,NA,NA,NA,NA,NA,NA,NA,NA,NA,9
<BACKSPACE23>,1.376,mid word,NA,NA,NA,NA,NA,NA,NA,NA,NA,NA,NA,NA,9
gs.,1.152,end sentence,NA,NA,NA,NA,NA,NA,NA,NA,NA,NA,NA,NA,9
In<BACKSPACE2>,6.192,end sentence,NA,NA,NA,NA,NA,NA,NA,NA,NA,NA,NA,NA,9
Online dating has enabled,1.44,end VP,0,12,1,NA,NA,NA,1,NA,NA,NA,NA,NA,9
long,1.327,mid NP,NA,NA,NA,NA,1,NA,NA,NA,NA,NA,NA,NA,9
distance<BACKSPACE22> also enabled long,2.448,mid NP,NA,NA,NA,NA,NA,NA,NA,NA,NA,NA,NA,NA,9
"distance dating, with many people ",1.12,end sentence,NA,NA,1,NA,NA,NA,NA,NA,NA,NA,NA,NA,9
<MOUSECLICK><ENTER1>,5.992,end NP,NA,NA,NA,NA,NA,NA,NA,NA,NA,NA,NA,NA,9
<MOUSECLICK>,1.239,end sentence,NA,NA,NA,NA,NA,NA,NA,NA,NA,NA,NA,NA,9
<SPACE>,2.552,end sentence,NA,NA,NA,NA,NA,NA,NA,NA,NA,NA,NA,NA,9
enjoying cross-border romances before,3.055,end NP,NA,NA,NA,NA,NA,1,NA,NA,NA,NA,NA,NA,9
meeting in person,3.904,end clause,NA,NA,NA,NA,1,NA,NA,NA,NA,NA,NA,NA,9
", which some praise as an international feat but others",3.536,end NP,48,0,1,NA,NA,1,1,NA,NA,NA,NA,NA,9
believe,5.008,end VP,NA,NA,NA,NA,NA,NA,NA,NA,NA,NA,NA,NA,9
causes a,18.351,mid NP,NA,NA,NA,NA,NA,NA,NA,NA,NA,NA,NA,NA,9
<BACKSPACE9>is the cause of,1.424,mid NP,NA,NA,NA,NA,1,NA,NA,NA,NA,NA,NA,NA,9
<BACKSPACE29>,2.703,mid word,NA,NA,NA,NA,NA,NA,NA,NA,NA,NA,NA,NA,9
hers,1.055,end NP,0,0,NA,NA,NA,NA,NA,NA,NA,NA,NA,NA,9
"criticism<BACKSPACE2>ze as a m,eans<BACKSPACE5>eans for exploitation.<ENTER1><BACKSPACE1> But there is a relatively unspoken",5.584,mid NP,50,0,1,NA,NA,NA,NA,NA,NA,NA,1,NA,9
"benefit to online dating,",8.191,end sentence,0,17,NA,NA,1,NA,NA,NA,NA,NA,NA,NA,9
<BACKSPACE5>es,1.727,end sentence,NA,NA,NA,NA,NA,NA,NA,NA,NA,NA,NA,NA,9
having,2.351,end VP,NA,NA,NA,NA,NA,NA,NA,NA,NA,NA,NA,NA,9
<MOUSECLICK>before meeting a person in <BACKSPACE13> a potenial love inbte<BACKSPACE3>terest in a,1.248,mid PP,NA,NA,NA,NA,NA,1,NA,NA,NA,NA,NA,NA,9
real world setting,1.152,end sentence,NA,NA,NA,NA,1,NA,NA,NA,NA,NA,NA,NA,9
><BACKSPACE1>: s<BACKSPACE3>; safety,1.039,end sentence,NA,NA,NA,NA,NA,NA,NA,NA,NA,NA,NA,NA,9
.<ENTER2>,1.056,end sentence,NA,NA,NA,NA,NA,NA,NA,NA,NA,NA,NA,NA,9
Pr,6.32,mid word,NA,NA,NA,NA,NA,NA,NA,NA,NA,NA,NA,NA,9
ed<BACKSPACE4>That predators exist among i<BACKSPACE1>us is no,1.2,mid NP,4,5,NA,1,NA,1,NA,NA,NA,1,NA,NA,9
new,1.999,mid NP,NA,NA,NA,NA,1,NA,NA,NA,NA,NA,NA,NA,9
"epiphany,",18.335,end sentence,NA,NA,NA,NA,NA,NA,NA,NA,NA,NA,NA,NA,9
but t,1.424,mid word,NA,NA,NA,NA,NA,NA,NA,NA,NA,NA,NA,NA,9
<BACKSPACE1>,1.007,end NP,NA,NA,NA,NA,NA,NA,NA,NA,NA,NA,NA,NA,9
online<BACKSPACE31>,1.887,end NP,NA,NA,NA,NA,NA,NA,NA,NA,NA,NA,NA,NA,9
"is nothing new, but our awarenes <BACKSPACE1>s has grown. This is especially true with the rise of hate crimes, i.e. crimes specifically targetting",1.071,end VP,19,65,NA,1,1,3,NA,NA,NA,NA,1,NA,9
"individuals due to e.g. race, sexual orientation or identity.",3.695,end sentence,NA,NA,NA,NA,1,NA,NA,NA,NA,NA,NA,NA,9
"For example, in The <BACKSPACE4>the USA",10.095,end PP,0,0,2,NA,NA,NA,NA,NA,1,NA,NA,1,9
", indigenous women are twice more likely to be the victim of violent crime than any",1.855,mid NP,0,64,1,NA,1,2,1,NA,NA,NA,NA,NA,9
<SPACE>,1.296,mid NP,NA,NA,NA,NA,NA,NA,NA,NA,NA,NA,NA,NA,9
<BACKSPACE4>other memer <BACKSPACE3>bers of the population.,1.679,end sentence,NA,NA,NA,NA,NA,NA,NA,NA,NA,NA,NA,NA,9
<MOUSECLICK>,20.088,end sentence,NA,NA,NA,NA,NA,NA,NA,NA,NA,NA,NA,NA,9
<ENTER2>,3.591,end sentence,NA,NA,NA,NA,NA,NA,NA,NA,NA,NA,NA,NA,9
<MOUSECLICK>,1.135,end sentence,NA,NA,NA,NA,NA,NA,NA,NA,NA,NA,NA,NA,9
A good example of this is the recent murder of young Brianna Ghey,1.711,end sentence,0,42,1,NA,1,1,NA,NA,NA,1,NA,NA,9
in the U<BACKSPACE4>he Unit<BACKSPACE2>,1.615,mid word,NA,NA,NA,NA,1,NA,NA,NA,NA,NA,NA,NA,9
"ited Kingdom, who was",3.232,end VP,NA,NA,NA,NA,NA,NA,NA,NA,NA,NA,NA,NA,9
brutally murdered by fellow classmates due to her trans ide,1.007,mid word,NA,NA,NA,NA,1,1,NA,NA,NA,NA,NA,NA,9
ntity,1.551,end sentence,NA,NA,NA,NA,NA,NA,NA,NA,NA,NA,NA,NA,9
.,1.008,end sentence,NA,NA,NA,NA,NA,NA,NA,NA,NA,NA,NA,NA,9
Even in crimes not perpetrated for the sake of,2.543,mid PP,0,0,1,NA,NA,NA,NA,NA,1,NA,NA,NA,9
"explicit hate,",1.552,end clause,0,0,NA,NA,NA,NA,NA,NA,NA,NA,NA,NA,9
oppressed or,2.879,end NP,0,0,1,NA,NA,NA,1,NA,NA,NA,NA,NA,9
otherwise disadvantaged c<BACKSPACE1>groups are more foten <BACKSPACE6>often the victims of crime,1.855,end sentence,0,35,NA,NA,1,NA,NA,NA,NA,NA,NA,NA,9
.,1.872,end sentence,NA,NA,NA,NA,NA,NA,NA,NA,NA,NA,NA,NA,9
<MOUSECLICK><BACKSPACE2>,2.079,end sentence,NA,NA,NA,NA,NA,NA,NA,NA,NA,NA,NA,NA,9
<MOUSECLICK>,1.599,end sentence,NA,NA,NA,NA,NA,NA,NA,NA,NA,NA,NA,NA,9
Facts like these illustrate that it is,10.255,end VP,NA,NA,NA,NA,NA,NA,NA,NA,NA,NA,NA,NA,9
a scayr <BACKSPACE3>ry <BACKSPACE47>,4.192,end sentence,NA,NA,NA,NA,NA,NA,NA,NA,NA,NA,NA,NA,9
<MOUSECLICK><ENTER1>Going on a date may seem,15.853,end VP,0,8,1,NA,NA,NA,1,NA,NA,NA,NA,NA,9
quite inoccuous g<BACKSPACE1>,1.072,end sentence,NA,NA,NA,NA,1,NA,NA,NA,NA,NA,NA,NA,9
"<MOUSECLICK>, to e.g. a bar or a coffeshop,.<BACKSPACE6>eshop,",5.759,end PP,NA,NA,NA,NA,NA,NA,NA,NA,NA,NA,NA,NA,9
<BACKSPACE1>,1.023,end PP,NA,NA,NA,NA,NA,NA,NA,NA,NA,NA,NA,NA,9
<MOUSECLICK>to many mebers of society. to other<BACKSPACE8>To others <BACKSPACE1>,1.584,end PP,26,0,1,NA,NA,1,NA,NA,NA,1,NA,NA,9
", it",1.744,end NP,NA,NA,NA,NA,NA,NA,NA,NA,NA,NA,NA,NA,9
may be,1.359,end VP,NA,NA,NA,NA,NA,NA,NA,NA,NA,NA,NA,NA,9
<MOUSECLICK>m,5.024,mid word,NA,NA,NA,NA,NA,NA,NA,NA,NA,NA,NA,NA,9
<MOUSECLICK>,1.295,end VP,NA,NA,NA,NA,NA,NA,NA,NA,NA,NA,NA,NA,9
<BACKSPACE3>,1.455,mid VP,NA,NA,NA,NA,NA,NA,NA,NA,NA,NA,NA,NA,9
be perceived a s<BACKSPACE2>s a risky endevour.,2.688,end sentence,0,20,NA,1,1,NA,NA,NA,NA,NA,1,NA,9
"<BACKSPACE2>, due to the risi",5.055,mid word,NA,NA,NA,NA,1,NA,NA,NA,NA,NA,NA,NA,9
ng,1.984,end VP,NA,NA,NA,NA,NA,NA,NA,NA,NA,NA,NA,NA,9
awareness that,3.312,end NP,NA,NA,NA,NA,NA,NA,NA,NA,NA,NA,NA,NA,9
<MOUSECLICK><BACKSPACE6>,2.352,mid word,NA,NA,NA,NA,NA,NA,NA,NA,NA,NA,NA,NA,9
<MOUSECLICK><BACKSPACE47>,3.231,end sentence,NA,NA,NA,NA,NA,NA,NA,NA,NA,NA,NA,NA,9
<MOUSECLICK>,1.712,mid PP,NA,NA,NA,NA,NA,NA,NA,NA,NA,NA,NA,NA,9
<SPACE>,3.143,end sentence,NA,NA,NA,NA,NA,NA,NA,NA,NA,NA,NA,NA,9
"Thus.<BACKSPACE1>m,<BACKSPACE2>",7.656,end NP,0,0,1,NA,NA,NA,NA,NA,NA,NA,NA,1,9
", meeting a wholy<BACKSPACE1>ly new person, a",2.592,mid NP,0,3,1,NA,NA,NA,1,NA,NA,NA,NA,NA,9
<BACKSPACE3> som,1.664,mid word,NA,NA,NA,NA,1,NA,NA,NA,NA,NA,NA,NA,9
eone you have,1.311,end VP,NA,NA,NA,NA,NA,NA,NA,NA,NA,NA,NA,NA,9
<BACKSPACE29>,1.728,mid NP,NA,NA,NA,NA,NA,NA,NA,NA,NA,NA,NA,NA,9
new person,1.044,end sentence,NA,NA,NA,NA,NA,NA,NA,NA,NA,NA,NA,NA,9
"<BACKSPACE1>, someone of which you know little, or know o<BACKSPACE9>may be a",2.304,mid NP,NA,NA,NA,NA,NA,NA,NA,NA,NA,NA,NA,NA,9
risk,1.055,end sentence,NA,NA,NA,NA,1,NA,NA,NA,NA,NA,NA,NA,9
.,2.975,end sentence,NA,NA,NA,NA,NA,NA,NA,NA,NA,NA,NA,NA,9
<BACKSPACE2>.,2.671,end sentence,NA,NA,NA,NA,NA,NA,NA,NA,NA,NA,NA,NA,9
<ENTER2>,2.543,end sentence,NA,NA,NA,NA,NA,NA,NA,NA,NA,NA,NA,NA,9
"<BACKSPACE3>, especially if",9.023,end NP,0,2,1,NA,NA,NA,NA,1,NA,NA,NA,NA,9
<MOUSECLICK><ENTER2>,3.255,end sentence,NA,NA,NA,NA,NA,NA,NA,NA,NA,NA,NA,NA,9
<MOUSECLICK>you have met them onlinbe,1.688,mid word,0,21,1,NA,NA,1,1,NA,NA,NA,NA,NA,9
<BACKSPACE2>e,1.007,end sentence,NA,NA,NA,NA,1,NA,NA,NA,NA,NA,NA,NA,9
a<BACKSPACE8>through e.g. an online dating app.,1.824,end sentence,NA,NA,NA,NA,1,NA,NA,NA,NA,NA,NA,NA,9
These apps allow us to curate,1.087,end VP,0,18,1,NA,NA,1,1,NA,NA,NA,NA,NA,9
a version of ourselves which may be,2.512,end VP,NA,NA,NA,NA,1,NA,NA,NA,NA,NA,NA,NA,9
m,1.024,mid word,NA,NA,NA,NA,NA,NA,NA,NA,NA,NA,NA,NA,9
"<BACKSPACE1>better than ours<BACKSPACE5> we really are, but it also gives those of us who wish to hurt others an easy means of access to vulern<BACKSPACE3>nerable individuals",1.855,end sentence,33,85,NA,1,2,4,NA,NA,NA,NA,1,NA,9
.,1.184,end sentence,NA,NA,NA,NA,NA,NA,NA,NA,NA,NA,NA,NA,9
"<BACKSPACE2>, such as women (both cis and trans).",11.663,end sentence,NA,NA,NA,NA,1,NA,NA,NA,NA,NA,NA,NA,9
"<BACKSPACE2>,",1.295,end sentence,NA,NA,NA,NA,NA,NA,NA,NA,NA,NA,NA,NA,9
members of,2.863,mid NP,NA,NA,NA,NA,NA,NA,NA,NA,NA,NA,NA,NA,9
<BACKSPACE11>,5.808,mid NP,NA,NA,NA,NA,NA,NA,NA,NA,NA,NA,NA,NA,9
non,1.424,mid word,NA,NA,NA,NA,NA,NA,NA,NA,NA,NA,NA,NA,9
heterosexu<BACKSPACE14>LGB ,1.728,mid word,NA,NA,NA,NA,1,NA,NA,NA,NA,NA,NA,NA,9
"<BACKSPACE26>, members of the LGBTQ=<BACKSPACE1>+ community,",1.487,end sentence,NA,NA,NA,NA,NA,NA,NA,NA,NA,NA,NA,NA,9
<ENTER4>,3.919,end sentence,NA,NA,NA,NA,NA,NA,NA,NA,NA,NA,NA,NA,9
<MOUSECLICK>,1.328,end sentence,NA,NA,NA,NA,NA,NA,NA,NA,NA,NA,NA,NA,9
religious and ethnic minorities.,6.784,end sentence,NA,NA,NA,NA,1,NA,NA,NA,NA,NA,NA,NA,9
"A potential solution to this problem, raised by the online nature of d<BACKSPACE32>",7.375,end NP,0,0,1,NA,NA,NA,1,NA,NA,NA,NA,NA,9
<BACKSPACE2> is to extend,1.583,end VP,NA,NA,NA,NA,NA,NA,NA,NA,NA,NA,NA,NA,9
onli<BACKSPACE4>,2.128,end VP,NA,NA,NA,NA,NA,NA,NA,NA,NA,NA,NA,NA,9
online dating into the<BACKSPACE3>a metaverse,1.2,end sentence,NA,NA,NA,NA,2,NA,NA,NA,NA,NA,NA,NA,9
<BACKSPACE1>ian,4.047,mid NP,NA,NA,NA,NA,NA,NA,NA,NA,NA,NA,NA,NA,9
phenomenon,3.68,end sentence,NA,NA,NA,NA,NA,NA,NA,NA,NA,NA,NA,NA,9
<BACKSPACE15>e,4.704,end sentence,NA,NA,NA,NA,NA,NA,NA,NA,NA,NA,NA,NA,9
"esque phenomenon, where ",1.136,end NP,NA,NA,NA,NA,NA,NA,NA,NA,NA,NA,NA,NA,9
the first,1.023,mid NP,0,0,1,NA,NA,NA,1,NA,NA,NA,NA,NA,9
couple of dates are completely online.,1.375,end sentence,0,22,NA,NA,1,NA,NA,NA,NA,NA,NA,NA,9
<ENTER2>,3.983,end sentence,NA,NA,NA,NA,NA,NA,NA,NA,NA,NA,NA,NA,9
There are several benei<BACKSPACE1>fits to this intermediary,3.583,mid NP,9,17,NA,1,1,NA,NA,NA,NA,NA,1,NA,9
stance to dating,4.24,end sentence,NA,NA,NA,NA,NA,NA,NA,NA,NA,NA,NA,NA,9
"<BACKSPACE6>online dating. First,",1.247,end NP,14,0,1,NA,NA,NA,NA,NA,NA,NA,NA,1,9
it reduce<BACKSPACE6>gives potential targeti<BACKSPACE1>ed c<BACKSPACE1>,1.631,mid NP,NA,NA,1,NA,1,NA,NA,NA,NA,NA,1,NA,9
<ENTER1>,1.775,mid NP,NA,NA,NA,NA,NA,NA,NA,NA,NA,NA,NA,NA,9
<DOWN5>,1.376,mid NP,NA,NA,NA,NA,NA,NA,NA,NA,NA,NA,NA,NA,9
<MOUSECLICK>,1.783,mid NP,NA,NA,NA,NA,NA,NA,NA,NA,NA,NA,NA,NA,9
<MOUSECLICK><BACKSPACE9>,1.2,mid NP,NA,NA,NA,NA,NA,NA,NA,NA,NA,NA,NA,NA,9
<BACKSPACE16>,3.247,end NP,NA,NA,NA,NA,NA,NA,NA,NA,NA,NA,NA,NA,9
allows,1.664,end VP,0,0,1,NA,NA,NA,NA,NA,NA,NA,1,NA,9
vetting of potential love interests,1.504,end sentence,NA,NA,NA,NA,1,NA,NA,NA,NA,NA,NA,NA,9
<MOUSECLICK>greater,3.336,mid NP,NA,NA,NA,NA,NA,NA,NA,NA,NA,NA,NA,NA,9
<BACKSPACE1>.,1.335,end sentence,NA,NA,NA,NA,NA,NA,NA,NA,NA,NA,NA,NA,9
Communi<BACKSPACE7>It is arguably easier,2.223,end sentence,5,0,1,NA,NA,NA,NA,1,NA,NA,NA,NA,9
to,1.376,mid NP,NA,NA,NA,NA,NA,NA,NA,NA,NA,NA,NA,NA,9
<MOUSECLICK><ENTER2>,11.023,end sentence,NA,NA,NA,NA,NA,NA,NA,NA,NA,NA,NA,NA,9
"Beyond physical vil<BACKSPACE1>olence,",1.375,end PP,0,0,1,NA,NA,NA,NA,NA,1,NA,NA,NA,9
<BACKSPACE1> and security/<BACKSPACE1>.,2.479,end NP,NA,NA,NA,NA,NA,NA,NA,NA,NA,NA,NA,NA,9
<MOUSECLICK>,3.263,end PP,NA,NA,NA,NA,NA,NA,NA,NA,NA,NA,NA,NA,9
there is also,1.68,end NP,NA,NA,NA,NA,NA,NA,NA,NA,NA,NA,NA,NA,9
mental violence or,1.52,end NP,0,0,1,NA,NA,NA,NA,NA,NA,NA,1,NA,9
<BACKSPACE4>,4.447,end sentence,NA,NA,NA,NA,NA,NA,NA,NA,NA,NA,NA,NA,9
or abuse. <BACKSPACE1>,1.375,end sentence,0,0,NA,NA,NA,NA,NA,NA,NA,NA,NA,NA,9
<SPACE>,1.312,end sentence,NA,NA,NA,NA,NA,NA,NA,NA,NA,NA,NA,NA,9
Thr<BACKSPACE1>rou<BACKSPACE5>Love,3.791,end PP,NA,NA,NA,NA,1,NA,NA,NA,NA,NA,NA,NA,9
bombing,1.024,end PP,NA,NA,NA,NA,NA,NA,NA,NA,NA,NA,NA,NA,9
<MOUSECLICK>,2.239,mid NP,NA,NA,NA,NA,NA,NA,NA,NA,NA,NA,NA,NA,9
<MOUSECLICK>,4.384,end sentence,NA,NA,NA,NA,NA,NA,NA,NA,NA,NA,NA,NA,9
<HIGHLIGHT 2174:2198><REPLACED>the mental im<BACKSPACE3> health in,3.815,mid PP,NA,NA,NA,NA,NA,NA,NA,NA,NA,NA,NA,NA,9
<BACKSPACE1>mplications of,1.12,mid NP,NA,NA,NA,NA,NA,NA,NA,NA,NA,NA,NA,NA,9
<BACKSPACE30>,12.304,mid NP,NA,NA,NA,NA,NA,NA,NA,NA,NA,NA,NA,NA,9
risk,10.031,mid NP,NA,NA,NA,NA,NA,NA,NA,NA,NA,NA,NA,NA,9
"<BACKSPACE24> in person, me",1.055,mid NP,NA,NA,NA,NA,NA,NA,NA,NA,NA,NA,NA,NA,9
<BACKSPACE2>me<BACKSPACE2>,1.216,mid NP,NA,NA,NA,NA,NA,NA,NA,NA,NA,NA,NA,NA,9
communicatio<BACKSPACE1>ng via text prior to a da<BACKSPACE2>,1.152,mid PP,0,7,1,NA,NA,NA,1,NA,NA,NA,NA,NA,9
<BACKSPACE1>n in,1.103,mid PP,NA,NA,NA,NA,NA,NA,NA,NA,NA,NA,NA,NA,9
person,1.488,mid NP,NA,NA,NA,NA,NA,NA,NA,NA,NA,NA,NA,NA,9
date,1.408,end NP,NA,NA,NA,NA,NA,NA,NA,NA,NA,NA,NA,NA,9
can,1.072,mid VP,NA,NA,NA,NA,NA,NA,NA,NA,NA,NA,NA,NA,9
<MOUSECLICK>,3.751,mid NP,NA,NA,NA,NA,NA,NA,NA,NA,NA,NA,NA,NA,9
<BACKSPACE2>on,1.016,mid NP,NA,NA,NA,NA,NA,NA,NA,NA,NA,NA,NA,NA,9
<MOUSECLICK>,2.944,mid NP,NA,NA,NA,NA,NA,NA,NA,NA,NA,NA,NA,NA,9
<BACKSPACE4>often has,2.703,end VP,NA,NA,NA,NA,NA,NA,NA,NA,NA,NA,NA,NA,9
<BACKSPACE7>,5.057,end NP,NA,NA,NA,NA,NA,NA,NA,NA,NA,NA,NA,NA,9
<BACKSPACE3> can h<BACKSPACE1>aid predators in,2.175,mid PP,NA,NA,NA,NA,NA,NA,NA,NA,NA,NA,NA,NA,9
grooming a victim,1.935,end sentence,NA,NA,NA,NA,NA,NA,NA,NA,NA,NA,NA,NA,9
. often through narci,1.584,mid word,NA,NA,NA,NA,NA,NA,NA,NA,NA,NA,NA,NA,9
<BACKSPACE21>,3.024,end sentence,NA,NA,NA,NA,NA,NA,NA,NA,NA,NA,NA,NA,9
<MOUSECLICK><BACKSPACE1>A common one is l,2.179,mid word,0,4,1,NA,NA,NA,NA,NA,NA,1,NA,NA,9
"<MOUSECLICK>, i.e.",1.584,mid NP,NA,NA,NA,NA,NA,NA,NA,NA,NA,NA,NA,NA,9
floowi<BACKSPACE2>ding an individual with love and affection,2.032,end sentence,NA,NA,NA,NA,1,NA,NA,NA,NA,NA,NA,NA,9
"<BACKSPACE1> and [<BACKSPACE1>priming the<BACKSPACE16>, thus priming them to believe you",1.823,end sentence,NA,NA,NA,NA,NA,1,NA,NA,NA,NA,NA,NA,9
<BACKSPACE14>o accept,2.255,end VP,NA,NA,NA,NA,NA,NA,NA,NA,NA,NA,NA,NA,9
<BACKSPACE11> to<BACKSPACE2>for affection and trust. Mor<BACKSPACE3>Perhaps more sinister ones a<BACKSPACE1>involved coercion or narcisstic techniques where,1.919,end NP,24,48,NA,2,1,2,1,1,NA,NA,NA,NA,9
an individual may be manipulated,1.952,end sentence,0,18,1,NA,NA,NA,1,NA,NA,NA,NA,NA,9
.<BACKSPACE1> into b<BACKSPACE11>,1.726,mid word,NA,NA,NA,NA,NA,NA,NA,NA,NA,NA,NA,NA,9
<BACKSPACE56>gaslighting,1.367,end sentence,NA,NA,NA,NA,1,NA,NA,NA,NA,NA,NA,NA,9
", and",6.368,end NP,NA,NA,NA,NA,NA,NA,NA,NA,NA,NA,NA,NA,9
some less,1.119,end NP,NA,NA,NA,NA,NA,NA,NA,NA,NA,NA,NA,NA,9
<BACKSPACE16>g.,3.103,end sentence,NA,NA,NA,NA,NA,NA,NA,NA,NA,NA,NA,NA,9
<MOUSECLICK>,5.063,end sentence,NA,NA,NA,NA,NA,NA,NA,NA,NA,NA,NA,NA,9
<MOUSECLICK>,2.775,end sentence,NA,NA,NA,NA,NA,NA,NA,NA,NA,NA,NA,NA,9
While these may occur in [er<BACKSPACE3>person,2.48,end clause,6,19,NA,NA,NA,NA,NA,NA,NA,NA,NA,NA,9
as <BACKSPACE3> as,3.151,mid PP,NA,NA,NA,NA,NA,NA,NA,NA,NA,NA,NA,NA,9
"wellm,<BACKSPACE2>,",2.992,end sentence,NA,NA,NA,NA,NA,NA,NA,NA,NA,NA,NA,NA,9
<SPACE>,3.775,end sentence,NA,NA,NA,NA,NA,NA,NA,NA,NA,NA,NA,NA,9
<HIGHLIGHT 2447:2487><BACKSPACE1>,1.424,end sentence,NA,NA,NA,NA,NA,NA,NA,NA,NA,NA,NA,NA,9
<MOUSECLICK><BACKSPACE2>,1.983,end sentence,NA,NA,NA,NA,NA,NA,NA,NA,NA,NA,NA,NA,9
<MOUSECLICK><ENTER2>,1.295,end sentence,NA,NA,NA,NA,NA,NA,NA,NA,NA,NA,NA,NA,9
<MOUSECLICK><BACKSPACE2>,4.824,end sentence,NA,NA,NA,NA,NA,NA,NA,NA,NA,NA,NA,NA,9
<MOUSECLICK>,1.511,mid VP,NA,NA,NA,NA,NA,NA,NA,NA,NA,NA,NA,NA,9
disseminate a persons demeanor to your identity,4.44,end sentence,NA,NA,NA,NA,1,1,NA,NA,NA,NA,NA,NA,9
"in actual vidoe<BACKSPACE2>eo conversations,",1.28,end sentence,NA,NA,NA,NA,NA,NA,NA,NA,NA,NA,NA,NA,9
<BACKSPACE2> and,2.24,end NP,NA,NA,NA,NA,NA,NA,NA,NA,NA,NA,NA,NA,9
"live discussions, rather over text. They also involve more efforts<BACKSPACE1>, i.e.",2.608,mid NP,NA,NA,NA,NA,1,NA,NA,NA,NA,NA,NA,NA,9
<BACKSPACE36>It is also,3.455,end NP,NA,NA,NA,NA,NA,NA,NA,NA,NA,NA,NA,NA,9
more laborious to,1.584,mid VP,0,2,1,NA,NA,NA,NA,NA,NA,NA,1,NA,9
ma<BACKSPACE1>ake time for,3.84,mid PP,NA,NA,NA,NA,NA,NA,NA,NA,NA,NA,NA,NA,9
<BACKSPACE16>o have a,1.391,mid NP,NA,NA,NA,NA,NA,NA,NA,NA,NA,NA,NA,NA,9
<BACKSPACE1>n online data<BACKSPACE1>e than merely talking,1.615,end sentence,NA,NA,NA,NA,2,NA,NA,NA,NA,NA,NA,NA,9
", which",1.103,end NP,NA,NA,NA,NA,NA,NA,NA,NA,NA,NA,NA,NA,9
<BACKSPACE5>,2.318,end sentence,NA,NA,NA,NA,NA,NA,NA,NA,NA,NA,NA,NA,9
<BACKSPACE9>texting,1.183,end sentence,NA,NA,NA,NA,1,NA,NA,NA,NA,NA,NA,NA,9
?<BACKSPACE1>/chattn<BACKSPACE1>ing.,2.608,end sentence,NA,NA,NA,NA,NA,NA,NA,NA,NA,NA,NA,NA,9
This,1.072,end NP,NA,NA,NA,NA,NA,NA,NA,NA,NA,NA,NA,NA,9
<BACKSPACE5>This hel,1.135,mid word,NA,NA,NA,NA,NA,NA,NA,NA,NA,NA,NA,NA,9
p<BACKSPACE9>,1.407,end sentence,NA,NA,NA,NA,NA,NA,NA,NA,NA,NA,NA,NA,9
"<BACKSPACE2>, and keeping up a facade of good inenti<BACKSPACE4>tentions",1.407,end NP,NA,NA,NA,NA,1,1,NA,NA,NA,NA,NA,NA,9
"is therefore more strenuous. Now, this is by no means foolproff<BACKSPACE2>of, but it adds an extra layer of security",1.6,end sentence,28,26,NA,2,1,NA,NA,1,NA,NA,NA,1,9
to those who may wish to have it,1.04,end sentence,NA,NA,NA,NA,1,1,NA,NA,NA,NA,NA,NA,9
.,2.272,end sentence,NA,NA,NA,NA,NA,NA,NA,NA,NA,NA,NA,NA,9
"There are numerous other benefits to an online date, such as",1.824,mid PP,9,26,NA,1,NA,NA,NA,NA,NA,NA,1,NA,9
breaking the ice and building,1.712,mid NP,NA,NA,NA,NA,NA,NA,NA,NA,NA,NA,NA,NA,9
"comfort,",1.007,end sentence,NA,NA,NA,NA,NA,NA,NA,NA,NA,NA,NA,NA,9
<BACKSPACE2>,1.504,end sentence,NA,NA,NA,NA,NA,NA,NA,NA,NA,NA,NA,NA,9
/trust,2.607,end sentence,NA,NA,NA,NA,NA,NA,NA,NA,NA,NA,NA,NA,9
", and these facotrs may be important to safeguard mental health. In reality, many",1.423,end NP,5,0,1,2,NA,1,2,NA,NA,1,NA,NA,9
vulenrav<BACKSPACE1>b,1.503,mid word,NA,NA,NA,NA,NA,NA,NA,NA,NA,NA,NA,NA,9
<BACKSPACE5>nerable groups may be likely to feel anxiety or other,1.615,mid NP,NA,NA,NA,NA,NA,1,NA,NA,NA,NA,NA,NA,9
<BACKSPACE9>,3.2,end sentence,NA,NA,NA,NA,NA,NA,NA,NA,NA,NA,NA,NA,9
"<BACKSPACE8>a lot of anc<BACKSPACE1>xiety at the prospect of meeting a stranger, whether than stranger bears illwill to them at",1.951,mid PP,NA,NA,NA,NA,NA,1,NA,NA,NA,NA,NA,NA,9
<MOUSECLICK><BACKSPACE1>t,4.175,mid PP,NA,NA,NA,NA,NA,NA,NA,NA,NA,NA,NA,NA,9
<BACKSPACE2>or not.,1.199,end sentence,NA,NA,NA,NA,NA,NA,NA,NA,NA,NA,NA,NA,9
An intermediary step may make it far easier,1.712,end sentence,0,22,1,NA,NA,NA,1,NA,NA,NA,NA,NA,9
for,1.023,mid PP,NA,NA,NA,NA,NA,NA,NA,NA,NA,NA,NA,NA,9
"many people to actually go on dates wit<BACKSPACE3>in person, becuase they have been given the chance to test",4.111,end VP,54,34,NA,1,1,2,1,NA,NA,NA,NA,NA,9
<BACKSPACE5>,1.615,mid NP,NA,NA,NA,NA,NA,NA,NA,NA,NA,NA,NA,NA,9
examine someones intentions from a safe place.,1.264,end sentence,NA,NA,NA,NA,1,1,NA,NA,NA,NA,NA,NA,9
It may also create impoort<BACKSPACE3>rtant papertrails.,2.479,end sentence,11,22,1,NA,1,NA,NA,NA,NA,NA,1,NA,9
"Today<BACKSPACE6>today<BACKSPACE5>Today, in the age of modern technology, the world ha<BACKSPACE2>of dating has changed",4.031,end sentence,0,21,1,2,NA,1,1,NA,1,NA,NA,1,10
<BACKSPACE19>how we meet our po<BACKSPACE3> long term lovers hav<BACKSPACE1>s changed.,6.879,end sentence,NA,NA,NA,NA,NA,NA,NA,NA,NA,NA,NA,NA,10
While our parents#<BACKSPACE1>' generation may have<BACKSPACE8>,2.528,end NP,5,0,1,NA,NA,1,1,NA,NA,NA,NA,NA,10
"met in real life, it is becao<BACKSPACE2>oming more and more common for people today to meet online.",5.119,end sentence,32,32,NA,1,1,1,NA,NA,NA,NA,NA,NA,10
There are many way<BACKSPACE2>ays to meet someone online todya<BACKSPACE2>ay,2.8,end sentence,9,28,NA,1,NA,NA,NA,NA,NA,NA,NA,NA,10
"such as dating apps,",5.824,end sentence,NA,NA,NA,NA,1,NA,NA,NA,NA,NA,NA,NA,10
through,1.487,mid PP,NA,NA,NA,NA,NA,NA,NA,NA,NA,NA,NA,NA,10
"groups of a common interest, and",38.544,end NP,NA,NA,NA,NA,1,NA,NA,NA,NA,NA,NA,NA,10
<BACKSPACE43> or through groups of common interest.,5.151,end sentence,NA,NA,NA,NA,NA,NA,NA,NA,NA,NA,NA,NA,10
Many may argue that,3.968,end NP,0,0,NA,NA,NA,NA,NA,1,NA,NA,NA,NA,10
meeting someone online is not,3.663,end VP,0,4,1,NA,NA,NA,1,NA,NA,NA,NA,NA,10
the,1.039,mid NP,NA,NA,NA,NA,1,NA,NA,NA,NA,NA,NA,NA,10
best way to do so,4.559,end sentence,NA,NA,NA,NA,1,NA,NA,NA,NA,NA,NA,NA,10
as there are a <BACKSPACE2>,1.328,end VP,NA,NA,NA,NA,NA,NA,NA,NA,NA,NA,NA,NA,10
many,5.904,mid NP,0,0,1,NA,NA,NA,NA,NA,NA,NA,1,NA,10
"creepy people online, this argument goes more for wome",1.664,mid word,0,18,NA,1,1,1,NA,NA,NA,NA,NA,NA,10
n looking to date a guy,1.311,end sentence,NA,NA,NA,NA,NA,NA,NA,NA,NA,NA,NA,NA,10
vs,6.031,end NP,NA,NA,NA,NA,NA,NA,NA,NA,NA,NA,NA,NA,10
<BACKSPACE17>,1.232,end VP,NA,NA,NA,NA,NA,NA,NA,NA,NA,NA,NA,NA,10
for love vs men looking for love online.,4.479,end sentence,NA,NA,NA,NA,1,1,NA,NA,NA,NA,NA,NA,10
"However,",1.199,end NP,0,0,NA,NA,NA,NA,NA,NA,NA,NA,NA,1,10
I will argue that there is,1.023,end VP,0,8,NA,NA,1,NA,NA,NA,NA,NA,NA,1,10
<BACKSPACE3>are more benefits than draw,1.343,end sentence,NA,NA,NA,NA,NA,NA,NA,NA,NA,NA,NA,NA,10
<BACKSPACE33>meeting someone li<BACKSPACE2>online is,1.567,end VP,0,9,1,NA,1,NA,NA,NA,NA,NA,1,NA,10
better than,3.599,mid NP,NA,NA,NA,NA,NA,NA,NA,NA,NA,NA,NA,NA,10
"meeting someone in a traditional fassion<BACKSPACE4>ion <BACKSPACE4>hion, such as",3.951,mid NP,NA,NA,NA,NA,1,NA,NA,NA,NA,NA,NA,NA,10
"meeting in a bar, through a friend, or",2.671,end NP,NA,NA,NA,NA,1,NA,NA,NA,NA,NA,NA,NA,10
at an event.,2.655,end sentence,NA,NA,NA,NA,1,NA,NA,NA,NA,NA,NA,NA,10
<ENTER1>,9.551,end sentence,NA,NA,NA,NA,NA,NA,NA,NA,NA,NA,NA,NA,10
There is something magical about meeting the person w<BACKSPACE1>,1.679,end sentence,8,24,NA,1,NA,NA,NA,NA,NA,NA,1,NA,10
<BACKSPACE14>i<BACKSPACE1>ng the love of your life in real life.,1.823,end sentence,NA,NA,NA,NA,1,NA,NA,NA,NA,NA,NA,NA,10
Thk<BACKSPACE3>,12.88,end sentence,NA,NA,NA,NA,NA,NA,NA,NA,NA,NA,NA,NA,10
"Whatever the scenario may be,",1.791,end clause,8,7,NA,1,NA,NA,NA,NA,NA,1,NA,NA,10
if either person didn't show up that day or was,1.744,end VP,2,30,NA,1,NA,1,1,NA,NA,NA,NA,NA,10
"a few mintues late,",2.735,end clause,NA,NA,NA,NA,1,NA,NA,NA,NA,NA,NA,NA,10
there would be no,2.047,mid NP,14,0,1,NA,NA,NA,NA,NA,NA,NA,1,NA,10
fairy st<BACKSPACE2>tauil<BACKSPACE3>il story <BACKSPACE1>.,11.903,end sentence,0,0,NA,NA,NA,NA,NA,NA,NA,NA,NA,NA,10
<MOUSECLICK><HIGHLIGHT 802:796><MOUSECLICK><HIGHLIGHT 884:785><MOUSECLICK><MOUSECLICK><HIGHLIGHT 802:796><MOUSECLICK><REPLACED>one of the two,1.088,mid NP,NA,NA,NA,NA,NA,NA,NA,NA,NA,NA,NA,NA,10
<RIGHT7><BACKSPACE4>ople,6.376,mid NP,0,0,1,NA,NA,NA,1,NA,NA,NA,NA,NA,10
<MOUSECLICK>,1.448,end sentence,NA,NA,NA,NA,NA,NA,NA,NA,NA,NA,NA,NA,10
<LEFT8><BACKSPACE2>le<RIGHT8>,7.54,mid word,NA,NA,NA,NA,NA,NA,NA,NA,NA,NA,NA,NA,10
If person A,1.424,end NP,2,0,1,NA,NA,NA,1,NA,NA,NA,NA,NA,10
meet person B at a bar,1.376,end clause,NA,NA,NA,NA,1,1,NA,NA,NA,NA,NA,NA,10
<BACKSPACE5>r<BACKSPACE1> restaurant at,1.328,mid PP,NA,NA,NA,NA,NA,NA,NA,NA,NA,NA,NA,NA,10
<BACKSPACE14>bar at 22:00,3.248,end clause,NA,NA,NA,NA,NA,NA,NA,NA,NA,NA,NA,NA,10
<BACKSPACE5>,2.672,mid PP,NA,NA,NA,NA,NA,NA,NA,NA,NA,NA,NA,NA,10
13:00,2.032,end clause,NA,NA,NA,NA,1,NA,NA,NA,NA,NA,NA,NA,10
", only because person A b<BACKSPACE1>got out of work",2.272,end sentence,NA,NA,NA,NA,1,1,NA,NA,NA,NA,NA,NA,10
"la<BACKSPACE2>early that day,",2.88,end sentence,NA,NA,NA,NA,1,NA,NA,NA,NA,NA,NA,NA,10
there is a decent change <BACKSPACE3>ce the two had never met <BACKSPACE1>.,7.008,end sentence,9,22,NA,1,NA,1,NA,NA,NA,NA,1,NA,10
It is scen,1.152,mid word,5,0,1,NA,NA,NA,NA,NA,NA,NA,1,NA,10
arios like these that make,3.663,end VP,0,20,NA,NA,NA,NA,NA,NA,NA,NA,NA,NA,10
it such a<BACKSPACE9>,3.471,end VP,NA,NA,NA,NA,NA,NA,NA,NA,NA,NA,NA,NA,10
many seem that finding love in real life is the most romantic way or the only way.,1.199,end sentence,0,77,1,NA,1,1,1,NA,NA,NA,NA,NA,10
"However,",2.4,end NP,0,0,NA,NA,NA,NA,NA,NA,NA,NA,NA,1,10
what if I told you that,3.856,end NP,NA,NA,NA,NA,1,NA,NA,NA,NA,NA,NA,NA,10
you could meet this same perosn <BACKSPACE4>son whenever works conven<BACKSPACE6>best for you,5.087,end sentence,0,55,1,NA,1,2,1,NA,NA,NA,NA,NA,10
so as<BACKSPACE5>a<BACKSPACE1>so long as both as<BACKSPACE2>of you have the same dating app?,9.263,end sentence,NA,NA,NA,NA,NA,1,NA,NA,NA,NA,NA,NA,10
This is,4.399,end VP,NA,NA,NA,NA,NA,NA,NA,NA,NA,NA,NA,NA,10
<BACKSPACE9>,1.727,end sentence,NA,NA,NA,NA,NA,NA,NA,NA,NA,NA,NA,NA,10
Online dating opens up the door to not,3.808,mid NP,0,24,1,NA,1,1,1,NA,NA,NA,NA,NA,10
needing to,1.456,mid NP,NA,NA,NA,NA,NA,NA,NA,NA,NA,NA,NA,NA,10
get lucky and find the one,1.343,end sentence,NA,NA,NA,NA,1,NA,NA,NA,NA,NA,NA,NA,10
in a setting where you least expect it.,2.591,end sentence,NA,NA,NA,NA,2,NA,NA,NA,NA,NA,NA,NA,10
<MOUSECLICK><ENTER1>,1.047,end sentence,NA,NA,NA,NA,NA,NA,NA,NA,NA,NA,NA,NA,10
<MOUSECLICK><MOUSECLICK>,8.087,end sentence,NA,NA,NA,NA,NA,NA,NA,NA,NA,NA,NA,NA,10
Let's take dating,1.664,end sentence,10,0,1,NA,NA,1,NA,NA,NA,1,NA,NA,10
"apps for examp<BACKSPACE32>For examplo<BACKSPACE2>p<BACKSPACE1>le, in<BACKSPACE2>with dating apps you are alb e<BACKSPACE4>ble to",6.831,mid NP,17,15,NA,1,1,1,NA,NA,NA,1,NA,1,10
use them,3.151,end sentence,NA,NA,NA,NA,1,NA,NA,NA,NA,NA,NA,NA,10
<BACKSPACE13> to customize,1.311,end VP,NA,NA,NA,NA,NA,NA,NA,NA,NA,NA,NA,NA,10
"filters of how you would like your potential match to be. You can customize an d<BACKSPACE2> age range,",8.831,end sentence,57,39,NA,1,1,2,1,NA,NA,NA,NA,NA,10
location range,3.647,end sentence,NA,NA,NA,NA,1,NA,NA,NA,NA,NA,NA,NA,10
", and you have the b<BACKSPACE1>ability to write a profile<BACKSPACE7>mini bio <BACKSPACE1>graphy about yourself t",1.679,mid word,5,59,NA,1,NA,NA,NA,NA,NA,NA,NA,NA,10
o describe your interests.,1.759,end sentence,NA,NA,NA,NA,1,NA,NA,NA,NA,NA,NA,NA,10
You also have the ability to post multiple photos,5.904,end sentence,0,45,1,NA,1,NA,1,NA,NA,NA,NA,NA,10
of yourself,1.712,end sentence,NA,NA,NA,NA,NA,NA,NA,NA,NA,NA,NA,NA,10
. While <BACKSPACE6>some <BACKSPACE5>Some may argue that the,1.487,mid NP,19,0,1,NA,NA,NA,1,1,NA,NA,NA,NA,10
problem with posting photos is that,1.088,end NP,0,7,NA,NA,NA,NA,NA,NA,NA,NA,NA,NA,10
it is sijm<BACKSPACE2>,3.328,mid word,NA,NA,NA,NA,NA,NA,NA,NA,NA,NA,NA,NA,10
<BACKSPACE8>many may,1.183,mid VP,0,3,1,NA,1,1,1,NA,NA,NA,NA,NA,10
"engagei<BACKSPACE1> in photoshpi<BACKSPACE2>op or only <BACKSPACE6> purposely choose photos that make them look flatering. While this may have some truth, it deoe<BACKSPACE4>",4.368,end NP,86,5,NA,1,NA,3,1,NA,NA,NA,NA,NA,10
is an overall n<BACKSPACE1>positive as you get to see your potneitl<BACKSPACE13>nab<BACKSPACE3>many photos of your potential match in,1.279,mid PP,NA,NA,NA,1,NA,2,NA,NA,NA,NA,1,NA,10
different environments,1.631,end sentence,NA,NA,NA,NA,1,NA,NA,NA,NA,NA,NA,NA,10
.,13.695,end sentence,NA,NA,NA,NA,NA,NA,NA,NA,NA,NA,NA,NA,10
<ENTER1>,3.247,end sentence,NA,NA,NA,NA,NA,NA,NA,NA,NA,NA,NA,NA,10
Moving beyond,2.239,mid PP,NA,NA,NA,NA,NA,NA,NA,NA,NA,NA,NA,NA,10
the u<BACKSPACE1>customization options,5.631,end clause,0,0,1,NA,NA,NA,NA,NA,NA,1,NA,NA,10
",",3.04,end clause,NA,NA,NA,NA,NA,NA,NA,NA,NA,NA,NA,NA,10
online dating<BACKSPACE27>,1.378,mid PP,0,0,NA,NA,NA,NA,NA,NA,NA,NA,NA,NA,10
tion options,1.648,end clause,0,0,NA,NA,NA,NA,NA,NA,NA,NA,NA,NA,10
"f<BACKSPACE2>, online dating bi<BACKSPACE1>g<BACKSPACE2>gives users the chang<BACKSPACE1>ce to talk with their match before they meet up in real life.",4.383,end sentence,0,81,1,NA,1,4,1,NA,NA,NA,NA,NA,10
"This can help both sides build some chemistry with one another, e<BACKSPACE1>which is especially helpful if etierh <BACKSPACE5>i<BACKSPACE2>ither side is",4.271,end VP,0,2,1,2,NA,3,2,1,NA,NA,NA,NA,10
shy or nervous.,15.231,end sentence,NA,NA,NA,NA,1,NA,NA,NA,NA,NA,NA,NA,10
You<BACKSPACE3>One also has the opportunity tor <BACKSPACE2> reli<BACKSPACE2>alize if they actually like this person or n,1.216,mid word,0,74,1,NA,NA,3,1,NA,NA,NA,NA,NA,10
ot,5.632,end sentence,NA,NA,NA,NA,NA,NA,NA,NA,NA,NA,NA,NA,10
<BACKSPACE23>are interested in this person or not,3.728,end sentence,NA,NA,NA,NA,NA,NA,NA,NA,NA,NA,NA,NA,10
. While,1.503,end NP,NA,NA,NA,NA,NA,NA,NA,NA,NA,NA,NA,NA,10
the matches often start with 2 people liking each other based on look,1.823,end clause,0,57,1,NA,1,2,1,NA,NA,NA,NA,NA,10
"<BACKSPACE4>mstly <BACKSPACE5>ostly looks, this opportunity to",1.296,mid NP,13,2,NA,1,NA,NA,1,NA,NA,NA,NA,NA,10
message before meeting up helps realiz<BACKSPACE6>either side realize if they,3.232,end NP,NA,NA,NA,NA,1,1,NA,NA,NA,NA,NA,NA,10
want to meet or not.,8.671,end sentence,NA,NA,NA,NA,NA,NA,NA,NA,NA,NA,NA,NA,10
"Assuming that both parties want to b<BACKSPACE1>mee up<BACKSPACE3>t up,",10.655,end clause,0,16,NA,1,NA,1,NA,NA,NA,1,NA,NA,10
some of the awkwardness could be removed due to having,4.96,mid NP,0,30,1,NA,1,NA,1,NA,NA,NA,NA,NA,10
<BACKSPACE8> chatting online beforre mee<BACKSPACE6>e meeting up.,12.751,end sentence,NA,NA,NA,NA,NA,NA,NA,NA,NA,NA,NA,NA,10
<HIGHLIGHT 819:824>,1.232,mid VP,NA,NA,NA,NA,NA,NA,NA,NA,NA,NA,NA,NA,10
<REPLACED>oesn't,3.183,mid VP,NA,NA,NA,NA,NA,NA,NA,NA,NA,NA,NA,NA,10
<HIGHLIGHT 846:849><REPLACED>is,8.528,end VP,NA,NA,NA,NA,NA,NA,NA,NA,NA,NA,NA,NA,10
<MOUSECLICK>,1.392,end sentence,NA,NA,NA,NA,NA,NA,NA,NA,NA,NA,NA,NA,10
if person A's day went along as m<BACKSPACE1>normal,18.831,end sentence,NA,NA,NA,NA,NA,NA,NA,NA,NA,NA,NA,NA,10
<HIGHLIGHT 1137:1133>,3.776,end VP,NA,NA,NA,NA,NA,NA,NA,NA,NA,NA,NA,NA,10
<REPLACED>people believe,1.264,end VP,NA,NA,NA,NA,NA,NA,NA,NA,NA,NA,NA,NA,10
<DOWN2><UP3><LEFT1>,11.991,end NP,NA,NA,NA,NA,NA,NA,NA,NA,NA,NA,NA,NA,10
<HIGHLIGHT 1140:1147><REPLACED>think,10.199,end VP,NA,NA,NA,NA,NA,NA,NA,NA,NA,NA,NA,NA,10
"<MOUSECLICK>,",1.863,end clause,NA,NA,NA,NA,NA,NA,NA,NA,NA,NA,NA,NA,10
<MOUSECLICK><MOUSECLICK>,1.016,mid word,NA,NA,NA,NA,NA,NA,NA,NA,NA,NA,NA,NA,10
"<RIGHT1>,",24.944,end clause,NA,NA,NA,NA,NA,NA,NA,NA,NA,NA,NA,NA,10
<HIGHLIGHT 1547:1545>,1.36,mid NP,NA,NA,NA,NA,NA,NA,NA,NA,NA,NA,NA,NA,10
<REPLACED>and choose,15.991,end VP,NA,NA,NA,NA,NA,NA,NA,NA,NA,NA,NA,NA,10
<HIGHLIGHT 1679:1655><BACKSPACE1>,30.591,end NP,NA,NA,NA,NA,NA,NA,NA,NA,NA,NA,NA,NA,10
<MOUSECLICK><HIGHLIGHT 1929:1920><MOUSECLICK>,1.095,end NP,NA,NA,NA,NA,NA,NA,NA,NA,NA,NA,NA,NA,10
<REPLACED>attractive,28.527,end sentence,NA,NA,NA,NA,1,NA,NA,NA,NA,NA,NA,NA,10
<MOUSECLICK>,1.36,end sentence,NA,NA,NA,NA,NA,NA,NA,NA,NA,NA,NA,NA,10
<ENTER1>,10.015,end sentence,NA,NA,NA,NA,NA,NA,NA,NA,NA,NA,NA,NA,10
"Fianll<BACKSPACE4>nally, online dating",5.535,end NP,0,0,2,NA,NA,NA,1,NA,NA,NA,NA,1,10
gives many more options than finding someone in real life would.,3.728,end sentence,NA,NA,NA,NA,NA,3,NA,NA,NA,NA,NA,NA,10
It is important to mention that where you are,1.808,end clause,5,3,NA,2,NA,NA,NA,1,NA,NA,1,NA,10
can greatly lin<BACKSPACE1>mit,3.967,end VP,NA,NA,NA,NA,NA,NA,NA,NA,NA,NA,NA,NA,10
your potne<BACKSPACE2>ential matches. I<BACKSPACE1>Let's say that you live in,4.815,mid PP,NA,NA,NA,NA,1,NA,NA,NA,NA,NA,NA,NA,10
"a rural area far away from a city, your options would be less than someone who lives in the nearby city. However, this would be truth for both",1.599,end sentence,34,8,NA,3,2,3,1,NA,NA,NA,1,1,10
traditional and online dating.,1.84,end sentence,NA,NA,NA,NA,1,NA,NA,NA,NA,NA,NA,NA,10
People who look for,1.391,mid PP,0,12,1,NA,NA,NA,1,NA,NA,NA,NA,NA,10
"dating online w<BACKSPACE1>could, in theory, expand their range significantly beyond their area of residence.",8.015,end sentence,NA,NA,NA,NA,2,1,NA,NA,NA,NA,NA,NA,10
"Also,",3.919,end NP,0,0,NA,NA,NA,NA,NA,NA,NA,NA,NA,1,10
having more opr<BACKSPACE1>tions gives,2.223,end VP,0,5,1,NA,NA,NA,NA,NA,NA,1,NA,NA,10
individuals to choose someone that they,2.591,end NP,NA,NA,NA,NA,2,1,NA,NA,NA,NA,NA,NA,10
click with in,2.016,mid PP,NA,NA,NA,NA,1,NA,NA,NA,NA,NA,NA,NA,10
all of the important boxes romatically.,5.496,end sentence,NA,NA,NA,NA,NA,NA,NA,NA,NA,NA,NA,NA,10
<MOUSECLICK>romantically,3.127,end NP,NA,NA,NA,NA,NA,NA,NA,NA,NA,NA,NA,NA,10
<HIGHLIGHT 3375:3364><BACKSPACE2>,1.184,end sentence,NA,NA,NA,NA,NA,NA,NA,NA,NA,NA,NA,NA,10
<MOUSECLICK>,3.279,end sentence,NA,NA,NA,NA,NA,NA,NA,NA,NA,NA,NA,NA,10
As long as one has patience in finding their,5.743,mid NP,14,16,1,NA,1,NA,NA,NA,1,NA,NA,NA,10
@<BACKSPACE1>,2.064,mid NP,NA,NA,NA,NA,NA,NA,NA,NA,NA,NA,NA,NA,10
perfect mathc<BACKSPACE2>chgh<BACKSPACE2>the odds are doing so are much greater online than,3.647,mid NP,NA,NA,NA,NA,NA,1,NA,NA,NA,NA,NA,NA,10
in real life.,9.695,end sentence,NA,NA,NA,NA,1,NA,NA,NA,NA,NA,NA,NA,10
One issue with this is that,2.576,end NP,0,17,1,NA,NA,NA,NA,NA,NA,1,NA,NA,10
some people may get greedy and,3.295,end NP,NA,NA,NA,NA,1,1,NA,NA,NA,NA,NA,NA,10
"always try to find someone better. While this could be true, these same people would most likely be the same if they date<BACKSPACE4>were dating in a",1.328,mid PP,54,16,NA,1,NA,1,NA,1,NA,NA,NA,NA,10
<BACKSPACE5>tr<BACKSPACE2>in a traditional sense.,1.551,end sentence,NA,NA,NA,NA,NA,NA,NA,NA,NA,NA,NA,NA,10
"<ENTER1>In conlcusion, online dating",1.247,end NP,0,0,2,NA,1,1,1,NA,NA,NA,NA,1,10
c<BACKSPACE1>has a multitude of benfeif<BACKSPACE5>nefits over traditional dating.,9.663,end sentence,NA,NA,NA,NA,NA,NA,NA,NA,NA,NA,NA,NA,10
Having the,1.119,mid NP,6,0,1,NA,NA,NA,1,NA,NA,NA,NA,NA,10
sense of freedom to choose when to meet up helps in making sure that nothing is rushed.,2.975,end sentence,0,70,NA,NA,NA,2,NA,NA,NA,NA,NA,NA,10
Options of customiztaion <BACKSPACE6>ation help,1.808,end VP,0,4,1,NA,1,1,1,NA,NA,NA,NA,NA,10
"find the type of peer<BACKSPACE2>rson you want to be with, based on age and",1.951,end NP,NA,NA,NA,NA,NA,NA,NA,NA,NA,NA,NA,NA,10
location,2.463,end sentence,NA,NA,NA,NA,NA,NA,NA,NA,NA,NA,NA,NA,10
specefically.,4.415,end sentence,NA,NA,NA,NA,NA,NA,NA,NA,NA,NA,NA,NA,10
<BACKSPACE14>in particular.,12.751,end sentence,NA,NA,NA,NA,NA,NA,NA,NA,NA,NA,NA,NA,10
"Finally,",2.287,end NP,0,0,1,NA,NA,NA,NA,NA,NA,NA,NA,1,10
the,1.087,mid NP,0,0,1,NA,NA,NA,1,NA,NA,NA,NA,NA,10
options of online dating givbe<BACKSPACE3>e<BACKSPACE1>ve a patient person the opportunity to find someone wo<BACKSPACE2>ho <BACKSPACE3>who they,1.215,end NP,0,79,NA,NA,1,3,NA,NA,NA,NA,NA,NA,10
<BACKSPACE5>checks most of their romatic boxes,2.192,end sentence,NA,NA,NA,NA,1,NA,NA,NA,NA,NA,NA,NA,10
instead of having to settle with someone who only checks a few of the.,5.407,end sentence,NA,NA,NA,NA,1,1,NA,NA,NA,NA,NA,NA,10
"It is clear that online dating will only become more and more popular as the years progress,",1.456,end sentence,5,61,NA,2,NA,2,1,1,NA,NA,NA,NA,10
So to <BACKSPACE6>,11.28,NA,NA,NA,NA,NA,NA,NA,NA,NA,NA,NA,NA,NA,11
With the,1.376,mid PP,NA,NA,NA,NA,NA,NA,NA,NA,NA,NA,NA,NA,11
inc,5.359,mid word,NA,NA,NA,NA,NA,NA,NA,NA,NA,NA,NA,NA,11
<BACKSPACE3>re<BACKSPACE1>apid,2.319,mid PP,NA,NA,NA,NA,NA,NA,NA,NA,NA,NA,NA,NA,11
growth in,1.167,mid PP,NA,NA,NA,NA,NA,NA,NA,NA,NA,NA,NA,NA,11
tech,4.383,end PP,NA,NA,NA,NA,NA,NA,NA,NA,NA,NA,NA,NA,11
<BACKSPACE29>The advancement of technol,1.151,mid word,0,0,1,NA,NA,NA,1,NA,NA,NA,NA,NA,11
ogy has allowed us to do much,1.551,end sentence,0,25,NA,NA,NA,1,NA,NA,NA,NA,NA,NA,11
<BACKSPACE5>,6.048,end VP,NA,NA,NA,NA,NA,NA,NA,NA,NA,NA,NA,NA,11
h<BACKSPACE1>things we cou;<BACKSPACE1>ldn,2.255,mid word,NA,NA,NA,NA,1,NA,NA,NA,NA,NA,NA,NA,11
't a<BACKSPACE1>imagine,7.888,end sentence,NA,NA,NA,NA,NA,NA,NA,NA,NA,NA,NA,NA,11
20 years ago,1.184,end sentence,NA,NA,NA,NA,1,NA,NA,NA,NA,NA,NA,NA,11
: to see,3.679,end VP,NA,NA,NA,NA,NA,NA,NA,NA,NA,NA,NA,NA,11
each other,1.999,end NP,NA,NA,NA,NA,NA,NA,NA,NA,NA,NA,NA,NA,11
"<BACKSPACE10>p<BACKSPACE2>people halfway acroos <BACKSPACE3>ss the owlr<BACKSPACE4>world,",15.584,end sentence,NA,NA,NA,NA,NA,NA,NA,NA,NA,NA,NA,NA,11
<BACKSPACE2>.,3.567,end sentence,NA,NA,NA,NA,NA,NA,NA,NA,NA,NA,NA,NA,11
"<MOUSECLICK><BACKSPACE1>, for example,<RIGHT7>, tlak <BACKSPACE4>alk and interact with",1.455,end VP,NA,NA,NA,NA,NA,NA,NA,NA,NA,NA,NA,NA,11
<MOUSECLICK> But,2.255,end NP,NA,NA,NA,NA,NA,NA,NA,NA,NA,NA,NA,NA,11
"sp,e <BACKSPACE3>",6.207,mid word,NA,NA,NA,NA,NA,NA,NA,NA,NA,NA,NA,NA,11
is <BACKSPACE5>is it enough,5.263,end sentence,NA,NA,NA,NA,NA,NA,NA,NA,NA,NA,NA,NA,11
<BACKSPACE17>,20.879,end sentence,NA,NA,NA,NA,NA,NA,NA,NA,NA,NA,NA,NA,11
"However, this",2.384,end NP,0,4,NA,NA,NA,NA,NA,NA,NA,NA,NA,1,11
<BACKSPACE4>w<BACKSPACE1>whether,3.551,end NP,NA,NA,NA,NA,NA,NA,NA,NA,NA,NA,NA,NA,11
online presence can replace,1.024,end VP,NA,NA,NA,NA,1,NA,NA,NA,NA,NA,NA,NA,11
<BACKSPACE12>,4.471,end NP,NA,NA,NA,NA,NA,NA,NA,NA,NA,NA,NA,NA,11
<MOUSECLICK><LEFT1>the question,1.575,end NP,0,0,1,NA,NA,NA,1,NA,NA,NA,NA,NA,11
<MOUSECLICK>can the <BACKSPACE5>,1.296,mid VP,NA,NA,NA,NA,NA,NA,NA,NA,NA,NA,NA,NA,11
entirely replace offline,1.008,end NP,NA,NA,NA,NA,NA,NA,NA,NA,NA,NA,NA,NA,11
is a question,2.927,end sentence,NA,NA,NA,NA,NA,NA,NA,NA,NA,NA,NA,NA,11
<BACKSPACE11>,1.12,end VP,NA,NA,NA,NA,NA,NA,NA,NA,NA,NA,NA,NA,11
still left,2.336,end sentence,NA,NA,NA,NA,NA,NA,NA,NA,NA,NA,NA,NA,11
unas<BACKSPACE2>answered.,6.031,end sentence,NA,NA,NA,NA,NA,1,NA,NA,NA,NA,NA,NA,11
Ao<BACKSPACE2>S,1.343,end NP,NA,NA,NA,NA,NA,NA,NA,NA,NA,NA,NA,NA,11
<BACKSPACE3>,1.911,end sentence,NA,NA,NA,NA,NA,NA,NA,NA,NA,NA,NA,NA,11
<MOUSECLICK><BACKSPACE4>has t<BACKSPACE4>od<BACKSPACE1>;d<BACKSPACE2>lds the potne<BACKSPACE2>ential to,3.743,mid NP,NA,NA,NA,NA,NA,NA,NA,NA,NA,NA,NA,NA,11
<MOUSECLICK>,4.911,end sentence,NA,NA,NA,NA,NA,NA,NA,NA,NA,NA,NA,NA,11
<BACKSPACE15>under exploration bu<BACKSPACE1>y,2.287,mid PP,NA,NA,NA,NA,NA,NA,NA,NA,NA,NA,NA,NA,11
soci<BACKSPACE4>,1.008,mid PP,NA,NA,NA,NA,NA,NA,NA,NA,NA,NA,NA,NA,11
researchers <BACKSPACE1>.,2.432,end sentence,NA,NA,NA,NA,1,NA,NA,NA,NA,NA,NA,NA,11
<BACKSPACE17>. Some m,1.728,mid word,0,0,1,NA,NA,NA,1,NA,NA,NA,NA,NA,11
<BACKSPACE1>,1.184,end NP,0,0,NA,NA,NA,NA,NA,NA,NA,NA,NA,NA,11
people put up the argument that,1.103,end NP,0,24,NA,NA,NA,1,NA,NA,NA,NA,NA,NA,11
it is better,1.887,end NP,6,0,1,NA,1,1,NA,NA,NA,NA,1,NA,11
for couple<BACKSPACE6>couples to spend the first few a<BACKSPACE1>dates,1.007,end NP,NA,NA,NA,NA,1,NA,NA,NA,NA,NA,NA,NA,11
"online,",8.063,end sentence,NA,NA,NA,NA,NA,NA,NA,NA,NA,NA,NA,NA,11
amd y<BACKSPACE7>,6.528,end sentence,NA,NA,NA,NA,NA,NA,NA,NA,NA,NA,NA,NA,11
despo<BACKSPACE1>ite the tradii<BACKSPACE1>tional,1.84,mid NP,NA,NA,NA,NA,1,NA,NA,NA,NA,NA,NA,NA,11
physical,4.784,mid NP,NA,NA,NA,NA,NA,NA,NA,NA,NA,NA,NA,NA,11
dates.,1.743,end sentence,NA,NA,NA,NA,NA,NA,NA,NA,NA,NA,NA,NA,11
<MOUSECLICK>,2.736,end NP,NA,NA,NA,NA,NA,NA,NA,NA,NA,NA,NA,NA,11
<DOWN1>,4.487,end sentence,NA,NA,NA,NA,NA,NA,NA,NA,NA,NA,NA,NA,11
<MOUSECLICK><DOWN1><UP1>,1.639,end NP,NA,NA,NA,NA,NA,NA,NA,NA,NA,NA,NA,NA,11
<MOUSECLICK><BACKSPACE7>meetypos<BACKSPACE4>ups.,6.16,end sentence,NA,NA,NA,NA,NA,NA,NA,NA,NA,NA,NA,NA,11
I can see,9.279,end VP,NA,NA,NA,NA,NA,NA,NA,NA,NA,NA,NA,NA,11
<BACKSPACE10>,4.991,end sentence,NA,NA,NA,NA,NA,NA,NA,NA,NA,NA,NA,NA,11
There are several b<BACKSPACE1>,3.648,mid NP,9,0,1,NA,NA,NA,NA,NA,NA,NA,1,NA,11
reasons behind,1.6,mid NP,0,7,NA,NA,1,NA,NA,NA,NA,NA,NA,NA,11
this cal<BACKSPACE2>laim.,2.959,end sentence,NA,NA,NA,NA,NA,NA,NA,NA,NA,NA,NA,NA,11
<HIGHLIGHT 433:442><BACKSPACE3>S,1.896,mid NP,NA,NA,1,NA,NA,NA,1,NA,NA,NA,NA,NA,11
<MOUSECLICK>,2.391,mid NP,NA,NA,NA,NA,NA,NA,NA,NA,NA,NA,NA,NA,11
<RIGHT18> can be detac<BACKSPACE2>ected<RIGHT1>,5.327,end VP,NA,NA,NA,NA,NA,NA,NA,NA,NA,NA,NA,NA,11
"Frist<BACKSPACE4>irstly,",10.768,end NP,0,0,NA,NA,NA,NA,NA,NA,NA,NA,NA,1,11
the o<BACKSPACE5>,1.536,end NP,NA,NA,NA,NA,NA,NA,NA,NA,NA,NA,NA,NA,11
online dates,1.984,end NP,0,0,1,NA,NA,NA,1,NA,NA,NA,NA,NA,11
have no rest<BACKSPACE4>geographical restrictions.,5.2,end sentence,NA,NA,NA,NA,1,NA,NA,NA,NA,NA,NA,NA,11
You can stay in,1.807,mid PP,NA,NA,NA,NA,NA,NA,NA,NA,NA,NA,NA,NA,11
Asia and date,1.696,end VP,NA,NA,NA,NA,NA,NA,NA,NA,NA,NA,NA,NA,11
<BACKSPACE31>,6.015,end sentence,NA,NA,NA,NA,NA,NA,NA,NA,NA,NA,NA,NA,11
You can,1.552,mid VP,NA,NA,NA,NA,NA,NA,NA,NA,NA,NA,NA,NA,11
"easily <BACKSPACE17>, which",1.503,end NP,NA,NA,NA,NA,NA,NA,NA,NA,NA,NA,NA,NA,11
immens,1.216,mid word,NA,NA,NA,NA,NA,NA,NA,NA,NA,NA,NA,NA,11
ely,3.023,end NP,NA,NA,NA,NA,NA,NA,NA,NA,NA,NA,NA,NA,11
increase your,5.583,mid NP,NA,NA,NA,NA,NA,NA,NA,NA,NA,NA,NA,NA,11
pool of candidates!,11.199,end sentence,NA,NA,NA,NA,1,NA,NA,NA,NA,NA,NA,NA,11
I<BACKSPACE1>,9.128,end sentence,NA,NA,NA,NA,NA,NA,NA,NA,NA,NA,NA,NA,11
<MOUSECLICK><BACKSPACE4>the t<BACKSPACE1>size of your,2.279,mid NP,NA,NA,NA,NA,NA,NA,NA,NA,NA,NA,NA,NA,11
<MOUSECLICK><MOUSECLICK>,2.808,end sentence,NA,NA,NA,NA,NA,NA,NA,NA,NA,NA,NA,NA,11
<HIGHLIGHT 570:585><MOUSECLICK><MOUSECLICK>,2.407,mid NP,NA,NA,NA,NA,NA,NA,NA,NA,NA,NA,NA,NA,11
<BACKSPACE2>,7.615,end sentence,NA,NA,NA,NA,NA,NA,NA,NA,NA,NA,NA,NA,11
"Next up <BACKSPACE1>,",10.991,end NP,0,0,NA,NA,NA,NA,NA,NA,NA,NA,NA,1,11
it is a great,9.791,mid NP,NA,NA,1,NA,NA,NA,NA,1,NA,NA,NA,NA,11
<BACKSPACE14>,2.127,end NP,NA,NA,NA,NA,NA,NA,NA,NA,NA,NA,NA,NA,11
peo<BACKSPACE3>,2.144,end NP,NA,NA,NA,NA,NA,NA,NA,NA,NA,NA,NA,NA,11
it is a great way for,6.719,mid PP,8,4,NA,NA,NA,NA,NA,NA,NA,NA,NA,NA,11
in,1.488,mid word,NA,NA,NA,NA,NA,NA,NA,NA,NA,NA,NA,NA,11
troverted,1.679,end NP,NA,NA,NA,NA,NA,NA,NA,NA,NA,NA,NA,NA,11
to<BACKSPACE2>or socially anxious people to,2.128,mid VP,NA,NA,NA,NA,NA,1,NA,NA,NA,NA,NA,NA,11
engage in dates without havingto <BACKSPACE3> to worry about the external enviur<BACKSPACE2>ronment.,10.495,end sentence,NA,NA,NA,NA,1,1,NA,NA,NA,NA,NA,NA,11
"And lastlu<BACKSPACE1>y,",12.895,end NP,4,0,NA,NA,NA,NA,NA,NA,NA,NA,NA,1,11
<MOUSECLICK> easiky <BACKSPACE3>,1.232,mid word,NA,NA,NA,NA,NA,NA,NA,NA,NA,NA,NA,NA,11
ky <BACKSPACE3>l,1.696,mid word,NA,NA,NA,NA,NA,NA,NA,NA,NA,NA,NA,NA,11
<BACKSPACE8>qyi<BACKSPACE2>uickly be <BACKSPACE1>,1.264,mid VP,NA,NA,NA,NA,NA,NA,NA,NA,NA,NA,NA,NA,11
<MOUSECLICK>,30.447,end NP,NA,NA,NA,NA,NA,NA,NA,NA,NA,NA,NA,NA,11
<MOUSECLICK>,3.384,mid PP,NA,NA,NA,NA,NA,NA,NA,NA,NA,NA,NA,NA,11
<MOUSECLICK><MOUSECLICK>,7.92,end NP,NA,NA,NA,NA,NA,NA,NA,NA,NA,NA,NA,NA,11
it gives,1.231,end VP,0,5,NA,NA,NA,NA,NA,NA,NA,NA,NA,NA,11
<BACKSPACE8>th<BACKSPACE3>,2.063,end NP,NA,NA,NA,NA,NA,NA,NA,NA,NA,NA,NA,NA,11
te<BACKSPACE1>,1.488,mid word,NA,NA,NA,NA,NA,NA,NA,NA,NA,NA,NA,NA,11
h,3.631,mid word,NA,NA,NA,NA,NA,NA,NA,NA,NA,NA,NA,NA,11
<MOUSECLICK><MOUSECLICK>,1.968,end VP,NA,NA,NA,NA,NA,NA,NA,NA,NA,NA,NA,NA,11
"<HIGHLIGHT 616:635><BACKSPACE1>, the n<BACKSPACE1>online setting provides a safe place",1.488,end NP,0,21,1,NA,1,NA,1,NA,NA,NA,NA,NA,11
<BACKSPACE1>,1.471,end NP,NA,NA,NA,NA,NA,NA,NA,NA,NA,NA,NA,NA,11
<MOUSECLICK>,2.176,mid word,NA,NA,NA,NA,NA,NA,NA,NA,NA,NA,NA,NA,11
<BACKSPACE3>,26.143,end NP,NA,NA,NA,NA,NA,NA,NA,NA,NA,NA,NA,NA,11
the online <BACKSPACE11>,1.664,end NP,NA,NA,NA,NA,NA,NA,NA,NA,NA,NA,NA,NA,11
meetin<BACKSPACE6>online meetings,1.231,end NP,NA,NA,NA,NA,NA,NA,NA,NA,NA,NA,NA,NA,11
also grant,1.087,end VP,NA,NA,NA,NA,1,NA,NA,NA,NA,NA,NA,NA,11
you the,3.167,mid NP,NA,NA,NA,NA,1,NA,NA,NA,NA,NA,NA,NA,11
<HIGHLIGHT 790:824><BACKSPACE2>it alsoe<BACKSPACE2>o grants you the opr<BACKSPACE1>tiom <BACKSPACE2>n to opt out anytime,6.223,end sentence,NA,NA,NA,NA,1,NA,NA,NA,NA,NA,NA,NA,11
<MOUSECLICK> vo<BACKSPACE2>comfortably <BACKSPACE1><MOUSECLICK><MOUSECLICK>,1.231,end sentence,NA,NA,NA,NA,NA,NA,NA,NA,NA,NA,NA,NA,11
<MOUSECLICK>You can sit in your,1.088,mid PP,0,15,1,NA,1,NA,1,NA,NA,NA,NA,NA,11
<BACKSPACE5>,2.448,mid PP,NA,NA,NA,NA,NA,NA,NA,NA,NA,NA,NA,NA,11
your,1.232,mid PP,NA,NA,NA,NA,NA,NA,NA,NA,NA,NA,NA,NA,11
<SPACE>,1.455,mid PP,NA,NA,NA,NA,1,NA,NA,NA,NA,NA,NA,NA,11
<BACKSPACE5>an apr<BACKSPACE1>rt<BACKSPACE2>artment in Shanghai,3.712,end sentence,NA,NA,NA,NA,NA,NA,NA,NA,NA,NA,NA,NA,11
getting to know a person,25.199,end sentence,NA,NA,NA,NA,1,NA,NA,NA,NA,NA,NA,NA,11
from <BACKSPACE5>living,1.951,end sentence,NA,NA,NA,NA,NA,NA,NA,NA,NA,NA,NA,NA,11
in,2.063,mid PP,NA,NA,NA,NA,1,NA,NA,NA,NA,NA,NA,NA,11
New Tork<BACKSPACE4>York!,1.808,end sentence,NA,NA,NA,NA,NA,NA,NA,NA,NA,NA,NA,NA,11
<MOUSECLICK><BACKSPACE1>.,1.135,end sentence,NA,NA,NA,NA,NA,NA,NA,NA,NA,NA,NA,NA,11
<MOUSECLICK><MOUSECLICK><MOUSECLICK>,26,end sentence,NA,NA,NA,NA,NA,NA,NA,NA,NA,NA,NA,NA,11
without,4.784,mid PP,NA,NA,NA,NA,NA,NA,NA,NA,NA,NA,NA,NA,11
<BACKSPACE9> you want.,2.023,end sentence,NA,NA,NA,NA,NA,NA,NA,NA,NA,NA,NA,NA,11
<MOUSECLICK><RIGHT1><BACKSPACE4>,1.192,end VP,NA,NA,NA,NA,NA,NA,NA,NA,NA,NA,NA,NA,11
<MOUSECLICK>,7.271,end sentence,NA,NA,NA,NA,NA,NA,NA,NA,NA,NA,NA,NA,11
If you,3.184,end NP,3,0,1,NA,NA,NA,1,NA,NA,NA,NA,NA,11
<BACKSPACE25>at anytime. If yu<BACKSPACE1>ou w<BACKSPACE1>feel,8.016,end VP,NA,NA,NA,NA,NA,NA,NA,NA,NA,NA,NA,NA,11
uneasy,2.496,end clause,NA,NA,NA,NA,NA,NA,NA,NA,NA,NA,NA,NA,11
"<BACKSPACE11>eet tha<BACKSPACE5>l thay their<BACKSPACE7>t heir <BACKSPACE5>their is no spark <BACKSPACE1>,",4.671,end clause,NA,NA,NA,NA,1,NA,NA,NA,NA,NA,NA,NA,11
<BACKSPACE22>,2.175,mid word,NA,NA,NA,NA,NA,NA,NA,NA,NA,NA,NA,NA,11
<BACKSPACE2>no spark during the conversation,5.216,end clause,NA,NA,NA,NA,NA,NA,NA,NA,NA,NA,NA,NA,11
<BACKSPACE12>fr<BACKSPACE1>irst,1.296,mid PP,NA,NA,NA,NA,1,NA,NA,NA,NA,NA,NA,NA,11
<BACKSPACE3>,1.472,mid PP,NA,NA,NA,NA,NA,NA,NA,NA,NA,NA,NA,NA,11
st dew<BACKSPACE3>few encou,2.111,mid word,NA,NA,NA,NA,NA,NA,NA,NA,NA,NA,NA,NA,11
<BACKSPACE6>,1.312,mid PP,NA,NA,NA,NA,NA,NA,NA,NA,NA,NA,NA,NA,11
"encountersm, <BACKSPACE3>,",7.863,end clause,NA,NA,NA,NA,NA,NA,NA,NA,NA,NA,NA,NA,11
<HIGHLIGHT 924:936><BACKSPACE2>if,1.519,mid word,NA,NA,NA,NA,NA,NA,NA,NA,NA,NA,NA,NA,11
<BACKSPACE1>,1.736,mid word,NA,NA,NA,NA,NA,NA,NA,NA,NA,NA,NA,NA,11
<MOUSECLICK>,5.895,end sentence,NA,NA,NA,NA,NA,NA,NA,NA,NA,NA,NA,NA,11
<MOUSECLICK>,1.296,mid word,NA,NA,NA,NA,NA,NA,NA,NA,NA,NA,NA,NA,11
<RIGHT17><LEFT1><BACKSPACE21>an was<BACKSPACE3>easy way out,3.192,end clause,NA,NA,NA,NA,1,NA,NA,NA,NA,NA,NA,NA,11
<MOUSECLICK><BACKSPACE2>.,1.656,end sentence,NA,NA,NA,NA,NA,NA,NA,NA,NA,NA,NA,NA,11
"<MOUSECLICK><RIGHT2>,",1.551,end clause,NA,NA,NA,NA,NA,NA,NA,NA,NA,NA,NA,NA,11
<MOUSECLICK>,12.223,end sentence,NA,NA,NA,NA,NA,NA,NA,NA,NA,NA,NA,NA,11
<BACKSPACE1>,6.735,end sentence,NA,NA,NA,NA,NA,NA,NA,NA,NA,NA,NA,NA,11
<MOUSECLICK><BACKSPACE1>,1.376,end clause,NA,NA,NA,NA,NA,NA,NA,NA,NA,NA,NA,NA,11
<SPACE>,3.407,end sentence,NA,NA,NA,NA,NA,NA,NA,NA,NA,NA,NA,NA,11
The <BACKSPACE3>,1.056,end sentence,NA,NA,NA,NA,NA,NA,NA,NA,NA,NA,NA,NA,11
<BACKSPACE1>One of the best thing p<BACKSPACE1>abpoti<BACKSPACE3>,1.456,mid word,NA,NA,NA,NA,NA,NA,NA,NA,NA,NA,NA,NA,11
<BACKSPACE25>,8.927,end sentence,NA,NA,NA,NA,NA,NA,NA,NA,NA,NA,NA,NA,11
If you,12.799,end NP,NA,NA,NA,NA,NA,NA,NA,NA,NA,NA,NA,NA,11
<BACKSPACE7>,1.391,end sentence,NA,NA,NA,NA,NA,NA,NA,NA,NA,NA,NA,NA,11
Being,1.199,mid NP,0,0,NA,NA,NA,NA,NA,NA,NA,NA,NA,NA,11
anonymous onlun<BACKSPACE2>ine,19.983,end NP,0,0,NA,NA,NA,NA,NA,NA,NA,NA,NA,NA,11
<HIGHLIGHT 971:976><BACKSPACE1>,1.567,end sentence,NA,NA,NA,NA,NA,NA,NA,NA,NA,NA,NA,NA,11
Y<BACKSPACE1>,2.223,end sentence,NA,NA,NA,NA,NA,NA,NA,NA,NA,NA,NA,NA,11
You a<BACKSPACE1>can your date can <BACKSPACE4>,2.48,end NP,NA,NA,NA,NA,NA,NA,NA,NA,NA,NA,NA,NA,11
<BACKSPACE19>,1.216,end sentence,NA,NA,NA,NA,NA,NA,NA,NA,NA,NA,NA,NA,11
Being <BACKSPACE1>,1.344,end VP,NA,NA,NA,NA,NA,NA,NA,NA,NA,NA,NA,NA,11
<DOWN1>,5.383,end NP,NA,NA,NA,NA,NA,NA,NA,NA,NA,NA,NA,NA,11
"<HIGHLIGHT 971:976><BACKSPACE1>In this case,",4.847,end NP,0,0,NA,NA,NA,NA,NA,NA,NA,NA,NA,NA,11
<MOUSECLICK><MOUSECLICK>,2.063,end sentence,NA,NA,NA,NA,NA,NA,NA,NA,NA,NA,NA,NA,11
<HIGHLIGHT 971:1001>,4.079,end sentence,NA,NA,NA,NA,NA,NA,NA,NA,NA,NA,NA,NA,11
<MOUSECLICK> being,1.712,end VP,0,0,1,NA,NA,NA,1,NA,NA,NA,NA,NA,11
<MOUSECLICK>,1.343,end NP,NA,NA,NA,NA,NA,NA,NA,NA,NA,NA,NA,NA,11
"has it <BACKSPACE1>s perks,",14.719,end clause,NA,NA,NA,NA,1,NA,NA,NA,NA,NA,NA,NA,11
<HIGHLIGHT 1023:971><BACKSPACE1><ENTER1>H<BACKSPACE2>,6.224,end sentence,NA,NA,NA,NA,NA,NA,NA,NA,NA,NA,NA,NA,11
"Nevertheless, onluin<BACKSPACE3>ine meetings",3.343,end NP,0,9,2,NA,NA,NA,1,NA,NA,NA,NA,1,11
<BACKSPACE10> dates may,1.392,mid VP,0,4,NA,NA,NA,NA,NA,NA,NA,NA,NA,NA,11
lack certain aspect,5.247,mid NP,NA,NA,NA,NA,1,NA,NA,NA,NA,NA,NA,NA,11
s c<BACKSPACE1>,1.167,mid NP,NA,NA,NA,NA,NA,NA,NA,NA,NA,NA,NA,NA,11
"compared <BACKSPACE1> to offline ones, and",4.463,end NP,NA,NA,NA,NA,NA,1,NA,NA,NA,NA,NA,NA,11
hold,5.807,end VP,NA,NA,NA,NA,NA,NA,NA,NA,NA,NA,NA,NA,11
caer<BACKSPACE2>r<BACKSPACE2>ertain risks,6.208,end sentence,NA,NA,NA,NA,1,NA,NA,NA,NA,NA,NA,NA,11
that you have to be aware of.,19.951,end sentence,NA,NA,NA,NA,NA,1,NA,NA,NA,NA,NA,NA,11
Technology has a<BACKSPACE1>i<BACKSPACE1>el<BACKSPACE1>volved so much that,3.407,end NP,0,24,1,NA,NA,NA,1,NA,NA,NA,NA,NA,11
every<BACKSPACE4>veryone,1.087,end NP,NA,NA,NA,NA,NA,NA,NA,NA,NA,NA,NA,NA,11
<BACKSPACE9>people can look totally different in real life,1.776,end sentence,NA,NA,1,NA,1,NA,NA,NA,NA,NA,NA,NA,11
<MOUSECLICK><MOUSECLICK>,2.736,mid PP,NA,NA,NA,NA,NA,NA,NA,NA,NA,NA,NA,NA,11
<RIGHT15> have a,2.367,mid NP,NA,NA,NA,NA,NA,NA,NA,NA,NA,NA,NA,NA,11
brand new iden<BACKSPACE21>hold a,2.48,mid NP,NA,NA,NA,NA,NA,NA,NA,NA,NA,NA,NA,NA,11
"completely different identity, ot <BACKSPACE2>r",2.672,end NP,NA,NA,NA,NA,1,NA,NA,NA,NA,NA,NA,NA,11
<HIGHLIGHT 1189:1226><BACKSPACE1> physical appr<BACKSPACE1>earance,8.991,end NP,NA,NA,NA,NA,1,NA,NA,NA,NA,NA,NA,NA,11
to t,2.688,mid word,NA,NA,NA,NA,NA,NA,NA,NA,NA,NA,NA,NA,11
<BACKSPACE1>,1.695,mid NP,NA,NA,NA,NA,NA,NA,NA,NA,NA,NA,NA,NA,11
reakl <BACKSPACE3>l life.,20.408,end sentence,NA,NA,NA,NA,1,NA,NA,NA,NA,NA,NA,NA,11
<HIGHLIGHT 1187:1185><BACKSPACE1>,1.648,mid NP,NA,NA,NA,NA,NA,NA,NA,NA,NA,NA,NA,NA,11
"<MOUSECLICK><BACKSPACE2>, so",11.824,end NP,NA,NA,NA,NA,NA,NA,NA,NA,NA,NA,NA,NA,11
<BACKSPACE5>.,8.472,end sentence,NA,NA,NA,NA,NA,NA,NA,NA,NA,NA,NA,NA,11
<MOUSECLICK> compared to <BACKSPACE4>,1.344,mid NP,NA,NA,NA,NA,NA,NA,NA,NA,NA,NA,NA,NA,11
<MOUSECLICK>,1.071,end sentence,NA,NA,NA,NA,NA,NA,NA,NA,NA,NA,NA,NA,11
This,2.384,mid NP,0,0,NA,NA,NA,NA,1,NA,NA,NA,NA,NA,11
may mislead to <BACKSPACE3>you to hold certain <BACKSPACE8>,4.096,end VP,NA,NA,1,NA,NA,1,NA,NA,NA,NA,NA,NA,11
e<BACKSPACE1>high expectations,10.623,end sentence,NA,NA,NA,NA,1,NA,NA,NA,NA,NA,NA,NA,11
<HIGHLIGHT 1245:1279><MOUSECLICK><MOUSECLICK>,7.639,mid PP,NA,NA,NA,NA,NA,NA,NA,NA,NA,NA,NA,NA,11
", in a mild case,",1.216,end PP,NA,NA,NA,NA,1,NA,NA,NA,NA,NA,NA,NA,11
<DOWN1>,1.151,end sentence,NA,NA,NA,NA,NA,NA,NA,NA,NA,NA,NA,NA,11
that,1.279,end NP,NA,NA,NA,NA,NA,NA,NA,NA,NA,NA,NA,NA,11
won't be met,4.575,end sentence,NA,NA,NA,NA,NA,NA,NA,NA,NA,NA,NA,NA,11
<BACKSPACE3>,1.767,mid word,NA,NA,NA,NA,NA,NA,NA,NA,NA,NA,NA,NA,11
"et aftwewar<BACKSPACE5>erwards, or",1.008,end NP,NA,NA,NA,NA,NA,1,NA,NA,NA,NA,NA,NA,11
more,2.223,mid NP,NA,NA,NA,NA,NA,NA,NA,NA,NA,NA,NA,NA,11
"severly<BACKSPACE2>rly<BACKSPACE2>e<BACKSPACE2>ely,",13.791,end NP,NA,NA,NA,NA,NA,NA,NA,NA,NA,NA,NA,NA,11
be scammed or,1.647,end NP,NA,NA,NA,NA,NA,NA,NA,NA,NA,NA,NA,NA,11
<BACKSPACE3>without knowl<BACKSPACE1>ing who the person behind the screen actually is.,7.999,end sentence,NA,NA,NA,NA,1,1,NA,NA,NA,NA,NA,NA,11
<MOUSECLICK><BACKSPACE2><DOWN1>,14.543,end sentence,NA,NA,NA,NA,NA,NA,NA,NA,NA,NA,NA,NA,11
"Fr<BACKSPACE1>urthermore,",3.664,end NP,0,0,1,NA,NA,NA,NA,NA,NA,NA,NA,1,11
getting<BACKSPACE7>getting to know a person,2.111,end clause,NA,NA,NA,NA,NA,NA,NA,NA,NA,NA,NA,NA,11
<BACKSPACE7>,1.248,mid NP,NA,NA,NA,NA,NA,NA,NA,NA,NA,NA,NA,NA,11
potenti<BACKSPACE7>future <BACKSPACE5>ture live<BACKSPACE3>oe<BACKSPACE1>ve interest,2.055,end NP,NA,NA,NA,NA,NA,NA,NA,NA,NA,NA,NA,NA,11
<MOUSECLICK><LEFT1>ph,2.431,mid word,NA,NA,NA,NA,NA,NA,NA,NA,NA,NA,NA,NA,11
<BACKSPACE2>,1.312,end NP,NA,NA,NA,NA,NA,NA,NA,NA,NA,NA,NA,NA,11
<MOUSECLICK>,1.816,end NP,NA,NA,NA,NA,NA,NA,NA,NA,NA,NA,NA,NA,11
<MOUSECLICK><LEFT1>phyts<BACKSPACE2>sci,2.991,mid word,0,0,1,NA,NA,NA,1,NA,NA,NA,NA,NA,11
<BACKSPACE2>uica<BACKSPACE4>ical attractions,1.423,end NP,0,0,NA,NA,NA,NA,NA,NA,NA,NA,NA,NA,11
<BACKSPACE2> does play a b,2.319,mid NP,NA,NA,NA,NA,NA,NA,NA,NA,NA,NA,NA,NA,11
ig <BACKSPACE5>n imppor<BACKSPACE3>ortant,6.295,mid NP,NA,NA,NA,NA,NA,NA,NA,NA,NA,NA,NA,NA,11
<HIGHLIGHT 1428:1471>,1.384,end NP,NA,NA,NA,NA,NA,NA,NA,NA,NA,NA,NA,NA,11
<MOUSECLICK>,5.103,end NP,NA,NA,NA,NA,NA,NA,NA,NA,NA,NA,NA,NA,11
<BACKSPACE1>.,1.624,end clause,NA,NA,NA,NA,NA,NA,NA,NA,NA,NA,NA,NA,11
<MOUSECLICK>physical attraction does play an important,1.983,mid NP,NA,NA,NA,NA,1,NA,NA,NA,NA,NA,NA,NA,11
a<BACKSPACE1>part when,1.343,end NP,NA,NA,NA,NA,NA,NA,NA,NA,NA,NA,NA,NA,11
<SPACE>,4.575,mid NP,NA,NA,NA,NA,NA,NA,NA,NA,NA,NA,NA,NA,11
<BACKSPACE1>.,1.455,mid NP,NA,NA,NA,NA,NA,NA,NA,NA,NA,NA,NA,NA,11
<BACKSPACE2>,1.712,mid NP,NA,NA,NA,NA,NA,NA,NA,NA,NA,NA,NA,NA,11
",",2.671,mid NP,NA,NA,NA,NA,NA,NA,NA,NA,NA,NA,NA,NA,11
<SPACE>,2.975,mid NP,NA,NA,NA,NA,NA,NA,NA,NA,NA,NA,NA,NA,11
which caannot<BACKSPACE5>n,2.911,mid VP,NA,NA,NA,NA,NA,NA,NA,NA,NA,NA,NA,NA,11
#t<BACKSPACE2>;t<BACKSPACE2>#t<BACKSPACE2>'t be<BACKSPACE1>e fulfu<BACKSPACE1>illed,12.528,end sentence,NA,NA,NA,NA,NA,NA,NA,NA,NA,NA,NA,NA,11
via the Internet.,19.28,end sentence,NA,NA,NA,NA,1,NA,NA,NA,NA,NA,NA,NA,11
<MOUSECLICK>s,1.135,mid word,NA,NA,NA,NA,NA,NA,NA,NA,NA,NA,NA,NA,11
eeubf <BACKSPACE4>ing,1.711,end NP,NA,NA,NA,NA,NA,NA,NA,NA,NA,NA,NA,NA,11
each other,1.399,end NP,NA,NA,NA,NA,1,NA,NA,NA,NA,NA,NA,NA,11
"<MOUSECLICK>Therefore, <BACKSPACE11>Si<BACKSPACE1>o in conclut<BACKSPACE1>sion, I believe that",2.287,end NP,0,0,NA,NA,NA,1,NA,1,1,NA,NA,1,11
online dates,3.871,end NP,0,0,1,NA,NA,NA,1,NA,NA,NA,NA,NA,11
hold,5.312,end VP,NA,NA,NA,NA,NA,NA,NA,NA,NA,NA,NA,NA,11
"many advantages,",3.152,end sentence,NA,NA,NA,NA,1,NA,NA,NA,NA,NA,NA,NA,11
but,15.535,end NP,NA,NA,NA,NA,NA,NA,NA,NA,NA,NA,NA,NA,11
before,1.807,end NP,NA,NA,NA,NA,NA,NA,NA,NA,NA,NA,NA,NA,11
<BACKSPACE6>a person needs to m,1.935,mid word,NA,NA,NA,NA,NA,NA,NA,NA,NA,NA,NA,NA,11
<BACKSPACE10>still needs to physi<BACKSPACE5>phy<BACKSPACE4> meet <BACKSPACE5>see and <BACKSPACE4>the ot,1.487,mid word,NA,NA,NA,NA,NA,NA,NA,NA,NA,NA,NA,NA,11
<BACKSPACE3>i,1.023,mid word,NA,NA,NA,NA,NA,NA,NA,NA,NA,NA,NA,NA,11
r,8.687,mid NP,NA,NA,NA,NA,NA,NA,NA,NA,NA,NA,NA,NA,11
<BACKSPACE34>couples still need to see each other in person,1.327,end sentence,0,38,1,NA,1,NA,1,NA,NA,NA,NA,NA,11
in the hope,1.168,mid PP,NA,NA,NA,NA,NA,NA,NA,NA,NA,NA,NA,NA,11
<BACKSPACE1>,4.479,mid word,NA,NA,NA,NA,NA,NA,NA,NA,NA,NA,NA,NA,11
<BACKSPACE11>before getting serious,12.112,end sentence,NA,NA,NA,NA,1,NA,NA,NA,NA,NA,NA,NA,11
<UP1><RIGHT2><BACKSPACE3>ave,1.344,end VP,NA,NA,NA,NA,NA,NA,NA,NA,NA,NA,NA,NA,11
<RIGHT5>,1.12,end sentence,NA,NA,NA,NA,NA,NA,NA,NA,NA,NA,NA,NA,11
<BACKSPACE4>their<DOWN1>,4.047,end sentence,NA,NA,NA,NA,NA,NA,NA,NA,NA,NA,NA,NA,11
<BACKSPACE1>.,5.991,end sentence,NA,NA,NA,NA,NA,NA,NA,NA,NA,NA,NA,NA,11
<MOUSECLICK>,1.432,end PP,NA,NA,NA,NA,NA,NA,NA,NA,NA,NA,NA,NA,11
to really,3.263,mid PP,NA,NA,NA,NA,NA,NA,NA,NA,NA,NA,NA,NA,11
sh<BACKSPACE1>,1.327,mid word,NA,NA,NA,NA,NA,NA,NA,NA,NA,NA,NA,NA,11
<BACKSPACE8>fully ep<BACKSPACE1>xplore their compa,2.112,mid word,NA,NA,NA,NA,1,NA,NA,NA,NA,NA,NA,NA,11
tabolity<BACKSPACE5>ility,2.567,end NP,NA,NA,NA,NA,NA,NA,NA,NA,NA,NA,NA,NA,11
<HIGHLIGHT 1756:1761><BACKSPACE2>m<BACKSPACE2>more invested in the relationship,1.28,end sentence,NA,NA,NA,NA,NA,NA,NA,NA,NA,NA,NA,NA,11
<MOUSECLICK><MOUSECLICK>,1.751,end sentence,NA,NA,NA,NA,NA,NA,NA,NA,NA,NA,NA,NA,11
One might consider that,1.055,end NP,NA,NA,NA,NA,1,NA,NA,1,NA,NA,NA,NA,12
in od<BACKSPACE1>rder for t<BACKSPACE1>,1.183,end PP,NA,NA,NA,NA,NA,NA,NA,NA,NA,NA,NA,NA,12
"teo <BACKSPACE4>wo<BACKSPACE2>two people to better be able to connect, the first to<BACKSPACE2>couple of dates should happen online isntead <BACKSPACE7>nstead of in real lie<BACKSPACE1>fe. T<BACKSPACE1>While is <BACKSPACE3>this is a common",1.839,mid PP,0,11,1,2,NA,2,3,NA,NA,NA,NA,NA,12
<BACKSPACE1>,3.151,mid PP,NA,NA,NA,NA,NA,NA,NA,NA,NA,NA,NA,NA,12
"belief, there is in fact <BACKSPACE11>cam im <BACKSPACE5>n in fact be multiple opinions that can <BACKSPACE48>",2.383,end sentence,NA,NA,NA,NA,NA,NA,NA,NA,NA,NA,NA,NA,12
"<BACKSPACE31>This is in fac<BACKSPACE6>a fairly divisive opinion,",1.071,end sentence,0,37,1,NA,NA,NA,1,NA,NA,NA,NA,NA,12
and,2.511,end NP,NA,NA,NA,NA,NA,NA,NA,NA,NA,NA,NA,NA,12
pop<BACKSPACE2>eople <BACKSPACE7>people tend to have strong opn<BACKSPACE1>inions ab<BACKSPACE3> about the bes <BACKSPACE1>t<BACKSPACE1>t method fo <BACKSPACE1>r connecting with strng<BACKSPACE2>angers and op<BACKSPACE2>potential partners. While,1.679,end NP,0,110,1,NA,NA,4,1,NA,NA,NA,NA,NA,12
<BACKSPACE1>,1.855,end NP,NA,NA,NA,NA,NA,NA,NA,NA,NA,NA,NA,NA,12
<SPACE>,1.648,end NP,NA,NA,NA,NA,NA,NA,NA,NA,NA,NA,NA,NA,12
t<BACKSPACE3>e it is possible to <BACKSPACE5>e to lear<BACKSPACE4>begin c<BACKSPACE31>,1.488,end sentence,NA,NA,NA,NA,NA,NA,NA,NA,NA,NA,NA,NA,12
i<BACKSPACE1>,2.72,end sentence,NA,NA,NA,NA,NA,NA,NA,NA,NA,NA,NA,NA,12
While bt<BACKSPACE1>oth the ideas that one m<BACKSPACE1>,2.863,end NP,5,8,NA,1,1,NA,NA,NA,NA,1,NA,NA,12
should,1.072,mid VP,NA,NA,NA,NA,NA,NA,NA,NA,NA,NA,NA,NA,12
have the first couple of dates online in order to get to the <BACKSPACE4>kno w a<BACKSPACE4>w a potential partner,1.599,end clause,NA,NA,NA,NA,1,1,NA,NA,NA,NA,NA,NA,12
",",3.887,end clause,NA,NA,NA,NA,NA,NA,NA,NA,NA,NA,NA,NA,12
<MOUSECLICK><BACKSPACE1>,2.351,end clause,NA,NA,NA,NA,NA,NA,NA,NA,NA,NA,NA,NA,12
<MOUSECLICK><BACKSPACE2> and that one absolutely should have an in -<BACKSPACE2>0<BACKSPACE1>-person date first,3.727,end NP,NA,NA,NA,NA,1,NA,NA,NA,NA,NA,NA,NA,12
"are common,",1.615,end clause,NA,NA,NA,NA,NA,NA,NA,NA,NA,NA,NA,NA,12
there fa<BACKSPACE2>,1.407,end NP,NA,NA,NA,NA,NA,NA,NA,NA,NA,NA,NA,NA,12
<BACKSPACE5>he rule is in fact not,1.712,end sentence,NA,NA,NA,NA,NA,NA,NA,NA,NA,NA,NA,NA,12
<BACKSPACE21>,3.856,mid NP,NA,NA,NA,NA,NA,NA,NA,NA,NA,NA,NA,NA,12
re should be an allowance for additional flexibiliyt<BACKSPACE3>ity <BACKSPACE1>,1.055,end sentence,12,26,NA,1,NA,NA,NA,NA,NA,NA,1,NA,12
. Rather than,1.263,end NP,NA,NA,NA,NA,NA,NA,NA,NA,NA,NA,NA,NA,12
pu<BACKSPACE15> <BACKSPACE1>a<BACKSPACE1>,1.088,end sentence,NA,NA,NA,NA,NA,NA,NA,NA,NA,NA,NA,NA,12
A middle c<BACKSPACE1>groud <BACKSPACE2>d<BACKSPACE1>nd is more appropriate: every couple should decide what works best for them and,1.728,end NP,0,42,1,1,NA,2,2,NA,NA,NA,NA,NA,12
ha<BACKSPACE3> vho<BACKSPACE3>choo<BACKSPACE9>,1.536,end sentence,NA,NA,NA,NA,NA,NA,NA,NA,NA,NA,NA,NA,12
.,2.664,end sentence,NA,NA,NA,NA,NA,NA,NA,NA,NA,NA,NA,NA,12
<MOUSECLICK>(potential_ <BACKSPACE2>),1.328,mid NP,0,0,1,NA,NA,NA,1,NA,NA,NA,NA,NA,12
<MOUSECLICK>,2.159,end sentence,NA,NA,NA,NA,NA,NA,NA,NA,NA,NA,NA,NA,12
<ENTER1>,3.455,end sentence,NA,NA,NA,NA,NA,NA,NA,NA,NA,NA,NA,NA,12
Having a first date in person might not be,1.823,end VP,0,12,1,1,NA,NA,1,NA,1,NA,NA,NA,12
po<BACKSPACE1>ossible,2.896,end sentence,NA,NA,NA,NA,1,NA,NA,NA,NA,NA,NA,NA,12
"for a wide number of reasons. f<BACKSPACE1>For exampl,<BACKSPACE1>e,",4.896,end PP,28,0,1,NA,1,NA,NA,NA,NA,NA,NA,1,12
"the two people might life far apart<BACKSPACE12>ve far apart from each other, making an in-person first date",1.76,end NP,0,0,1,1,NA,2,1,NA,1,NA,NA,NA,12
too diff,1.008,mid word,NA,NA,NA,NA,1,NA,NA,NA,NA,NA,NA,NA,12
icult or costly,2.175,end sentence,NA,NA,NA,NA,NA,NA,NA,NA,NA,NA,NA,NA,12
. The couple might prefer to get to know e<BACKSPACE4>ow each other fi<BACKSPACE2>vid<BACKSPACE1>rtually before,1.695,end sentence,0,55,1,NA,NA,2,1,NA,NA,NA,NA,NA,12
"making the decision to meet in person, if t<BACKSPACE1>meeting in person would involve significant travel or costs<BACKSPACE8>tme<BACKSPACE2>ime or costs. a<BACKSPACE1>Aswe<BACKSPACE2> well, individuals might feel more comfortal<BACKSPACE1>ble",2.175,end sentence,41,27,NA,2,1,3,1,NA,1,NA,NA,NA,12
"beginning a relationship with online dates, as they",1.104,end NP,46,0,1,NA,1,NA,1,NA,NA,NA,NA,NA,12
might see<BACKSPACE3>feel lower-rish<BACKSPACE1>k. Thereo<BACKSPACE1> is thepo<BACKSPACE12>,1.056,mid word,2,0,1,NA,NA,1,NA,NA,NA,NA,NA,1,12
e flexibility of online dates means that o<BACKSPACE1>people can get to know potential partners from teh <BACKSPACE3>e <BACKSPACE2>he como<BACKSPACE1>fort of their own homes. <ENTER1>On eht o<BACKSPACE5>the oth,1.263,mid word,0,100,NA,NA,NA,3,NA,NA,NA,NA,NA,NA,12
"er hand, ther eis n<BACKSPACE10>",4.112,end PP,NA,NA,NA,NA,NA,NA,NA,NA,NA,NA,NA,NA,12
it can be difficult to get to know,1.44,end VP,9,14,NA,1,NA,NA,NA,NA,NA,NA,1,NA,12
other people in a pr<BACKSPACE1>urely digital engi<BACKSPACE2>i<BACKSPACE1>vidon<BACKSPACE4>,1.04,mid word,NA,NA,NA,NA,2,NA,NA,NA,NA,NA,NA,NA,12
"irdonm<BACKSPACE4>ron<BACKSPACE3>onment, so",2.095,end NP,NA,NA,NA,NA,1,NA,NA,NA,NA,NA,NA,NA,12
it is posssible to g<BACKSPACE1>fel<BACKSPACE1>el like,3.087,end VP,5,12,NA,1,NA,NA,NA,1,NA,NA,NA,NA,12
an in-person first date is the p<BACKSPACE1>onli<BACKSPACE1>y poi<BACKSPACE1>ssibe<BACKSPACE1>le wy<BACKSPACE1>at<BACKSPACE1>y to get to know a person. There is <BACKSPACE9>if the<BACKSPACE6>I<BACKSPACE1>When interact,1.055,mid word,73,0,1,NA,NA,2,NA,NA,NA,NA,NA,NA,12
ing,2.736,end clause,NA,NA,NA,NA,NA,NA,NA,NA,NA,NA,NA,NA,12
"witha st<BACKSPACE4> a stranger digitally, there is no possibil",1.503,mid word,NA,NA,NA,NA,NA,NA,NA,NA,NA,NA,NA,NA,12
<BACKSPACE21>,4.476,end clause,NA,NA,NA,NA,NA,NA,NA,NA,NA,NA,NA,NA,12
<MOUSECLICK><BACKSPACE1>Some might ge<BACKSPACE2>feel that w,1.359,mid word,0,1,1,NA,NA,NA,NA,1,NA,NA,NA,NA,12
<HIGHLIGHT 1547:1464><MOUSECLICK> there is no way t <BACKSPACE1>o un<BACKSPACE2>feel if they have chemistry with the person they are trying to get t <BACKSPACE1>o know <BACKSPACE1>.,1.343,end sentence,8,78,NA,1,NA,2,NA,NA,NA,NA,1,NA,12
Whie <BACKSPACE2>le this,4.4,end NP,NA,NA,NA,NA,NA,NA,NA,NA,NA,NA,NA,NA,12
<BACKSPACE11>,11.376,end sentence,NA,NA,NA,NA,NA,NA,NA,NA,NA,NA,NA,NA,12
They,1.824,end NP,0,0,1,NA,1,NA,1,NA,NA,NA,NA,NA,12
might also prefer the embodied exe<BACKSPACE1>perience of,1.712,mid NP,NA,NA,NA,NA,NA,NA,NA,NA,NA,NA,NA,NA,12
sharing,2.208,end sentence,NA,NA,NA,NA,NA,NA,NA,NA,NA,NA,NA,NA,12
"an experience with a stranger, as that can be a wa<BACKSPACE2>met<BACKSPACE3>method to",1.039,mid NP,33,18,1,NA,NA,1,1,NA,NA,NA,NA,NA,12
"get t <BACKSPACE1>o know someone more quicky<BACKSPACE1>y<BACKSPACE1>ly, as well as a method t<BACKSPACE25>y<BACKSPACE1>ly. In addition, gett<BACKSPACE4>sharing an experience with someone can be an<BACKSPACE1>",1.328,mid NP,34,8,NA,2,NA,1,1,1,NA,NA,NA,NA,12
shortcut,1.472,end sentence,NA,NA,NA,NA,1,NA,NA,NA,NA,NA,NA,NA,12
<BACKSPACE14>,3.503,end NP,NA,NA,NA,NA,NA,NA,NA,NA,NA,NA,NA,NA,12
<BACKSPACE17>can help,1.104,end VP,NA,NA,NA,NA,NA,NA,NA,NA,NA,NA,NA,NA,12
"epop<BACKSPACE4>encourage e<BACKSPACE1>[epo<BACKSPACE3>p<BACKSPACE2>people feel attached to each other, as they are sharing",2.127,end VP,48,11,NA,1,NA,2,1,NA,NA,NA,NA,NA,12
"<BACKSPACE7>building memoris <BACKSPACE2>es together. As c<BACKSPACE1>such, po<BACKSPACE2>",2.944,end PP,NA,NA,NA,NA,NA,2,NA,NA,NA,NA,NA,NA,12
"man<BACKSPACE12>For all of thes rea<BACKSPACE4>e reasons and more, people might feel like in-e<BACKSPACE1>person first dates are the<BACKSPACE3>better alterat<BACKSPACE3>rnatives",5.999,end sentence,10,23,NA,2,1,1,1,NA,NA,1,NA,NA,12
that encourage,1.168,end VP,NA,NA,NA,NA,NA,NA,NA,NA,NA,NA,NA,NA,12
<BACKSPACE11> make it easier to build a,2.592,mid NP,NA,NA,NA,NA,NA,1,NA,NA,NA,NA,NA,NA,12
maningful relationsip<BACKSPACE2>hip.,1.647,end sentence,NA,NA,NA,NA,1,NA,NA,NA,NA,NA,NA,NA,12
<ENTER1>,10.047,end sentence,NA,NA,NA,NA,NA,NA,NA,NA,NA,NA,NA,NA,12
Both in <BACKSPACE1>-person dates and<BACKSPACE21>h online dates and in-person fi<BACKSPACE2>,1.088,mid NP,0,0,1,NA,NA,NA,NA,NA,1,NA,NA,NA,12
dates ar <BACKSPACE1> <BACKSPACE1>e,1.64,end NP,NA,NA,NA,NA,NA,NA,NA,NA,NA,NA,NA,NA,12
<MOUSECLICK>,2.511,end NP,NA,NA,NA,NA,NA,NA,NA,NA,NA,NA,NA,NA,12
<MOUSECLICK><MOUSECLICK>,2.311,end NP,NA,NA,NA,NA,NA,NA,NA,NA,NA,NA,NA,NA,12
easy <BACKSPACE5>methods to get to know people,3.872,end sentence,NA,NA,NA,NA,1,1,NA,NA,NA,NA,NA,NA,12
"<BACKSPACE1>, and both",1.199,end NP,4,0,1,NA,NA,NA,1,NA,NA,NA,NA,NA,12
are,11.68,end VP,NA,NA,NA,NA,NA,NA,NA,NA,NA,NA,NA,NA,12
<BACKSPACE5> are east<BACKSPACE1>y,6.375,end sentence,NA,NA,NA,NA,NA,NA,NA,NA,NA,NA,NA,NA,12
<MOUSECLICK>new,1.919,mid NP,NA,NA,NA,NA,NA,NA,NA,NA,NA,NA,NA,NA,12
<MOUSECLICK>,1.056,end sentence,NA,NA,NA,NA,NA,NA,NA,NA,NA,NA,NA,NA,12
<BACKSPACE9>allow for the ex<BACKSPACE8>r tw <BACKSPACE1>o strangers (or near-strangers) to ine<BACKSPACE1>teract and g<BACKSPACE1>share infora<BACKSPACE1>mation about themselvs<BACKSPACE1>es. HOwe<BACKSPACE4>,2.272,end sentence,NA,NA,NA,NA,NA,3,NA,NA,NA,NA,NA,NA,12
"In addition, both",1.327,end NP,0,0,2,NA,NA,NA,1,NA,NA,NA,NA,1,12
methods sha<BACKSPACE3>offer poi<BACKSPACE1>st<BACKSPACE1>itives and negatives that gie<BACKSPACE1>ve peopl<BACKSPACE10>,3.392,end NP,0,34,NA,NA,NA,1,NA,NA,NA,NA,NA,NA,12
can both at,1.04,mid PP,NA,NA,NA,NA,1,NA,NA,NA,NA,NA,NA,NA,12
tract and deter potential daters<BACKSPACE16>individuals,1.04,end sentence,NA,NA,NA,NA,1,NA,NA,NA,NA,NA,NA,NA,12
"based on their dating preferences and their <BACKSPACE11>, their leves <BACKSPACE2>ls of comfort in new places and with nn<BACKSPACE1>ew people, and their",5.968,mid NP,NA,NA,NA,NA,1,3,NA,NA,NA,NA,NA,NA,12
excitement about shai<BACKSPACE8>,1.072,mid word,NA,NA,NA,NA,NA,NA,NA,NA,NA,NA,NA,NA,12
out shar<BACKSPACE4>,2.559,mid PP,NA,NA,NA,NA,NA,NA,NA,NA,NA,NA,NA,NA,12
<BACKSPACE18>,16.464,mid NP,NA,NA,NA,NA,NA,NA,NA,NA,NA,NA,NA,NA,12
previous experiences<BACKSPACE21> pers<BACKSPACE4>opinions about technology. Whil<BACKSPACE5> There is <BACKSPACE9>,1.151,end sentence,NA,NA,NA,NA,1,NA,NA,NA,NA,NA,NA,NA,12
"Wa<BACKSPACE1>hat works best for one potentialc<BACKSPACE1> coupl<BACKSPACE19>one person migh <BACKSPACE1>t be a nightmare for another person, so there is not<BACKSPACE1>",1.519,mid NP,0,0,2,1,NA,2,NA,NA,NA,1,1,NA,12
single right answer that is the best option for every sing<BACKSPACE9>,1.2,mid PP,0,29,NA,NA,1,1,NA,NA,NA,NA,NA,NA,12
"<BACKSPACE1>all .<BACKSPACE2> <BACKSPACE1>. Instead, couple <BACKSPACE1>s should <BACKSPACE15>",3.872,end NP,0,0,NA,NA,NA,NA,NA,NA,NA,NA,NA,1,12
everyone must figure i<BACKSPACE1>ot<BACKSPACE1>ut them<BACKSPACE2>,1.328,mid word,0,18,1,NA,NA,NA,1,NA,NA,NA,NA,NA,12
e solution that works best for them and,1.103,end NP,NA,NA,NA,NA,1,2,NA,NA,NA,NA,NA,NA,12
give their<BACKSPACE10>communicate this wi<BACKSPACE2>to the e<BACKSPACE1>people tey<BACKSPACE2>hey are dating in order to decid <BACKSPACE1>e on a,3.999,mid NP,NA,NA,NA,NA,NA,3,NA,NA,NA,NA,NA,NA,12
dating,1.296,mid NP,NA,NA,NA,NA,1,NA,NA,NA,NA,NA,NA,NA,12
experience that works fro<BACKSPACE2>r<BACKSPACE1>or boh <BACKSPACE2>t <BACKSPACE1>h people,1.424,end sentence,NA,NA,NA,NA,1,NA,NA,NA,NA,NA,NA,NA,12
", and which hopefully sets both individ<BACKSPACE1>duals up to gee<BACKSPACE3>feel fom<BACKSPACE3>comfortable and enhoy<BACKSPACE3>joy their first",4.287,mid NP,NA,NA,NA,NA,1,2,NA,NA,NA,NA,NA,NA,12
date,1.759,end sentence,NA,NA,NA,NA,NA,NA,NA,NA,NA,NA,NA,NA,12
<BACKSPACE10>dates.,3.216,end sentence,NA,NA,NA,NA,NA,NA,NA,NA,NA,NA,NA,NA,12
<MOUSECLICK>,3.223,end sentence,NA,NA,NA,NA,NA,NA,NA,NA,NA,NA,NA,NA,12
<MOUSECLICK><ENTER1>The pandemic is also a cm<BACKSPACE1>omplicating factor when it coms<BACKSPACE1>es to in=<BACKSPACE3>,1.423,end VP,0,47,1,NA,NA,1,1,NA,NA,NA,NA,NA,12
choo<BACKSPACE4>,1.728,end VP,NA,NA,NA,NA,NA,NA,NA,NA,NA,NA,NA,NA,12
the choice of online ro<BACKSPACE2>or in-person first dates.,1.599,end sentence,NA,NA,NA,NA,1,NA,NA,NA,NA,NA,NA,NA,12
"Ove <BACKSPACE1>r the past four years, many people have de<BACKSPACE3> increased thier use<BACKSPACE9>heir <BACKSPACE5>ther<BACKSPACE1>ir use (or even stare<BACKSPACE10>sta<BACKSPACE3>",3.327,end NP,0,33,1,1,NA,1,1,NA,1,NA,NA,NA,12
started to use_<BACKSPACE1>) online communication platr<BACKSPACE1>forms that allow for in-<BACKSPACE3>synchronous video co<BACKSPACE1>alling. This c<BACKSPACE1>bc<BACKSPACE1>ecame standard in,1.743,mid PP,84,18,NA,1,NA,2,1,NA,NA,NA,NA,NA,12
<BACKSPACE3>,1.984,end sentence,NA,NA,NA,NA,NA,NA,NA,NA,NA,NA,NA,NA,12
"in schools and workplaces around t e<BACKSPACE2>he world, and it also became more common in social interactions. For example, g<BACKSPACE1>in<BACKSPACE3>",1.2,end PP,55,0,1,1,1,3,NA,NA,NA,NA,1,1,12
groups of <BACKSPACE10>friends who might not have considered,1.119,end VP,0,29,1,NA,NA,NA,1,NA,NA,NA,NA,NA,12
video calling before the pandemic might have started using Z<BACKSPACE1>,1.616,end VP,NA,NA,NA,NA,1,1,NA,NA,NA,NA,NA,NA,12
"Zoom or other similar platforms to stay in touch. This in tern<BACKSPACE3>urn has normal<BACKSPACE4>rmalized video commn<BACKSPACE1>unication, and many people feel more comfortable g<BACKSPACE1>using such me<BACKSPACE1>odes of commmunication than they dif<BACKSPACE1>d before the pandemic. As such,",2.623,end PP,49,0,1,2,1,3,2,NA,NA,NA,NA,1,12
<BACKSPACE9>This could lead people to,1.152,mid PP,0,20,1,NA,NA,1,1,NA,NA,NA,NA,NA,12
"<BACKSPACE15>help peole f<BACKSPACE12>encourage people to have ther <BACKSPACE2>ie r<BACKSPACE5>eir first couple od <BACKSPACE2>f ate<BACKSPACE3>dt<BACKSPACE1>ates fi<BACKSPACE2>virtually, since many people are already accusomt<BACKSPACE1>ed to <BACKSPACE8>tomedt<BACKSPACE1> to",3.248,mid PP,NA,NA,NA,1,NA,2,1,NA,NA,NA,NA,NA,12
"virtual communication. On eht <BACKSPACE5> the other hand, many",1.775,mid NP,41,0,1,1,1,NA,1,NA,NA,NA,NA,1,12
people<BACKSPACE6>individuals feel,2.287,end VP,0,4,NA,NA,NA,NA,NA,NA,NA,NA,NA,NA,12
burt<BACKSPACE1>nt-,1.103,end sentence,NA,NA,NA,NA,NA,NA,NA,NA,NA,NA,NA,NA,12
"<BACKSPACE6>tired of virtual communication, particularlyi<BACKSPACE1> if they are already isn<BACKSPACE3>",3.056,end NP,46,11,NA,1,1,NA,NA,NA,NA,NA,NA,NA,12
working<BACKSPACE8> using it in other parts of ther<BACKSPACE1>ir lives such as wor<BACKSPACE1>rk or education. I<BACKSPACE1>,1.391,end sentence,NA,NA,NA,NA,1,2,NA,NA,NA,NA,NA,NA,12
"If someone already spend s<BACKSPACE2>s multiple hours per day on the <BACKSPACE1> computer, and particuarly facetim<BACKSPACE7>video calling other people, thy <BACKSPACE2>ey might feel less inclinde<BACKSPACE3>ned to then use video communicatio n<BACKSPACE4>ion",3.455,end sentence,2,56,NA,2,1,5,2,NA,NA,NA,NA,NA,12
for social activitie,1.199,mid word,NA,NA,NA,NA,1,NA,NA,NA,NA,NA,NA,NA,12
<BACKSPACE16>,1.04,mid PP,NA,NA,NA,NA,NA,NA,NA,NA,NA,NA,NA,NA,12
soc<BACKSPACE1>cial activities such as first dates. W<BACKSPACE1>,5.392,end sentence,NA,NA,NA,NA,1,NA,NA,NA,NA,NA,NA,NA,12
Yet<BACKSPACE3>,26.311,end sentence,NA,NA,NA,NA,NA,NA,NA,NA,NA,NA,NA,NA,12
<MOUSECLICK>,3.511,end sentence,NA,NA,NA,NA,NA,NA,NA,NA,NA,NA,NA,NA,12
Either online <BACKSPACE14>,2.879,end sentence,NA,NA,NA,NA,NA,NA,NA,NA,NA,NA,NA,NA,12
Both line<BACKSPACE4>online first dates and in,1.103,mid PP,0,0,2,NA,NA,NA,1,NA,NA,NA,NA,NA,12
"e<BACKSPACE1>person first dates are reasonable options, so ",1.215,end NP,NA,NA,NA,NA,NA,1,NA,NA,NA,NA,NA,NA,12
the <BACKSPACE5> individual<BACKSPACE10>individuals,1.04,end NP,NA,NA,NA,NA,NA,NA,NA,NA,NA,NA,NA,NA,12
<BACKSPACE11>people should dec<BACKSPACE8>,1.344,mid word,NA,NA,NA,NA,NA,NA,NA,NA,NA,NA,NA,NA,12
<BACKSPACE12>amd t<BACKSPACE4>,1.071,end sentence,NA,NA,NA,NA,NA,NA,NA,NA,NA,NA,NA,NA,12
nd the best solution <BACKSPACE24>,1.264,end sentence,NA,NA,NA,NA,NA,NA,NA,NA,NA,NA,NA,NA,12
.,14.119,end sentence,NA,NA,NA,NA,NA,NA,NA,NA,NA,NA,NA,NA,12
<MOUSECLICK>,1.048,end sentence,NA,NA,NA,NA,NA,NA,NA,NA,NA,NA,NA,NA,12
particularly,22.56,end NP,NA,NA,NA,NA,NA,NA,NA,NA,NA,NA,NA,NA,12
<MOUSECLICK> on a deep level while,1.375,end NP,NA,NA,NA,NA,NA,NA,NA,NA,NA,NA,NA,NA,12
interacting,1.183,end VP,NA,NA,NA,NA,NA,NA,NA,NA,NA,NA,NA,NA,12
only,2.095,end NP,NA,NA,NA,NA,NA,NA,NA,NA,NA,NA,NA,NA,12
<BACKSPACE5>,7.055,end VP,NA,NA,NA,NA,NA,NA,NA,NA,NA,NA,NA,NA,12
<HIGHLIGHT 1501:1519><REPLACED>some,2.048,end NP,NA,NA,NA,NA,NA,NA,NA,NA,NA,NA,NA,NA,12
indivudla<BACKSPACE3>,1.136,mid word,0,0,1,NA,NA,NA,1,NA,NA,NA,NA,NA,12
<BACKSPACE2>,1.104,mid word,NA,NA,NA,NA,NA,NA,NA,NA,NA,NA,NA,NA,12
viduals,1.152,end NP,NA,NA,NA,NA,NA,NA,NA,NA,NA,NA,NA,NA,12
might,12.624,mid VP,NA,NA,NA,NA,NA,NA,NA,NA,NA,NA,NA,NA,12
<MOUSECLICK><HIGHLIGHT 1696:1692><MOUSECLICK>,2.032,end VP,NA,NA,NA,NA,NA,NA,NA,NA,NA,NA,NA,NA,12
<REPLACED>know,1.816,end VP,NA,NA,NA,NA,NA,NA,NA,NA,NA,NA,NA,NA,12
<MOUSECLICK><HIGHLIGHT 1710:1709><MOUSECLICK><MOUSECLICK><HIGHLIGHT 1709:1705><MOUSECLICK><REPLACED>feel,5.208,end VP,NA,NA,NA,NA,NA,NA,NA,NA,NA,NA,NA,NA,12
<HIGHLIGHT 1691:1704><BACKSPACE1><MOUSECLICK>if they have,17.472,end VP,NA,NA,NA,NA,NA,NA,NA,NA,NA,NA,NA,NA,12
<MOUSECLICK><MOUSECLICK><HIGHLIGHT 1814:1804><MOUSECLICK>,9.48,mid NP,NA,NA,NA,NA,NA,NA,NA,NA,NA,NA,NA,NA,12
"<BACKSPACE2>, sensory",1.184,mid NP,NA,NA,NA,NA,NA,NA,NA,NA,NA,NA,NA,NA,12
<SPACE>,4.719,mid NP,NA,NA,NA,NA,NA,NA,NA,NA,NA,NA,NA,NA,12
e,1.455,mid NP,NA,NA,NA,NA,NA,NA,NA,NA,NA,NA,NA,NA,12
xperience,5.487,mid NP,NA,NA,NA,NA,NA,NA,NA,NA,NA,NA,NA,NA,12
<MOUSECLICK><HIGHLIGHT 1848:1838><MOUSECLICK>,2.223,mid NP,NA,NA,NA,NA,NA,NA,NA,NA,NA,NA,NA,NA,12
<MOUSECLICK><HIGHLIGHT 1873:1869><MOUSECLICK><HIGHLIGHT 1950:1856><MOUSECLICK><MOUSECLICK><MOUSECLICK><MOUSECLICK><MOUSECLICK><MOUSECLICK><HIGHLIGHT 1873:1869><MOUSECLICK><REPLACED>engaging in an activity with a stranger,5.735,end NP,0,0,1,NA,NA,NA,NA,NA,1,NA,NA,NA,12
<HIGHLIGHT 1827:1864>,7.304,mid NP,NA,NA,NA,NA,NA,NA,NA,NA,NA,NA,NA,NA,12
<REPLACED>having an n<BACKSPACE1>in-person first date,9.967,mid NP,NA,NA,NA,NA,NA,NA,NA,NA,NA,NA,NA,NA,12
<HIGHLIGHT 1998:1994><MOUSECLICK><BACKSPACE1>,1.184,mid VP,NA,NA,NA,NA,NA,NA,NA,NA,NA,NA,NA,NA,12
<BACKSPACE1>,33.447,mid VP,NA,NA,NA,NA,NA,NA,NA,NA,NA,NA,NA,NA,12
<MOUSECLICK><BACKSPACE1>,1.183,mid VP,NA,NA,NA,NA,NA,NA,NA,NA,NA,NA,NA,NA,12
Changing,1.439,end VP,0,0,1,NA,NA,NA,1,NA,NA,NA,NA,NA,12
communication norms over teh ou<BACKSPACE11>since the becinn<BACKSPACE4>ginning og<BACKSPACE1>f t,2.951,end PP,0,24,NA,NA,NA,NA,NA,NA,NA,NA,NA,NA,12
<MOUSECLICK>,1.448,mid word,NA,NA,NA,NA,NA,NA,NA,NA,NA,NA,NA,NA,12
0,1.312,mid word,NA,NA,NA,NA,NA,NA,NA,NA,NA,NA,NA,NA,12
<RIGHT2><LEFT1><BACKSPACE3>might <BACKSPACE6>can,1.632,mid VP,NA,NA,NA,NA,NA,NA,NA,NA,NA,NA,NA,NA,12
<RIGHT5> be,38.296,end VP,NA,NA,NA,NA,NA,NA,NA,NA,NA,NA,NA,NA,12
<MOUSECLICK>,1.88,end VP,NA,NA,NA,NA,NA,NA,NA,NA,NA,NA,NA,NA,12
effective,3.503,mid NP,NA,NA,NA,NA,NA,NA,NA,NA,NA,NA,NA,NA,12
<MOUSECLICK><HIGHLIGHT 3631:3628><MOUSECLICK><BACKSPACE1>,1.743,end VP,NA,NA,NA,NA,NA,NA,NA,NA,NA,NA,NA,NA,12
<BACKSPACE1>,21.352,end VP,NA,NA,NA,NA,NA,NA,NA,NA,NA,NA,NA,NA,12
<HIGHLIGHT 4229:4228>,1.079,mid VP,NA,NA,NA,NA,NA,NA,NA,NA,NA,NA,NA,NA,12
<BACKSPACE9>arrange for,2.159,mid VP,NA,NA,NA,NA,NA,NA,NA,NA,NA,NA,NA,NA,12
"In genr<BACKSPACE1>erall,",1.2,end PP,0,0,1,NA,NA,NA,NA,1,NA,NA,NA,NA,13
I beleive,2.609,end VP,NA,NA,NA,NA,1,NA,NA,NA,NA,NA,NA,NA,13
<BACKSPACE5>ive <BACKSPACE3>ev e<BACKSPACE2>e,5.663,end VP,NA,NA,NA,NA,NA,NA,NA,NA,NA,NA,NA,NA,13
it would be ideal of <BACKSPACE3>if the<BACKSPACE1> <BACKSPACE1>e first couple f<BACKSPACE1>of dates b<BACKSPACE1>were done online.,3.471,end sentence,11,46,NA,NA,1,1,NA,NA,NA,NA,NA,NA,13
I think doing it this way is <BACKSPACE3>,3.504,end clause,0,0,2,NA,1,NA,1,1,NA,NA,NA,NA,13
"makes a lot of sent <BACKSPACE2>nce <BACKSPACE4>ce <BACKSPACE3>se, cosndieri<BACKSPACE5>d<BACKSPACE2>dering <BACKSPACE8>ndi",2.829,mid word,NA,NA,NA,NA,NA,1,NA,NA,NA,NA,NA,NA,13
<BACKSPACE2>sidering a lot of factors.,2.877,end sentence,NA,NA,NA,NA,1,NA,NA,NA,NA,NA,NA,NA,13
"Fro <BACKSPACE3>or intstance,<BACKSPACE14>",14.049,end sentence,NA,NA,NA,NA,NA,NA,NA,NA,NA,NA,NA,NA,13
These,1.039,end NP,0,0,1,NA,NA,NA,1,NA,NA,NA,NA,NA,13
issues,7.535,end NP,0,0,NA,NA,NA,NA,NA,NA,NA,NA,NA,NA,13
<BACKSPACE7>factors,5.134,end NP,0,0,NA,NA,NA,NA,NA,NA,NA,NA,NA,NA,13
"icl<BACKSPACE1>ncl<BACKSPACE4>nclude a wide range of issues,",1.375,end sentence,NA,NA,NA,NA,1,NA,NA,NA,NA,NA,NA,NA,13
from,1.712,mid PP,NA,NA,NA,NA,NA,NA,NA,NA,NA,NA,NA,NA,13
personal safety to,9.438,mid PP,NA,NA,NA,NA,1,NA,NA,NA,NA,NA,NA,NA,13
spending resources on something that could have been doe <BACKSPACE2>ne in much an easi<BACKSPACE1>ier way.,6.785,end sentence,NA,NA,NA,NA,1,2,NA,NA,NA,NA,NA,NA,13
"ri<BACKSPACE2>Firsr<BACKSPACE1>tly,",12.544,end NP,0,0,NA,NA,NA,NA,NA,NA,NA,NA,NA,NA,13
one main concen<BACKSPACE1>rns of woem<BACKSPACE2>men,2.751,end NP,0,0,NA,NA,NA,NA,NA,NA,NA,NA,NA,NA,13
"d<BACKSPACE2>wh<BACKSPACE2> when they are<BACKSPACE14>, when they are enga<BACKSPACE4>planning to have adat<BACKSPACE3> date,",1.679,end clause,NA,NA,NA,NA,1,1,NA,NA,NA,NA,NA,NA,13
in<BACKSPACE1>s related to the,2.142,mid NP,NA,NA,NA,NA,NA,NA,NA,NA,NA,NA,NA,NA,13
degree to which the <BACKSPACE1>y are,1.069,end VP,NA,NA,NA,NA,1,1,NA,NA,NA,NA,NA,NA,13
comfortable to<BACKSPACE2>wot<BACKSPACE2>ith the persion<BACKSPACE3>on. There ar e<BACKSPACE2>e,2.351,end VP,NA,NA,NA,NA,1,1,NA,NA,NA,NA,NA,NA,13
a lot of issue <BACKSPACE1>s concerin,1.087,mid word,0,8,1,NA,NA,NA,NA,NA,NA,NA,1,NA,13
<BACKSPACE2>ning this.,23.616,end sentence,NA,NA,NA,NA,1,NA,NA,NA,NA,NA,NA,NA,13
"Regart<BACKSPACE1>ding this issue,",1.792,end PP,0,0,1,NA,NA,NA,NA,NA,1,NA,NA,NA,13
online dates an<BACKSPACE2>can be a very useful,2.079,mid NP,0,20,1,NA,NA,NA,1,NA,NA,NA,NA,NA,13
tool inb he<BACKSPACE4> helping,1.039,end VP,NA,NA,NA,NA,1,NA,NA,NA,NA,NA,NA,NA,13
with them,2.641,end sentence,NA,NA,NA,NA,1,NA,NA,NA,NA,NA,NA,NA,13
", and pri<BACKSPACE1>oviding them with a",1.055,mid NP,6,6,NA,NA,NA,NA,NA,NA,NA,NA,NA,NA,13
sort of tool th<BACKSPACE1>o get to knowth<BACKSPACE2> the b<BACKSPACE1>person they hope to date better.,16.574,end sentence,NA,NA,NA,NA,2,2,NA,NA,NA,NA,NA,NA,13
Just think about<BACKSPACE16>One can thib<BACKSPACE1>nk about many instances in the pase<BACKSPACE1>t where,1.536,end NP,0,5,1,1,NA,1,1,NA,NA,NA,1,NA,13
having a,3.647,mid NP,NA,NA,NA,NA,NA,NA,NA,NA,NA,NA,NA,NA,13
da<BACKSPACE2> datae <BACKSPACE3>e c<BACKSPACE1>ol<BACKSPACE1>nline would have ha<BACKSPACE2>,2.24,end VP,NA,NA,NA,NA,1,1,NA,NA,NA,NA,NA,NA,13
prevented manny<BACKSPACE2>y issue<BACKSPACE5>tragic events in,1.375,mid PP,NA,NA,NA,NA,NA,1,NA,NA,NA,NA,NA,NA,13
<BACKSPACE3>.,8.96,end sentence,NA,NA,NA,NA,NA,NA,NA,NA,NA,NA,NA,NA,13
"Besides,",3.887,end NP,0,0,1,NA,NA,NA,NA,NA,NA,NA,NA,1,13
the flourishinbg <BACKSPACE3>ng<BACKSPACE2>g i<BACKSPACE1>of using online meerin<BACKSPACE3>ting platforms hav <BACKSPACE2>s a a <BACKSPACE2>be<BACKSPACE4>been a maj<BACKSPACE1>o<BACKSPACE1>jor,12.783,mid NP,0,17,1,NA,NA,1,1,NA,NA,NA,NA,NA,13
issue <BACKSPACE6>,8.96,mid NP,NA,NA,NA,NA,NA,NA,NA,NA,NA,NA,NA,NA,13
<BACKSPACE15> <BACKSPACE1>s a<BACKSPACE1>paved the way for mor e<BACKSPACE2>e mainstream usage of such,1.775,mid NP,NA,NA,NA,NA,NA,2,NA,NA,NA,NA,NA,NA,13
pl<BACKSPACE10>,3.488,end sentence,NA,NA,NA,NA,NA,NA,NA,NA,NA,NA,NA,NA,13
<LEFT43><RIGHT2> been,4,mid VP,NA,NA,NA,NA,NA,NA,NA,NA,NA,NA,NA,NA,13
<LEFT12>,4.831,mid word,NA,NA,NA,NA,NA,NA,NA,NA,NA,NA,NA,NA,13
<HIGHLIGHT 855:806><HIGHLIGHT 855:806>,1.359,end NP,NA,NA,NA,NA,NA,NA,NA,NA,NA,NA,NA,NA,13
<HIGHLIGHT 855:806><MOUSECLICK><HIGHLIGHT 855:806><MOUSECLICK>,3.794,mid word,NA,NA,NA,NA,NA,NA,NA,NA,NA,NA,NA,NA,13
<SPACE>,1.109,mid word,NA,NA,NA,NA,NA,NA,NA,NA,NA,NA,NA,NA,13
<MOUSECLICK>Gemera,1.253,mid word,NA,NA,NA,NA,NA,NA,NA,NA,NA,NA,NA,NA,13
Gemera,1.283,mid word,NA,NA,NA,NA,NA,NA,NA,NA,NA,NA,NA,NA,13
<BACKSPACE7><UP1>,1.936,mid word,NA,NA,NA,NA,NA,NA,NA,NA,NA,NA,NA,NA,13
<LEFT2><HIGHLIGHT 807:806><HIGHLIGHT 808:806><HIGHLIGHT 809:806><HIGHLIGHT 810:806><HIGHLIGHT 811:806><HIGHLIGHT 812:806><HIGHLIGHT 813:806><HIGHLIGHT 814:806><HIGHLIGHT 815:806><HIGHLIGHT 816:806><HIGHLIGHT 817:806><HIGHLIGHT 818:806><HIGHLIGHT 819:806><HIGHLIGHT 820:806><HIGHLIGHT 821:806><HIGHLIGHT 822:806><HIGHLIGHT 823:806><HIGHLIGHT 824:806><HIGHLIGHT 825:806><HIGHLIGHT 826:806><HIGHLIGHT 827:806><HIGHLIGHT 828:806><HIGHLIGHT 829:806><HIGHLIGHT 830:806><HIGHLIGHT 831:806><HIGHLIGHT 832:806><HIGHLIGHT 833:806><HIGHLIGHT 834:806><HIGHLIGHT 835:806><HIGHLIGHT 836:806><HIGHLIGHT 837:806><HIGHLIGHT 838:806><HIGHLIGHT 839:806><HIGHLIGHT 840:806><HIGHLIGHT 841:806><HIGHLIGHT 842:806><HIGHLIGHT 843:806><HIGHLIGHT 844:806><HIGHLIGHT 845:806><HIGHLIGHT 846:806><HIGHLIGHT 847:806><HIGHLIGHT 848:806><HIGHLIGHT 849:806><HIGHLIGHT 850:806><HIGHLIGHT 851:806><HIGHLIGHT 852:806><HIGHLIGHT 853:806><HIGHLIGHT 854:806><HIGHLIGHT 855:806><RIGHT49><HIGHLIGHT 856:806><RIGHT1><HIGHLIGHT 855:806><LEFT1>,1.262,mid word,NA,NA,NA,NA,NA,NA,NA,NA,NA,NA,NA,NA,13
<UP1><DOWN1><LEFT49><BACKSPACE45>,1.248,mid word,NA,NA,NA,NA,NA,NA,NA,NA,NA,NA,NA,NA,13
Covid pandameci<BACKSPACE2>,1.535,end NP,0,0,NA,NA,NA,NA,NA,NA,NA,NA,NA,NA,13
m<BACKSPACE4>de<BACKSPACE2>emic<RIGHT49>,1.008,end sentence,NA,NA,NA,NA,NA,NA,NA,NA,NA,NA,NA,NA,13
of,1.888,mid PP,NA,NA,NA,NA,NA,NA,NA,NA,NA,NA,NA,NA,13
"online m,ee<BACKSPACE3>eeting platfomr<BACKSPACE2>rms and has the made the process of using <BACKSPACE6>meeting onle <BACKSPACE2>",1.008,mid word,NA,NA,NA,NA,1,2,NA,NA,NA,NA,NA,NA,13
ine a rather esas<BACKSPACE3>asy experience./ <BACKSPACE2>,8.945,end sentence,NA,NA,NA,NA,1,NA,NA,NA,NA,NA,NA,NA,13
"conc<BACKSPACE4>Consequently,",3.471,end NP,0,0,1,NA,NA,NA,NA,NA,NA,NA,NA,1,13
"iv<BACKSPACE2>overal I believe,<BACKSPACE1> it is",4.255,end VP,NA,NA,NA,NA,NA,1,NA,NA,NA,NA,NA,NA,13
quite convenite<BACKSPACE2>ent and,1.583,end NP,0,0,1,NA,NA,NA,NA,NA,NA,NA,1,NA,13
logical to,6.257,mid NP,0,3,NA,NA,NA,NA,NA,NA,NA,NA,NA,NA,13
make use of these plato<BACKSPACE1>form <BACKSPACE1>s for,5.664,mid PP,NA,NA,NA,NA,NA,1,NA,NA,NA,NA,NA,NA,13
<BACKSPACE4>to out<BACKSPACE1>r,1.135,mid NP,NA,NA,NA,NA,NA,NA,NA,NA,NA,NA,NA,NA,13
best benefits.,4.144,end sentence,NA,NA,NA,NA,1,NA,NA,NA,NA,NA,NA,NA,13
<ENTER1>,2.126,end sentence,NA,NA,NA,NA,NA,NA,NA,NA,NA,NA,NA,NA,13
"<ENTER1> On the other hand,",1.908,end PP,0,0,1,NA,NA,NA,NA,NA,NA,NA,NA,1,13
one cannot simply ingnore <BACKSPACE7>gnore,5.295,end VP,11,0,1,NA,NA,NA,NA,NA,NA,NA,1,NA,13
the,3.663,mid NP,NA,NA,NA,NA,1,NA,NA,NA,NA,NA,NA,NA,13
quite obvious adnvang<BACKSPACE6>dna<BACKSPACE2>vantages of meeting someone in real-life/ <BACKSPACE2>.,6,end sentence,NA,NA,NA,NA,1,NA,NA,NA,NA,NA,NA,NA,13
Anyone o<BACKSPACE1>wohu<BACKSPACE3>o <BACKSPACE2>ho has had a,2.287,mid NP,0,13,1,NA,NA,NA,1,NA,NA,NA,NA,NA,13
"<BACKSPACE1>n actualy <BACKSPACE2> meetign <BACKSPACE3>ng with a person <BACKSPACE1>, both online and in <BACKSPACE1>-r<BACKSPACE1>oer<BACKSPACE3>oe<BACKSPACE2>person,<BACKSPACE1>",2.64,end PP,NA,NA,NA,NA,1,2,NA,NA,NA,NA,NA,NA,13
can easily describoe<BACKSPACE2>e to you what j<BACKSPACE1>kind of a difference a ture <BACKSPACE5>ru<BACKSPACE2>true fac <BACKSPACE1>e-tofa<BACKSPACE2>-a<BACKSPACE1>face experience,1.424,end NP,NA,NA,NA,NA,1,2,NA,NA,NA,NA,NA,NA,13
h<BACKSPACE1>can make.,24.703,end sentence,NA,NA,NA,NA,NA,NA,NA,NA,NA,NA,NA,NA,13
There are,8.191,end VP,NA,NA,NA,NA,NA,NA,NA,NA,NA,NA,NA,NA,13
many subtle,1.408,mid NP,0,0,1,NA,NA,NA,NA,NA,NA,NA,1,NA,13
f<BACKSPACE2>s<BACKSPACE1> f<BACKSPACE1>issues,7.106,end sentence,0,0,NA,NA,NA,NA,NA,NA,NA,NA,NA,NA,13
that are only,1.999,mid NP,NA,NA,NA,NA,NA,NA,NA,NA,NA,NA,NA,NA,13
notoc<BACKSPACE2>io<BACKSPACE1>caboe<BACKSPACE1>l<BACKSPACE2>le once wi<BACKSPACE2>you meet a persin <BACKSPACE3>on in,1.135,mid PP,NA,NA,NA,NA,1,1,NA,NA,NA,NA,NA,NA,13
"real-life. Forn<BACKSPACE1> instn<BACKSPACE2>tance,",3.278,end PP,10,0,NA,NA,1,NA,NA,NA,NA,NA,NA,NA,13
these thing could inl<BACKSPACE1>clude <BACKSPACE1>,4.656,end VP,0,13,NA,NA,NA,NA,NA,NA,NA,NA,NA,NA,13
<SPACE>,1.119,end VP,NA,NA,NA,NA,NA,NA,NA,NA,NA,NA,NA,NA,13
"they <BACKSPACE2> way they conduct themselves in public, they<BACKSPACE4>how they take<BACKSPACE2>lk to",1.598,end VP,NA,NA,NA,NA,1,3,NA,NA,NA,NA,NA,NA,13
"strangers. <BACKSPACE2>,",7.038,end sentence,NA,NA,NA,NA,1,NA,NA,NA,NA,NA,NA,NA,13
thei <BACKSPACE1>t m<BACKSPACE3>r overla<BACKSPACE2>al mannersims<BACKSPACE4>,1.408,mid word,NA,NA,NA,NA,1,NA,NA,NA,NA,NA,NA,NA,13
"isms, <BACKSPACE2> s<BACKSPACE2>, so on and so on.",19.052,end sentence,NA,NA,NA,NA,NA,NA,NA,NA,NA,NA,NA,NA,13
<HIGHLIGHT 325:324><LEFT1><RIGHT1><LEFT1><BACKSPACE7>MOst<BACKSPACE4>i<BACKSPACE1>Most o<BACKSPACE1>importantly<DOWN1>,2.63,end NP,0,0,1,NA,NA,NA,NA,1,NA,NA,NA,NA,13
<MOUSECLICK>,5.663,end NP,NA,NA,NA,NA,NA,NA,NA,NA,NA,NA,NA,NA,13
<MOUSECLICK>,13.152,end NP,NA,NA,NA,NA,NA,NA,NA,NA,NA,NA,NA,NA,13
<MOUSECLICK>,12.695,end sentence,NA,NA,NA,NA,NA,NA,NA,NA,NA,NA,NA,NA,13
I <BACKSPACE2>What I mean to,3.871,mid VP,7,0,1,NA,NA,NA,NA,NA,NA,NA,1,NA,13
"make clear,",1.04,end NP,0,0,NA,NA,NA,NA,NA,NA,NA,NA,NA,NA,13
"<BACKSPACE2> is that I am perfectly aware of the advana<BACKSPACE1>tages and the impora<BACKSPACE1>tance of em<BACKSPACE2>meeting a person in real-life. <BACKSPACE2>, esp",1.116,mid word,NA,NA,NA,NA,NA,5,NA,NA,NA,NA,NA,NA,13
cially if,2.511,end NP,NA,NA,NA,NA,NA,NA,NA,NA,NA,NA,NA,NA,13
one is making <BACKSPACE1>a,1.55,mid NP,NA,NA,NA,NA,1,NA,NA,NA,NA,NA,NA,NA,13
seriouis<BACKSPACE2>s long*<BACKSPACE1>-term decision.,60.238,end sentence,NA,NA,NA,NA,1,NA,NA,NA,NA,NA,NA,NA,13
<ENTER2>,1.904,end sentence,NA,NA,NA,NA,NA,NA,NA,NA,NA,NA,NA,NA,13
"S<BACKSPACE1>So,",5.215,end NP,0,0,1,NA,NA,NA,NA,NA,NA,NA,NA,1,13
to incl<BACKSPACE4>condlu<BACKSPACE3>clude <BACKSPACE1>,1.072,end VP,0,0,1,NA,NA,NA,NA,NA,NA,NA,NA,1,13
",",1.887,end VP,NA,NA,NA,NA,NA,NA,NA,NA,NA,NA,NA,NA,13
I believe it is possible to mae<BACKSPACE1>ke the best out of the,5.792,mid NP,15,27,NA,1,NA,1,NA,1,NA,NA,NA,NA,13
"online tools that I available to us <BACKSPACE1>,",4.256,end sentence,NA,NA,NA,NA,2,NA,NA,NA,NA,NA,NA,NA,13
while,9.135,end NP,NA,NA,NA,NA,NA,NA,NA,NA,NA,NA,NA,NA,13
<BACKSPACE6>and at the same time,16.879,end PP,4,0,1,NA,1,NA,NA,NA,1,NA,NA,NA,13
not deprive us of the benei<BACKSPACE1>f<BACKSPACE2>fir<BACKSPACE1>ts if <BACKSPACE3>of real-tli<BACKSPACE3>k<BACKSPACE1>life connections.,18.687,end sentence,NA,NA,NA,NA,1,2,NA,NA,NA,NA,NA,NA,13
"Safet an<BACKSPACE4>r<BACKSPACE1>ty and making long-e<BACKSPACE1>terms decisions are the to<BACKSPACE1>wo factors, in my p<BACKSPACE1>opinion,",5.391,end clause,0,35,1,NA,NA,NA,1,NA,NA,NA,NA,NA,13
that,1.199,end NP,NA,NA,NA,NA,NA,NA,NA,NA,NA,NA,NA,NA,13
one,1.295,end NP,NA,NA,NA,NA,1,NA,NA,NA,NA,NA,NA,NA,13
must take into consiri<BACKSPACE2>deatu<BACKSPACE1>ion while a<BACKSPACE1>making such decii<BACKSPACE1>sions.,10.798,end sentence,NA,NA,NA,NA,1,1,NA,NA,NA,NA,NA,NA,13
If,1.728,end NP,NA,NA,NA,NA,NA,NA,NA,NA,NA,NA,NA,NA,13
I am,1.215,end VP,0,3,1,NA,NA,NA,1,NA,NA,NA,NA,NA,13
concernced with,3.153,mid NP,NA,NA,NA,NA,1,NA,NA,NA,NA,NA,NA,NA,13
"my saftey,",2.175,end clause,NA,NA,NA,NA,1,NA,NA,NA,NA,NA,NA,NA,13
I would certainly,3.568,end NP,0,15,1,NA,NA,NA,1,NA,NA,NA,NA,NA,13
prefer to,4.335,mid VP,NA,NA,NA,NA,NA,NA,NA,NA,NA,NA,NA,NA,13
have an online date,1.071,end sentence,NA,NA,NA,NA,1,NA,NA,NA,NA,NA,NA,NA,13
"first,",4.031,end sentence,NA,NA,NA,NA,1,NA,NA,NA,NA,NA,NA,NA,13
<BACKSPACE1>;,5.63,end sentence,NA,NA,NA,NA,NA,NA,NA,NA,NA,NA,NA,NA,13
"However,",2.943,end NP,0,0,1,NA,NA,NA,NA,NA,NA,NA,NA,1,13
I would never <BACKSPACE6>,4.623,mid VP,0,6,1,NA,NA,NA,1,NA,NA,NA,NA,NA,13
not make a,1.183,mid NP,NA,NA,NA,NA,1,NA,NA,NA,NA,NA,NA,NA,13
long-term decion<BACKSPACE3>ision wo<BACKSPACE1>ithout,9.648,mid PP,NA,NA,NA,NA,1,NA,NA,NA,NA,NA,NA,NA,13
making a real-life connection first.,8.75,end sentence,NA,NA,NA,NA,NA,NA,NA,NA,NA,NA,NA,NA,13
<MOUSECLICK><BACKSPACE1><DOWN1>,40.968,mid word,NA,NA,NA,NA,NA,NA,NA,NA,NA,NA,NA,NA,13
"<MOUSECLICK> Also,",5.343,end NP,0,0,1,NA,NA,NA,NA,NA,NA,NA,NA,1,13
"having a couple of dates online <BACKSPACE1>, <BACKSPACE2> could be",3.744,end VP,0,15,1,NA,NA,NA,1,NA,NA,NA,NA,NA,13
a very conc<BACKSPACE1>venient way f<BACKSPACE1>of saving<BACKSPACE5>aving potnetial <BACKSPACE7>ential money and timne<BACKSPACE2>e,9.406,end sentence,NA,NA,NA,NA,2,1,NA,NA,NA,NA,NA,NA,13
",",4.59,end sentence,NA,NA,NA,NA,NA,NA,NA,NA,NA,NA,NA,NA,13
as a lacj<BACKSPACE1>k of connection between people could be rea<BACKSPACE1>ally obvious,6.736,end sentence,NA,NA,NA,NA,1,2,NA,NA,NA,NA,NA,NA,13
during theda<BACKSPACE3> <BACKSPACE1>e date. <BACKSPACE1>,4.144,end sentence,NA,NA,NA,NA,1,NA,NA,NA,NA,NA,NA,NA,13
<LEFT5>onle<BACKSPACE1>,1.008,mid NP,NA,NA,NA,NA,NA,NA,NA,NA,NA,NA,NA,NA,13
THe w<BACKSPACE4>he world of dating is a complex landscape.,3.359,end sentence,0,23,1,NA,1,NA,1,NA,NA,NA,NA,NA,14
There are,5.216,end VP,NA,NA,NA,NA,NA,NA,NA,NA,NA,NA,NA,NA,14
<BACKSPACE4>is,5.609,end VP,NA,NA,NA,NA,NA,NA,NA,NA,NA,NA,NA,NA,14
a wide a<BACKSPACE1>rnae<BACKSPACE3>ange of s<BACKSPACE1>issues that you have take intp <BACKSPACE2>p <BACKSPACE2>o consideration while making decisions regarding it.,17.546,end sentence,0,74,1,NA,1,2,NA,NA,NA,NA,1,NA,14
One of the imost <BACKSPACE6>most important isssues that women are par<BACKSPACE1>rticularly,9.894,end NP,0,27,1,NA,1,NA,1,NA,NA,NA,NA,NA,14
"concerned with is the issue of safety <BACKSPACE1>, whe<BACKSPACE1>ne<BACKSPACE2>en it o<BACKSPACE1>comes to",1.21,end VP,NA,NA,NA,NA,1,1,NA,NA,NA,NA,NA,NA,14
making paln<BACKSPACE3>lans for day<BACKSPACE1>res<BACKSPACE3>tes.,30.462,end sentence,NA,NA,NA,NA,1,1,NA,NA,NA,NA,NA,NA,14
"Al<BACKSPACE1> lot of <BACKSPACE1> peo<BACKSPACE1>a<BACKSPACE1>op,e <BACKSPACE3>le would say",4.347,end VP,NA,NA,NA,NA,NA,NA,NA,NA,NA,NA,NA,NA,14
<BACKSPACE4>consider,21.242,end VP,NA,NA,NA,NA,NA,NA,NA,NA,NA,NA,NA,NA,14
<BACKSPACE9>say,1.55,end VP,NA,NA,NA,NA,NA,NA,NA,NA,NA,NA,NA,NA,14
tt<BACKSPACE2>,10.59,end VP,NA,NA,NA,NA,NA,NA,NA,NA,NA,NA,NA,NA,14
meeting people i <BACKSPACE1>n rt<BACKSPACE1>eal-life has a <BACKSPACE1>n,1.244,mid NP,0,6,1,NA,NA,NA,1,NA,NA,NA,NA,NA,14
inherent cal<BACKSPACE2>value<BACKSPACE6>value that cannot simnplky <BACKSPACE6>ply be replicated ina <BACKSPACE2> an online setting.,10.298,end sentence,NA,NA,NA,NA,2,1,NA,NA,NA,NA,NA,NA,14
Meetigng <BACKSPACE3>n<BACKSPACE2>ng people online,5.448,end NP,0,0,1,NA,NA,NA,1,NA,NA,NA,NA,NA,14
has v<BACKSPACE1>certain h<BACKSPACE2> chareteristics that make it,1.064,end NP,NA,NA,NA,NA,1,1,NA,NA,NA,NA,NA,NA,14
somew<BACKSPACE1>how a bit unnatural to many <BACKSPACE1>.,9.56,end sentence,NA,NA,NA,NA,1,1,NA,NA,NA,NA,NA,NA,14
<ENTER4>,1.081,end sentence,NA,NA,NA,NA,NA,NA,NA,NA,NA,NA,NA,NA,14
"Nevertheless,",21.225,end NP,0,0,1,NA,NA,NA,NA,NA,NA,NA,NA,1,14
<UP1>,1.954,NA,NA,NA,NA,NA,NA,NA,NA,NA,NA,NA,NA,NA,14
<DOWN1>,15.521,end NP,NA,NA,NA,NA,NA,NA,NA,NA,NA,NA,NA,NA,14
on<BACKSPACE2>you cannot be,1.157,end VP,NA,NA,NA,NA,1,NA,NA,NA,NA,NA,NA,NA,14
<SPACE>,6.027,end VP,NA,NA,NA,NA,NA,NA,NA,NA,NA,NA,NA,NA,14
negli,1.516,mid word,0,0,NA,NA,NA,NA,NA,NA,NA,NA,NA,NA,14
gent of the benefits that,1.708,end NP,0,20,NA,NA,NA,1,NA,NA,NA,NA,NA,NA,14
onl,1.064,mid word,NA,NA,NA,NA,1,NA,NA,NA,NA,NA,NA,NA,14
ine meeting offers.,1.82,end sentence,NA,NA,NA,NA,1,NA,NA,NA,NA,NA,NA,NA,14
<UP3><LEFT1>,6.522,end sentence,NA,NA,NA,NA,NA,NA,NA,NA,NA,NA,NA,NA,14
"For i<BACKSPACE1>exampokle<BACKSPACE4>le,",3.267,end PP,0,0,1,NA,NA,NA,NA,NA,NA,NA,NA,1,14
many would argue that,14.975,end NP,NA,NA,NA,NA,NA,NA,NA,NA,NA,NA,NA,NA,14
meeting people through these mediums is,1.863,end VP,0,3,NA,NA,NA,NA,NA,NA,NA,NA,NA,NA,14
not conducive ot<BACKSPACE2>to a serious relationship.,2.477,end sentence,NA,NA,NA,NA,2,NA,NA,NA,NA,NA,NA,NA,14
How many people have you actulally <BACKSPACE6>ally seent<BACKSPACE1> whou w<BACKSPACE1>simom<BACKSPACE5>got married <BACKSPACE1> right after they met and talked with each oth<BACKSPACE4> other si<BACKSPACE2>only only<BACKSPACE1>ine/<BACKSPACE1>?,2.287,end sentence,0,100,1,NA,1,7,1,NA,NA,NA,NA,NA,14
"Persinall<BACKSPACE5>onall,<BACKSPACE1>y, I have nee<BACKSPACE1>ver sees<BACKSPACE1>n such an example.",1.193,end sentence,0,32,1,1,1,1,1,1,NA,NA,NA,NA,14
<SPACE>,4.371,end sentence,NA,NA,NA,NA,NA,NA,NA,NA,NA,NA,NA,NA,14
<RIGHT1><DOWN3>,1.081,end sentence,NA,NA,NA,NA,NA,NA,NA,NA,NA,NA,NA,NA,14
<BACKSPACE4>,1.231,end sentence,NA,NA,NA,NA,NA,NA,NA,NA,NA,NA,NA,NA,14
<DOWN1>,9.022,end sentence,NA,NA,NA,NA,NA,NA,NA,NA,NA,NA,NA,NA,14
They,1.068,end NP,0,0,1,NA,NA,NA,1,NA,NA,NA,NA,NA,14
pri<BACKSPACE1>ovide you with a safe and,7.008,end NP,NA,NA,NA,NA,1,1,NA,NA,NA,NA,NA,NA,14
conversative approach to meeting new people.,1.959,end sentence,NA,NA,NA,NA,1,NA,NA,NA,NA,NA,NA,NA,14
The risks are,1.301,end VP,0,4,NA,NA,NA,NA,NA,NA,NA,NA,NA,NA,14
radicially rediced<BACKSPACE4>uced when it comes to meeting new people in,1.277,mid PP,NA,NA,NA,NA,NA,1,NA,NA,NA,NA,NA,NA,14
online settings.,31.916,end sentence,NA,NA,NA,NA,1,NA,NA,NA,NA,NA,NA,NA,14
This is,1.027,end VP,NA,NA,NA,NA,NA,NA,NA,NA,NA,NA,NA,NA,14
very true <BACKSPACE11>,1.265,end VP,NA,NA,NA,NA,NA,NA,NA,NA,NA,NA,NA,NA,14
especially true when it comes to,2.816,end VP,NA,NA,NA,NA,NA,NA,NA,NA,NA,NA,NA,NA,14
<BACKSPACE41>,34.672,end sentence,NA,NA,NA,NA,NA,NA,NA,NA,NA,NA,NA,NA,14
"As I mentioned before,",5.072,end clause,0,0,1,NA,NA,NA,NA,NA,NA,NA,NA,1,14
"women are partu<BACKSPACE1>iculary concen<BACKSPACE1>rned with safety<BACKSPACE1>,<BACKSPACE1>t<BACKSPACE1>yu<BACKSPACE1>, <BACKSPACE2> when it comes to",4.626,end VP,0,54,NA,NA,NA,3,NA,NA,NA,NA,NA,NA,14
meeting new poep<BACKSPACE3>eople to dates<BACKSPACE6>,1.25,end sentence,NA,NA,NA,NA,2,1,NA,NA,NA,NA,NA,NA,14
date.,11.072,end sentence,NA,NA,NA,NA,NA,NA,NA,NA,NA,NA,NA,NA,14
The opportuity that online meeting offers to,1.779,mid PP,0,29,1,NA,NA,1,1,NA,NA,NA,NA,NA,14
compensate for this concern is,1.025,end VP,NA,NA,NA,NA,NA,1,NA,NA,NA,NA,NA,NA,14
very signifa<BACKSPACE2>,1.001,mid word,NA,NA,NA,NA,1,NA,NA,NA,NA,NA,NA,NA,14
ficant.,12.855,end sentence,NA,NA,NA,NA,NA,NA,NA,NA,NA,NA,NA,NA,14
<BACKSPACE2> and cannot be overe<BACKSPACE1>stated.,10.459,end sentence,NA,NA,NA,NA,1,NA,NA,NA,NA,NA,NA,NA,14
By using th<BACKSPACE2>onine <BACKSPACE4>line meeting,1.969,end clause,0,0,1,NA,NA,NA,NA,NA,NA,1,NA,NA,14
"<BACKSPACE1>,",7.687,end clause,NA,NA,NA,NA,NA,NA,NA,NA,NA,NA,NA,NA,14
women ,9.915,end NP,0,18,1,NA,NA,NA,1,NA,NA,NA,NA,NA,14
<BACKSPACE5>,1.218,end NP,NA,NA,NA,NA,NA,NA,NA,NA,NA,NA,NA,NA,14
regasrding<BACKSPACE6>rding te <BACKSPACE2>he risks associated with meeting the,5.532,mid NP,NA,NA,NA,NA,NA,1,NA,NA,NA,NA,NA,NA,14
<LEFT35> potential<RIGHT34> person,1.348,end NP,NA,NA,NA,NA,1,NA,NA,NA,NA,NA,NA,NA,14
fo<BACKSPACE2>in real-life.,5.71,end sentence,NA,NA,NA,NA,1,NA,NA,NA,NA,NA,NA,NA,14
"Conces<BACKSPACE3>suquently, in tat <BACKSPACE3>hat sense,",1.275,end NP,0,0,2,NA,NA,NA,NA,NA,NA,NA,NA,2,14
this is a vey<BACKSPACE2>ry <BACKSPACE3>,1.303,mid word,8,0,1,NA,1,NA,NA,NA,NA,NA,1,NA,14
ery imprt<BACKSPACE2>otant issue that,1.448,end NP,0,4,NA,NA,NA,NA,NA,NA,NA,NA,NA,NA,14
you have take into c<BACKSPACE1>accoin<BACKSPACE2>unt.,10.845,end sentence,NA,NA,NA,NA,1,1,NA,NA,NA,NA,NA,NA,14
As a mnan<BACKSPACE3>an,1.012,end PP,0,0,1,NA,NA,NA,NA,NA,NA,1,NA,NA,14
"<BACKSPACE1>, however,",4.833,end NP,0,0,1,NA,NA,NA,NA,NA,NA,NA,NA,1,14
I,1.911,end NP,0,0,1,NA,NA,NA,NA,NA,NA,NA,NA,NA,14
prefer meeting pei<BACKSPACE1>opl e<BACKSPACE2>e in real-life.,10.758,end sentence,NA,NA,NA,NA,1,1,NA,NA,NA,NA,NA,NA,14
"What is important <BACKSPACE1>, however, is that",3.075,end NP,7,9,NA,2,NA,NA,NA,NA,NA,NA,1,1,14
I,1.634,end NP,0,0,1,NA,NA,NA,1,NA,NA,NA,NA,NA,14
am approahcin<BACKSPACE4>ching the issue from a malke<BACKSPACE2>e#'s <BACKSPACE4>#s <BACKSPACE3>'s perspeci<BACKSPACE1>tive.,5.278,end sentence,NA,NA,NA,NA,1,1,NA,NA,NA,NA,NA,NA,14
"<BACKSPACE2>, in hta<BACKSPACE3>that I don<BACKSPACE1> no <BACKSPACE1>t shatre th<BACKSPACE6>re the mentioned",1.018,mid NP,NA,NA,NA,NA,NA,1,NA,NA,NA,NA,NA,NA,14
concenr<BACKSPACE1>s <BACKSPACE3>rns that I had mentioned.<BACKSPACE22>.,18.039,end sentence,NA,NA,NA,NA,1,1,NA,NA,NA,NA,NA,NA,14
"So, I<BACKSPACE1>if I<BACKSPACE1>I werer <BACKSPACE2> to adde<BACKSPACE1> the dimension od <BACKSPACE2>f gender to discussion, I would",1.438,mid VP,0,58,1,1,NA,4,1,NA,NA,NA,NA,1,14
say,8.434,end VP,NA,NA,NA,NA,1,NA,NA,NA,NA,NA,NA,NA,14
"fro <BACKSPACE3>or m<BACKSPACE6>,",1.853,end VP,NA,NA,NA,NA,NA,NA,NA,NA,NA,NA,NA,NA,14
for men iy <BACKSPACE2>t owuld <BACKSPACE6>would be better to have the first dates in person; and for women,1.74,end PP,0,0,2,NA,1,3,NA,NA,NA,2,NA,NA,14
it ou<BACKSPACE3> wpoi<BACKSPACE3>ould be better tyo <BACKSPACE3>o meen<BACKSPACE1>t,4.066,end VP,NA,NA,NA,NA,1,1,NA,NA,NA,NA,NA,NA,14
new people online. <BACKSPACE2> rather,1.083,mid NP,NA,NA,NA,NA,1,NA,NA,NA,NA,NA,NA,NA,14
MEtting<BACKSPACE6>eeting someone new to date; online or,1.215,end AG,NA,NA,NA,NA,NA,NA,NA,NA,NA,NA,NA,NA,15
in-person?<ENTER1>,20.465,end PP,NA,NA,NA,NA,NA,NA,NA,NA,NA,NA,NA,NA,15
Starting to meet new people is alwats <BACKSPACE3>ys a,1.088,mid NP,0,22,1,NA,NA,1,1,NA,NA,NA,NA,NA,15
big challenge.,11.567,end sentence,NA,NA,NA,NA,1,NA,NA,NA,NA,NA,NA,NA,15
"Often,",5.807,end AG,0,0,1,NA,NA,NA,NA,1,NA,NA,NA,NA,15
it can be a,8.895,mid NP,9,0,1,NA,NA,NA,NA,NA,NA,NA,1,NA,15
great cause for anxue<BACKSPACE2>ue<BACKSPACE2>iety for most people.,6.75,end sentence,0,15,NA,NA,1,NA,NA,NA,NA,NA,NA,NA,15
You do not exactly know,4.146,end VP,0,19,1,NA,NA,NA,1,NA,NA,NA,NA,NA,15
what you should expect and what,1.07,end NP,NA,NA,NA,NA,2,1,NA,NA,NA,NA,NA,NA,15
to hope for.,13.695,end sentence,NA,NA,NA,NA,NA,NA,NA,NA,NA,NA,NA,NA,15
se<BACKSPACE2>,12.801,end sentence,NA,NA,NA,NA,NA,NA,NA,NA,NA,NA,NA,NA,15
"In the modern age,",2.351,end PP,0,0,NA,NA,NA,NA,NA,NA,1,NA,NA,NA,15
we have been able to figure ou t<BACKSPACE2>t fdif<BACKSPACE4>different way <BACKSPACE1>s,4.271,end sentence,0,43,1,NA,1,NA,1,NA,NA,NA,NA,NA,15
in order to,4.097,end AG,NA,NA,NA,NA,NA,NA,NA,NA,NA,NA,NA,NA,15
co,1.007,mid word,NA,NA,NA,NA,NA,NA,NA,NA,NA,NA,NA,NA,15
"mpensate the challenges if <BACKSPACE3>of<BACKSPACE1> <BACKSPACE1>f t <BACKSPACE2>meeting new people <BACKSPACE1>.<BACKSPACE1>, maionl<BACKSPACE3>nly",4.047,end AG,NA,NA,NA,NA,NA,2,NA,NA,NA,NA,NA,NA,15
by<BACKSPACE2>,2.159,end AG,NA,NA,NA,NA,NA,NA,NA,NA,NA,NA,NA,NA,15
by makning <BACKSPACE5>ong<BACKSPACE3>ing use of the aval<BACKSPACE1>ilable the<BACKSPACE2>echnolo,1.263,mid word,NA,NA,NA,NA,1,NA,NA,NA,NA,NA,NA,NA,15
gy.,18.513,end sentence,NA,NA,NA,NA,NA,NA,NA,NA,NA,NA,NA,NA,15
"In what follows,",2.127,end PP,0,0,NA,NA,NA,NA,NA,NA,NA,NA,NA,1,15
I will firslt<BACKSPACE2>tly go thouigh<BACKSPACE5>roguh<BACKSPACE3>ugh the apparent<BACKSPACE3>ent,1.104,mid NP,0,36,NA,NA,1,1,1,NA,NA,NA,NA,NA,15
challebge<BACKSPACE3>nbge<BACKSPACE4>ge<BACKSPACE2>nges,2.143,end sentence,NA,NA,NA,NA,NA,NA,NA,NA,NA,NA,NA,NA,15
assicte<BACKSPACE3>o<BACKSPACE2>ociated with meeting ew <BACKSPACE3>new people,4.239,end sentence,NA,NA,NA,NA,1,NA,NA,NA,NA,NA,NA,NA,15
online,1.599,end sentence,NA,NA,NA,NA,NA,NA,NA,NA,NA,NA,NA,NA,15
"<BACKSPACE8>,",4.127,end sentence,NA,NA,NA,NA,NA,NA,NA,NA,NA,NA,NA,NA,15
and then,12.671,end AG,3,0,NA,NA,NA,NA,NA,NA,NA,NA,NA,1,15
I will make the case,1.341,end NP,0,18,1,NA,1,NA,1,NA,NA,NA,NA,NA,15
re<BACKSPACE2>,2.032,end NP,NA,NA,NA,NA,NA,NA,NA,NA,NA,NA,NA,NA,15
for why I beleive,1.025,end sentence,NA,NA,NA,NA,NA,1,NA,NA,NA,NA,NA,NA,15
<BACKSPACE5>ieve,5.181,end sentence,NA,NA,NA,NA,NA,NA,NA,NA,NA,NA,NA,NA,15
it would be beet<BACKSPACE2>tter for the first dates to,2.383,mid NP,NA,NA,NA,NA,NA,2,NA,NA,NA,NA,NA,NA,15
be online rather ran <BACKSPACE4>than in ep<BACKSPACE3>*<BACKSPACE1>,1.535,mid PP,NA,NA,NA,NA,1,1,NA,NA,NA,NA,NA,NA,15
-[per<BACKSPACE4>person. <ENTER1>,15.281,end sentence,NA,NA,NA,NA,NA,NA,NA,NA,NA,NA,NA,NA,15
Personal <BACKSPACE9>,3.647,end sentence,NA,NA,NA,NA,NA,NA,NA,NA,NA,NA,NA,NA,15
Ani<BACKSPACE1>xienty when faces with new h<BACKSPACE1>things is a,2.511,mid NP,NA,NA,NA,NA,NA,NA,NA,NA,NA,NA,NA,NA,15
uu<BACKSPACE1>niversal phenoe<BACKSPACE1>menon.,2.863,end sentence,NA,NA,NA,NA,NA,NA,NA,NA,NA,NA,NA,NA,15
This is not,4.431,end VP,NA,NA,NA,NA,NA,NA,NA,NA,NA,NA,NA,NA,15
confined to <BACKSPACE12>,1.697,end VP,NA,NA,NA,NA,NA,NA,NA,NA,NA,NA,NA,NA,15
solel <BACKSPACE1>y limijted<BACKSPACE4>ted to the issue of meeting ewn<BACKSPACE3>new people,1.055,end sentence,0,31,1,NA,1,NA,NA,NA,NA,NA,1,NA,15
to date.,13.553,end sentence,NA,NA,NA,NA,NA,NA,NA,NA,NA,NA,NA,NA,15
The devci<BACKSPACE9>,3.183,end sentence,NA,NA,NA,NA,NA,NA,NA,NA,NA,NA,NA,NA,15
The<BACKSPACE3>,1.152,end sentence,NA,NA,NA,NA,NA,NA,NA,NA,NA,NA,NA,NA,15
Dece<BACKSPACE1>ision to do something new i<BACKSPACE1>has always been universally associated with increase <BACKSPACE1>d levels of anxiety.,7.52,end sentence,0,72,1,NA,1,NA,NA,NA,NA,1,NA,NA,15
People tend to fidn<BACKSPACE2>nd t<BACKSPACE1>idf<BACKSPACE23>,5.824,end sentence,NA,NA,NA,NA,NA,NA,NA,NA,NA,NA,NA,NA,15
This is expe<BACKSPACE3>specially r<BACKSPACE1>true when t<BACKSPACE1>it coe<BACKSPACE1>mes to the,3.471,mid NP,6,20,NA,1,NA,NA,NA,1,NA,NA,NA,NA,15
evermore,1.104,mid NP,NA,NA,NA,NA,NA,NA,NA,NA,NA,NA,NA,NA,15
anxiery<BACKSPACE2>ty,1.391,end sentence,NA,NA,NA,NA,NA,NA,NA,NA,NA,NA,NA,NA,15
<BACKSPACE1>,1.248,end sentence,NA,NA,NA,NA,NA,NA,NA,NA,NA,NA,NA,NA,15
-,9.631,end sentence,NA,NA,NA,NA,NA,NA,NA,NA,NA,NA,NA,NA,15
<BACKSPACE18> diste<BACKSPACE1>ressing issue of meeting somme<BACKSPACE5>a potentil<BACKSPACE1>al romantic partner.,8.816,end sentence,NA,NA,NA,NA,2,NA,NA,NA,NA,NA,NA,NA,15
"In addition <BACKSPACE1>,",4.079,end PP,0,0,NA,NA,NA,NA,NA,NA,NA,NA,NA,1,15
there a<BACKSPACE1>is a vast gamut of,1.296,mid NP,8,0,1,NA,NA,NA,NA,NA,NA,NA,1,NA,15
resources assicuated<BACKSPACE6>o<BACKSPACE2>ociated with this u<BACKSPACE1>issue.,8.546,end sentence,0,27,NA,NA,1,NA,NA,NA,NA,NA,NA,NA,15
Ranging from,6.287,mid PP,0,0,1,NA,NA,NA,NA,NA,NA,1,NA,NA,15
b,1.12,mid word,0,0,NA,NA,NA,NA,NA,NA,NA,NA,NA,NA,15
"eauty products,",1.744,end PP,0,0,NA,NA,NA,NA,NA,NA,NA,NA,NA,NA,15
<BACKSPACE2> to,7.263,mid PP,0,0,NA,NA,NA,NA,NA,NA,NA,NA,NA,NA,15
social,1.183,mid PP,0,0,NA,NA,NA,NA,NA,NA,NA,NA,NA,NA,15
"gathering places, there is a guge <BACKSPACE5>hgue <BACKSPACE4>uge<BACKSPACE1>e economical aspect",21.2,end sentence,0,0,1,NA,NA,NA,NA,NA,NA,NA,1,NA,15
to the,1.792,mid PP,NA,NA,NA,NA,NA,NA,NA,NA,NA,NA,NA,NA,15
whole experience of finin<BACKSPACE1>di<BACKSPACE3>ding a mate.,11.936,end sentence,NA,NA,NA,NA,1,NA,NA,NA,NA,NA,NA,NA,15
"The most important <BACKSPACE13>t<BACKSPACE2>st<BACKSPACE3>most significant challenge a<BACKSPACE1>related ot he<BACKSPACE5>to tg<BACKSPACE1>hi <BACKSPACE1>s issue, therefore,",8.465,end AG,0,0,2,NA,NA,NA,1,NA,NA,NA,NA,1,15
<LEFT38><RIGHT3>s<DOWN1>,15.135,end AG,NA,NA,NA,NA,NA,NA,NA,NA,NA,NA,NA,NA,15
canbe <BACKSPACE3>b<BACKSPACE1> be summaraize<BACKSPACE4>uz<BACKSPACE2>ized,1.198,end VP,NA,NA,NA,NA,NA,NA,NA,NA,NA,NA,NA,NA,15
intp <BACKSPACE2>o two dimensions/ <BACKSPACE2>.,1.967,end sentence,NA,NA,NA,NA,1,NA,NA,NA,NA,NA,NA,NA,15
<BACKSPACE2>: ther<BACKSPACE1>,3.233,mid NP,NA,NA,NA,NA,NA,NA,NA,NA,NA,NA,NA,NA,15
issue of,1.423,mid NP,NA,NA,NA,NA,1,NA,NA,NA,NA,NA,NA,NA,15
personal risks and anxiety associated wit,1.216,mid word,NA,NA,NA,NA,NA,NA,NA,NA,NA,NA,NA,NA,15
h it; <BACKSPACE2>l<BACKSPACE1>p<BACKSPACE1>; and the,2.222,mid NP,NA,NA,NA,NA,1,NA,NA,NA,NA,NA,NA,NA,15
moner<BACKSPACE1>tary aspect of t.<BACKSPACE3>i<BACKSPACE1> it.,10.206,end sentence,NA,NA,NA,NA,NA,NA,NA,NA,NA,NA,NA,NA,15
Going back to main,4.64,mid NP,0,0,1,NA,NA,NA,NA,NA,NA,NA,NA,1,15
questions of<BACKSPACE12>,2.015,mid NP,0,0,NA,NA,NA,NA,NA,NA,NA,NA,NA,NA,15
dichotomy,1.456,end NP,0,0,NA,NA,NA,NA,NA,NA,NA,NA,NA,NA,15
"of online vs inp<BACKSPACE1>-person dates,",5.649,end NP,0,0,NA,NA,NA,NA,NA,NA,NA,NA,NA,NA,15
there is a,1.023,mid NP,7,0,NA,NA,NA,NA,NA,NA,NA,NA,1,NA,15
huge,5.952,mid NP,0,0,NA,NA,NA,NA,NA,NA,NA,NA,NA,NA,15
case to ma<BACKSPACE2>be made for,2.11,mid PP,0,14,NA,NA,NA,NA,NA,NA,NA,NA,NA,NA,15
online dat<BACKSPACE3>first dates.,9.312,end sentence,NA,NA,NA,NA,1,NA,NA,NA,NA,NA,NA,NA,15
In light of the <BACKSPACE16>,4.879,end NP,NA,NA,NA,NA,NA,NA,NA,NA,NA,NA,NA,NA,15
Ie<BACKSPACE1> l<BACKSPACE1>beluive<BACKSPACE4>ive<BACKSPACE2>eve,26.078,end VP,0,0,NA,NA,NA,NA,NA,1,NA,NA,NA,NA,15
it woul <BACKSPACE1>d be,2.094,end VP,NA,NA,NA,NA,NA,NA,NA,NA,NA,NA,NA,NA,15
not surpo,1.022,mid word,0,0,1,NA,NA,NA,NA,NA,NA,NA,1,NA,15
<BACKSPACE1>,1.01,mid word,NA,NA,NA,NA,NA,NA,NA,NA,NA,NA,NA,NA,15
rising to see tha<BACKSPACE7>see cases where meeting,2.111,end NP,0,25,NA,NA,NA,1,NA,NA,NA,NA,NA,NA,15
<BACKSPACE8>fater<BACKSPACE5>afet <BACKSPACE3>ter meeting people online the degree of,1.404,mid NP,NA,NA,NA,NA,NA,1,NA,NA,NA,NA,NA,NA,15
anxiety in meeting themi<BACKSPACE1> in <BACKSPACE1>-person <BACKSPACE1>,1.072,end PP,NA,NA,NA,NA,2,NA,NA,NA,NA,NA,NA,NA,15
decreases significantly/ <BACKSPACE2>.,13.039,end sentence,NA,NA,NA,NA,NA,NA,NA,NA,NA,NA,NA,NA,15
"SO, <BACKSPACE3>o,",2.047,end AG,0,0,1,NA,1,NA,NA,NA,NA,NA,NA,1,15
"in light of this aspect <BACKSPACE1>, this makes a lot of sense. <BACKSPACE1>",14.959,end sentence,0,15,1,1,NA,NA,1,NA,NA,NA,NA,1,15
On ther o<BACKSPACE3> other ha,1.055,mid word,0,0,1,NA,NA,NA,NA,NA,NA,NA,NA,1,15
"nd,",4.652,end PP,0,0,NA,NA,NA,NA,NA,NA,NA,NA,NA,NA,15
considering the issue of,4.241,mid NP,11,0,1,NA,NA,NA,NA,NA,NA,1,NA,NA,15
"money,",6.062,end NP,0,0,NA,NA,NA,NA,NA,NA,NA,NA,NA,NA,15
one can only <BACKSPACE5>ceryt<BACKSPACE2>tainly,1.871,end AG,NA,NA,NA,NA,1,NA,NA,NA,NA,NA,NA,NA,15
<BACKSPACE10>easily image <BACKSPACE2>o<BACKSPACE1>ine the ammo<BACKSPACE2>ount of money that could potentially be,1.839,end VP,NA,NA,NA,NA,NA,1,NA,NA,NA,NA,NA,NA,15
"save <BACKSPACE1>d <BACKSPACE1>,<BACKSPACE1> by avoiding",3.103,mid PP,NA,NA,NA,NA,1,NA,NA,NA,NA,NA,NA,NA,15
certain people that,4.591,end AG,NA,NA,NA,NA,1,NA,NA,NA,NA,NA,NA,NA,15
<BACKSPACE6>.,5.984,end sentence,NA,NA,NA,NA,NA,NA,NA,NA,NA,NA,NA,NA,15
"Online dates, n<BACKSPACE1>in this sense, could arguably be very helpful too.",50.094,end sentence,0,50,1,NA,1,1,NA,NA,NA,NA,NA,NA,15
By,1.872,mid PP,0,0,1,NA,NA,NA,NA,NA,NA,1,NA,NA,15
making an ttem<BACKSPACE4>attempt to,1.809,mid NP,0,0,NA,NA,NA,NA,NA,NA,NA,NA,NA,NA,15
"<BACKSPACE1>, at least superficially,",4.895,end AG,NA,NA,NA,NA,NA,1,NA,NA,NA,NA,NA,NA,15
"know people. <BACKSPACE2>, one could",1.216,mid VP,NA,NA,NA,NA,NA,NA,NA,NA,NA,NA,NA,NA,15
easilyu <BACKSPACE2>,1.04,end AG,NA,NA,NA,NA,NA,NA,NA,NA,NA,NA,NA,NA,15
avoid,1.776,end VP,NA,NA,NA,NA,NA,NA,NA,NA,NA,NA,NA,NA,15
the possibliytu <BACKSPACE3> fo<BACKSPACE2>of se<BACKSPACE2>wasteful seconds <BACKSPACE2> dates and,6.464,end AG,NA,NA,NA,NA,1,NA,NA,NA,NA,NA,NA,NA,15
"loss of monerta<BACKSPACE3>tart <BACKSPACE2>y resources, <BACKSPACE2>.",3.005,end sentence,NA,NA,NA,NA,1,NA,NA,NA,NA,NA,NA,NA,15
"<ENTER1>Coc<BACKSPACE1>ncseq<BACKSPACE4>sequently, I would",1.168,mid VP,0,0,2,NA,NA,NA,NA,1,NA,NA,NA,1,15
"arug<BACKSPACE2>gue that, at least in light of the met<BACKSPACE1>ntions o<BACKSPACE1>concerns associated with",1.31,mid PP,0,0,1,NA,NA,NA,NA,NA,NA,NA,NA,1,15
"in-person fisrt d<BACKSPACE5>rst dates,",1.486,end PP,0,0,NA,NA,NA,NA,NA,NA,NA,NA,NA,NA,15
meeting new people,2.288,end NP,0,0,NA,NA,NA,NA,NA,NA,1,NA,NA,NA,15
for datign wo<BACKSPACE5>ng would amej<BACKSPACE4>nake<BACKSPACE4>nak<BACKSPACE3>make fo<BACKSPACE2>more sent<BACKSPACE1>se if conducted online.,33.642,end sentence,NA,NA,NA,NA,1,1,NA,NA,NA,NA,NA,NA,15
<SPACE>,1.84,end sentence,NA,NA,NA,NA,NA,NA,NA,NA,NA,NA,NA,NA,15
<RIGHT1><HIGHLIGHT 315:411><UP1><HIGHLIGHT 223:411><UP1><HIGHLIGHT 127:411><UP1><HIGHLIGHT 128:411><RIGHT1><HIGHLIGHT 225:411><DOWN1><HIGHLIGHT 316:411><DOWN1><HIGHLIGHT 225:411><UP1><HIGHLIGHT 226:411><RIGHT1><HIGHLIGHT 227:411><RIGHT1><HIGHLIGHT 228:411><RIGHT1><HIGHLIGHT 229:411><RIGHT1><HIGHLIGHT 230:411><RIGHT1><HIGHLIGHT 231:411><RIGHT1><HIGHLIGHT 232:411><RIGHT1><HIGHLIGHT 233:411><RIGHT1><BACKSPACE1>,6.974,end sentence,NA,NA,NA,NA,NA,NA,NA,NA,NA,NA,NA,NA,15
<MOUSECLICK><BACKSPACE1>,3.856,mid word,NA,NA,NA,NA,NA,NA,NA,NA,NA,NA,NA,NA,15
<UP1><RIGHT10>,67.646,end sentence,NA,NA,NA,NA,NA,NA,NA,NA,NA,NA,NA,NA,15
<MOUSECLICK>,7.064,end sentence,NA,NA,NA,NA,NA,NA,NA,NA,NA,NA,NA,NA,15
<MOUSECLICK><BACKSPACE1>ed,1.335,end VP,NA,NA,NA,NA,NA,NA,NA,NA,NA,NA,NA,NA,15
The issue of dating o<BACKSPACE1>is a,1.832,mid NP,0,3,1,NA,NA,NA,1,NA,NA,NA,NA,NA,16
<BACKSPACE5>can be a very,7.77,mid NP,NA,NA,NA,NA,1,NA,NA,NA,NA,NA,NA,NA,16
challengin,1.001,mid word,NA,NA,NA,NA,NA,NA,NA,NA,NA,NA,NA,NA,16
g,1.281,mid NP,NA,NA,NA,NA,NA,NA,NA,NA,NA,NA,NA,NA,16
thing doi<BACKSPACE2>oids<BACKSPACE3>o<BACKSPACE2>idscuss<BACKSPACE6>sciss<BACKSPACE3>uss.,2.758,end sentence,NA,NA,NA,NA,NA,NA,NA,NA,NA,NA,NA,NA,16
ITi<BACKSPACE2>t is one the m<BACKSPACE1>most,1.048,mid NP,5,0,1,NA,NA,NA,NA,NA,NA,NA,1,NA,16
i<BACKSPACE2> signifitnc<BACKSPACE3>,1.007,mid word,0,0,NA,NA,NA,NA,NA,NA,NA,NA,NA,NA,16
cant,3.611,mid NP,0,0,NA,NA,NA,NA,NA,NA,NA,NA,NA,NA,16
and mos <BACKSPACE1>t importnt <BACKSPACE4>tant,1.75,mid NP,0,0,NA,NA,NA,NA,NA,NA,NA,NA,NA,NA,16
isseue<BACKSPACE3>ues that tell us a lot anouy<BACKSPACE4>bout the state of a society.,11.554,end sentence,0,48,NA,NA,1,2,NA,NA,NA,NA,NA,NA,16
Ther <BACKSPACE1>e are generally,1.411,end NP,9,0,1,NA,NA,NA,NA,1,NA,NA,NA,NA,16
f<BACKSPACE1>different option available for people for meeting nmew<BACKSPACE3>ew peipl<BACKSPACE3>ope<BACKSPACE1>le in ther<BACKSPACE1>ir lives.,5.582,end sentence,0,49,1,NA,1,2,NA,NA,NA,NA,1,NA,16
I belei<BACKSPACE2>ieve,13.999,end VP,NA,NA,NA,NA,NA,NA,NA,NA,NA,NA,NA,NA,16
ther<BACKSPACE1> most imporant thing is g<BACKSPACE2>n<BACKSPACE2>n general is the perso a<BACKSPACE2> a<BACKSPACE2>nal safety of people we<BACKSPACE1>hen they are exploring,1.103,end sentence,0,67,1,NA,NA,4,NA,1,NA,NA,NA,NA,16
<BACKSPACE1> in thie<BACKSPACE2>ier <BACKSPACE4>oer per<BACKSPACE7>eir personal lives.,17.484,end sentence,NA,NA,NA,NA,1,NA,NA,NA,NA,NA,NA,NA,16
That is a persnal <BACKSPACE4>onal belief of mine.,7.349,end sentence,9,8,NA,1,1,NA,NA,1,NA,NA,NA,NA,16
"In this regard,",8.446,end PP,0,0,1,NA,NA,NA,NA,NA,NA,NA,NA,1,16
safe<BACKSPACE3>t<BACKSPACE2>the issue of safety is especially significant for the issue of dayin<BACKSPACE3>ting.,29.768,end sentence,0,50,1,NA,1,1,1,NA,NA,NA,NA,NA,16
THe <BACKSPACE3>he available options,1.273,end NP,NA,NA,NA,NA,NA,NA,NA,NA,NA,NA,NA,NA,16
<BACKSPACE22>,2.544,end sentence,NA,NA,NA,NA,NA,NA,NA,NA,NA,NA,NA,NA,16
"Considering this,",7.15,end NP,0,0,1,NA,NA,NA,NA,NA,NA,NA,NA,1,16
muy <BACKSPACE3>y bef<BACKSPACE1>lied<BACKSPACE1>f is that ss<BACKSPACE2>b<BACKSPACE6>,13.223,end VP,0,3,1,NA,NA,NA,1,NA,NA,NA,NA,NA,16
online dating would generally be preferable to,1.517,mid NP,NA,NA,NA,NA,1,1,NA,NA,NA,NA,NA,NA,16
"meeting new peiop<BACKSPACE3>p<BACKSPACE1>op,e <BACKSPACE3>le in person.",3.971,end sentence,NA,NA,NA,NA,1,1,NA,NA,NA,NA,NA,NA,16
This could also be due to the ac<BACKSPACE2>fact that I am<BACKSPACE2>have more <BACKSPACE6> had more suvve<BACKSPACE3>ccess doing tis <BACKSPACE3>,1.108,end VP,29,36,NA,1,NA,NA,1,NA,NA,NA,NA,NA,16
his. <BACKSPACE76>,37.555,end sentence,NA,NA,NA,NA,NA,NA,NA,NA,NA,NA,NA,NA,16
One hear,2.018,mid word,0,4,1,NA,NA,NA,NA,NA,1,NA,NA,NA,16
here and there storie<BACKSPACE1>es about people having,1.053,end VP,NA,NA,NA,NA,1,2,NA,NA,NA,NA,NA,NA,16
horrible and downti<BACKSPACE2>ru<BACKSPACE1>ight tragic fisrt<BACKSPACE3>irst <BACKSPACE5>rst dates.,1.288,end sentence,NA,NA,NA,NA,2,1,NA,NA,NA,NA,NA,NA,16
<BACKSPACE2> wiht<BACKSPACE2>th people <BACKSPACE1>.,17.231,end sentence,NA,NA,NA,NA,NA,NA,NA,NA,NA,NA,NA,NA,16
<UP2><DOWN1><RIGHT12> are,16.75,mid VP,NA,NA,NA,NA,NA,NA,NA,NA,NA,NA,NA,NA,16
<DOWN1>,19.268,end sentence,NA,NA,NA,NA,NA,NA,NA,NA,NA,NA,NA,NA,16
<UP1><LEFT19>s<DOWN1><RIGHT1>,4.085,end sentence,NA,NA,NA,NA,NA,NA,NA,NA,NA,NA,NA,NA,16
These sorts of issue <BACKSPACE1>s,4.761,end NP,0,0,1,NA,NA,NA,1,NA,NA,NA,NA,NA,16
are exactly the type of thins<BACKSPACE1>gs that I would like to aboid <BACKSPACE4>v<BACKSPACE2>void.,5.939,end sentence,NA,NA,NA,NA,1,2,NA,NA,NA,NA,NA,NA,16
<UP1><RIGHT23>,1.232,end sentence,NA,NA,NA,NA,NA,NA,NA,NA,NA,NA,NA,NA,16
REadi<BACKSPACE4>eading about thes <BACKSPACE2>e<BACKSPACE1>se things a<BACKSPACE1>in newpap<BACKSPACE3>spaper <BACKSPACE1>s and,2.025,end NP,0,0,1,NA,NA,NA,1,NA,NA,NA,NA,NA,16
website <BACKSPACE1>s not<BACKSPACE1>rmally haun,1.071,mid word,0,13,NA,NA,NA,1,NA,NA,NA,NA,NA,NA,16
t people for,1.001,mid PP,NA,NA,NA,NA,NA,1,NA,NA,NA,NA,NA,NA,16
a wekk <BACKSPACE3>ek or so.,4.058,end sentence,NA,NA,NA,NA,1,NA,NA,NA,NA,NA,NA,NA,16
Cons,1.157,end NP,NA,NA,NA,NA,NA,NA,NA,NA,NA,NA,NA,NA,16
<BACKSPACE4>,5.329,end sentence,NA,NA,NA,NA,NA,NA,NA,NA,NA,NA,NA,NA,16
<LEFT2><HIGHLIGHT 824:825><HIGHLIGHT 823:825><HIGHLIGHT 822:825><HIGHLIGHT 821:825><HIGHLIGHT 820:825><HIGHLIGHT 819:825><HIGHLIGHT 818:825><HIGHLIGHT 817:825><HIGHLIGHT 816:825><HIGHLIGHT 815:825><HIGHLIGHT 814:825><LEFT11><HIGHLIGHT 813:825><LEFT1><REPLACED>almojst<BACKSPACE3>st <BACKSPACE1>a week<RIGHT1>,6.045,mid PP,NA,NA,NA,NA,1,NA,NA,NA,NA,NA,NA,NA,16
One can only image,1.485,end VP,0,14,1,NA,NA,NA,1,NA,NA,NA,NA,NA,16
<RIGHT1><BACKSPACE2>,1.288,end VP,NA,NA,NA,NA,NA,NA,NA,NA,NA,NA,NA,NA,16
<SPACE>,6.985,end VP,NA,NA,NA,NA,NA,NA,NA,NA,NA,NA,NA,NA,16
wa<BACKSPACE1>hat the actuall<BACKSPACE1> vocyi<BACKSPACE4>ictims feel,1.572,end sentence,NA,NA,NA,NA,NA,1,NA,NA,NA,NA,NA,NA,16
and,1.298,end NP,NA,NA,NA,NA,NA,NA,NA,NA,NA,NA,NA,NA,16
the meomo<BACKSPACE3>moi<BACKSPACE1>rie<BACKSPACE2>ri<BACKSPACE1>i<BACKSPACE2>ies,8.383,end NP,NA,NA,NA,NA,1,NA,NA,NA,NA,NA,NA,NA,16
that will,3.733,mid VP,NA,NA,NA,NA,NA,NA,NA,NA,NA,NA,NA,NA,16
never leave them,1.128,end sentence,NA,NA,NA,NA,2,NA,NA,NA,NA,NA,NA,NA,16
for their lo<BACKSPACE1>ives.,29.733,end sentence,NA,NA,NA,NA,1,NA,NA,NA,NA,NA,NA,NA,16
<DOWN1>,7.934,end sentence,NA,NA,NA,NA,NA,NA,NA,NA,NA,NA,NA,NA,16
The ga<BACKSPACE7>The greati<BACKSPACE1>est arguments that anyone coi<BACKSPACE1>uld make a,1.835,mid NP,0,24,1,NA,NA,1,1,NA,NA,NA,NA,NA,16
gaist meeting,1.82,end NP,NA,NA,NA,NA,1,NA,NA,NA,NA,NA,NA,NA,16
"po<BACKSPACE1>eople <BACKSPACE7>new people to date in person pertains fot<BACKSPACE3>to this s<BACKSPACE1>issue, the issue of personal safety. <ENTER1>",1.916,end sentence,NA,NA,NA,NA,1,2,NA,NA,NA,NA,NA,NA,16
"On the other hand,",17.688,end PP,0,0,1,NA,NA,NA,NA,NA,NA,NA,NA,1,16
I do in<BACKSPACE2>understand the,14.169,mid NP,0,17,1,NA,NA,NA,1,NA,NA,NA,NA,NA,16
significant <BACKSPACE2>ce of,1.062,mid NP,NA,NA,NA,NA,1,NA,NA,NA,NA,NA,NA,NA,16
actuall<BACKSPACE1> real-life meeting with people.,6.432,end sentence,NA,NA,NA,NA,2,1,NA,NA,NA,NA,NA,NA,16
"As I mento<BACKSPACE1>ioned,",4.302,end clause,0,0,1,NA,NA,NA,NA,NA,NA,NA,NA,1,16
<BACKSPACE17>,7.124,end sentence,NA,NA,NA,NA,NA,NA,NA,NA,NA,NA,NA,NA,16
Once <BACKSPACE3>e can ima,1.286,mid word,0,0,1,NA,NA,NA,NA,1,NA,NA,NA,NA,16
"gine,",7.331,end VP,0,0,NA,NA,NA,NA,NA,NA,NA,NA,NA,NA,16
<BACKSPACE2>,3.775,end VP,NA,NA,NA,NA,NA,NA,NA,NA,NA,NA,NA,NA,16
a,1.292,mid NP,0,0,1,NA,NA,NA,1,NA,NA,NA,NA,NA,16
quite recurring scenario when you meet someone on <BACKSPACE3>in,1.103,mid PP,0,24,NA,NA,1,1,NA,NA,NA,NA,NA,NA,16
"perosn<BACKSPACE3>son,",1.15,end sentence,NA,NA,NA,NA,NA,NA,NA,NA,NA,NA,NA,NA,16
"<BACKSPACE2>n, and the",1.392,mid NP,4,0,1,NA,NA,NA,1,NA,NA,NA,NA,NA,16
image ath<BACKSPACE3>that you had conjunr<BACKSPACE2>red up beffo<BACKSPACE2>ore oi<BACKSPACE2>gets,1.275,end VP,0,36,NA,NA,NA,2,NA,NA,NA,NA,NA,NA,16
shattered.,1.533,end sentence,NA,NA,NA,NA,NA,NA,NA,NA,NA,NA,NA,NA,16
Yuo <BACKSPACE3>ou suddentl<BACKSPACE2>,1.702,mid word,0,0,1,NA,1,NA,1,1,NA,NA,NA,NA,16
ly realized <BACKSPACE2>,6.283,end VP,0,7,NA,NA,NA,NA,NA,NA,NA,NA,NA,NA,16
that the person that had lnow <BACKSPACE5>known in mo<BACKSPACE2>your mind is,2.212,end VP,NA,NA,NA,NA,NA,2,NA,NA,NA,NA,NA,NA,16
just,2.065,end NP,NA,NA,NA,NA,NA,NA,NA,NA,NA,NA,NA,NA,16
an illusoi<BACKSPACE2>,1.023,mid word,NA,NA,NA,NA,1,NA,NA,NA,NA,NA,NA,NA,16
sion<BACKSPACE4>ion.,8.328,end sentence,NA,NA,NA,NA,NA,NA,NA,NA,NA,NA,NA,NA,16
"Ht<BACKSPACE2>This <BACKSPACE4>Fron <BACKSPACE6>From t<BACKSPACE1>another perspecit<BACKSPACE2>tive,",4.379,end PP,0,0,1,NA,NA,NA,NA,NA,1,NA,NA,NA,16
this makes a case for the importance of,1.901,mid NP,0,34,1,NA,1,1,1,NA,NA,NA,NA,NA,16
meeting in real-time as well.,3.91,end sentence,NA,NA,NA,NA,NA,1,NA,NA,NA,NA,NA,NA,16
Tha is <BACKSPACE4>t is,3.747,end VP,0,0,NA,NA,NA,NA,NA,NA,NA,NA,NA,NA,16
you cannont<BACKSPACE3>ot make serious long-term decision <BACKSPACE1>s based o <BACKSPACE1>n <BACKSPACE9>without,2.121,mid PP,0,47,1,NA,NA,1,NA,NA,NA,NA,1,NA,16
meetrin<BACKSPACE3>=i<BACKSPACE2>ing people in real-life <BACKSPACE1>.,2.55,end sentence,NA,NA,NA,NA,1,1,NA,NA,NA,NA,NA,NA,16
<UP6><LEFT1><DOWN1><LEFT8> <DOWN2><UP2><RIGHT24><ENTER1>,1.877,end sentence,NA,NA,NA,NA,NA,NA,NA,NA,NA,NA,NA,NA,16
"All, <BACKSPACE2> in all,",8.141,end NP,0,0,1,NA,NA,NA,NA,NA,NA,NA,NA,1,16
"as the most important thin<BACKSPACE4>uiss<BACKSPACE4>issue,<BACKSPACE1> is <BACKSPACE3>",5.942,end NP,3,0,1,NA,NA,NA,NA,1,NA,NA,NA,NA,16
pertais <BACKSPACE2>ns <BACKSPACE3>ns to th<BACKSPACE15>,9.095,end NP,NA,NA,NA,NA,NA,NA,NA,NA,NA,NA,NA,NA,16
"is the safety pf p<BACKSPACE4>of people,",5.324,end clause,NA,NA,NA,NA,1,NA,NA,NA,NA,NA,NA,NA,16
making first contacts and having,2.87,end VP,NA,NA,NA,NA,NA,1,NA,NA,NA,NA,NA,NA,16
fisrt<BACKSPACE3>rst dates,2.664,end NP,NA,NA,NA,NA,1,NA,NA,NA,NA,NA,NA,NA,16
online <BACKSPACE2>e sees<BACKSPACE1>ms like a,1.017,mid NP,NA,NA,NA,NA,1,NA,NA,NA,NA,NA,NA,NA,16
"msart <BACKSPACE6>smart ideas<BACKSPACE1>,",2.703,end clause,NA,NA,NA,NA,1,NA,NA,NA,NA,NA,NA,NA,16
and it can lead to recued <BACKSPACE5>duced unvve<BACKSPACE3>nn<BACKSPACE1>e<BACKSPACE2>necces,1.065,mid word,NA,NA,NA,NA,1,NA,NA,NA,NA,NA,NA,NA,16
ary risj<BACKSPACE1>ks.,37.599,end sentence,NA,NA,NA,NA,NA,NA,NA,NA,NA,NA,NA,NA,16
"However, poeple should be careful when it comes to makning l<BACKSPACE6>ing long-term decisions. The <BACKSPACE4>",5.594,end sentence,0,62,1,1,1,1,1,NA,NA,NA,NA,1,16
The h<BACKSPACE1>changes o<BACKSPACE5>ces of you makning <BACKSPACE5>ign smar<BACKSPACE7>ng ma<BACKSPACE2>smart decisions after a couple of m<BACKSPACE1>e<BACKSPACE1>online meeting when t<BACKSPACE1>it come to<BACKSPACE3>sot <BACKSPACE3> to serious real,4.474,mid NP,0,85,1,NA,NA,2,1,NA,NA,NA,NA,NA,16
"<BACKSPACE30> is wu<BACKSPACE2>quitr<BACKSPACE1>e low,",1.599,end sentence,NA,NA,NA,NA,1,NA,NA,NA,NA,NA,NA,NA,16
special<BACKSPACE8>,3.644,end sentence,NA,NA,NA,NA,NA,NA,NA,NA,NA,NA,NA,NA,16
especial<BACKSPACE8>,6.402,end sentence,NA,NA,NA,NA,NA,NA,NA,NA,NA,NA,NA,NA,16
when it comes to serious relatuo<BACKSPACE2>ions,1.315,end sentence,NA,NA,NA,NA,1,NA,NA,NA,NA,NA,NA,NA,16
hips.,14.678,end sentence,NA,NA,NA,NA,NA,NA,NA,NA,NA,NA,NA,NA,16
<MOUSECLICK> to,10.038,mid NP,NA,NA,NA,NA,NA,NA,NA,NA,NA,NA,NA,NA,16
<DOWN2><RIGHT18>s,31.436,end NP,NA,NA,NA,NA,NA,NA,NA,NA,NA,NA,NA,NA,16
<MOUSECLICK><LEFT3><BACKSPACE1>,1.032,mid word,NA,NA,NA,NA,NA,NA,NA,NA,NA,NA,NA,NA,16
<DOWN1><UP1><RIGHT1>a,1.01,mid word,NA,NA,NA,NA,NA,NA,NA,NA,NA,NA,NA,NA,16
<DOWN1>,16.717,end NP,NA,NA,NA,NA,NA,NA,NA,NA,NA,NA,NA,NA,16
<DOWN3>,1.461,end NP,NA,NA,NA,NA,NA,NA,NA,NA,NA,NA,NA,NA,16
"Gemera<BACKSPACE4>nerally, <BACKSPACE3>",1.105,mid word,0,0,1,NA,NA,NA,NA,1,NA,NA,NA,NA,17
"y speaking, I think it makes",1.312,end VP,0,8,NA,1,NA,NA,NA,1,NA,NA,NA,NA,17
sense if the first couple of dates wh<BACKSPACE1>ere,4.749,end VP,NA,NA,NA,NA,NA,1,NA,NA,NA,NA,NA,NA,17
online.,9.053,end sentence,NA,NA,NA,NA,1,NA,NA,NA,NA,NA,NA,NA,17
"Especially form <BACKSPACE4>rom the perspective of women, one h<BACKSPACE1>can understan t<BACKSPACE2>d the re<BACKSPACE1>isks associated iwth <BACKSPACE5>with meeting new people",1.488,end sentence,0,63,1,1,1,2,NA,1,1,NA,NA,NA,17
.,20.031,end sentence,NA,NA,NA,NA,NA,NA,NA,NA,NA,NA,NA,NA,17
Th<BACKSPACE2>,14.592,end sentence,NA,NA,NA,NA,NA,NA,NA,NA,NA,NA,NA,NA,17
In this day and ages and with the,3.857,mid PP,0,0,1,NA,NA,NA,NA,NA,2,NA,NA,NA,17
advacnes <BACKSPACE7>,2.381,mid word,0,0,1,NA,NA,NA,NA,NA,NA,NA,NA,NA,17
"ances <BACKSPACE6>vances in wso<BACKSPACE3>social medai<BACKSPACE2>ia, it is quite easy to make connection <BACKSPACE1>s with peope <BACKSPACE2>le online. We saw the potential of such",10.642,mid NP,80,25,NA,1,1,3,1,NA,NA,NA,NA,NA,17
platforms for pri<BACKSPACE1>ovidng <BACKSPACE3>ing,1.073,end VP,NA,NA,NA,NA,NA,NA,NA,NA,NA,NA,NA,NA,17
high quaility,1.533,end NP,NA,NA,NA,NA,NA,NA,NA,NA,NA,NA,NA,NA,17
r<BACKSPACE1>,21.986,end NP,NA,NA,NA,NA,NA,NA,NA,NA,NA,NA,NA,NA,17
ff<BACKSPACE2>,15.181,end NP,NA,NA,NA,NA,NA,NA,NA,NA,NA,NA,NA,NA,17
meetings and,1.439,end NP,NA,NA,NA,NA,NA,NA,NA,NA,NA,NA,NA,NA,17
<BACKSPACE4>,1.663,end NP,NA,NA,NA,NA,NA,NA,NA,NA,NA,NA,NA,NA,17
i<BACKSPACE1>dri<BACKSPACE1>u<BACKSPACE2>uring the,1.744,mid NP,NA,NA,NA,NA,NA,NA,NA,NA,NA,NA,NA,NA,17
"Covid era <BACKSPACE1>. <BACKSPACE2>, fir<BACKSPACE2>or instance.",4.402,end sentence,NA,NA,NA,NA,2,NA,NA,NA,NA,NA,NA,NA,17
"so, <BACKSPACE4>So,",1.374,end NP,0,0,1,NA,NA,NA,NA,NA,NA,NA,NA,1,17
it is not much,2.416,end sentence,5,0,1,NA,NA,NA,NA,NA,NA,NA,1,NA,17
of a drag to,1.566,mid VP,0,2,NA,NA,NA,NA,NA,NA,NA,NA,NA,NA,17
have your first q<BACKSPACE1>couple of dats<BACKSPACE1>es,1.055,end NP,NA,NA,NA,NA,1,NA,NA,NA,NA,NA,NA,NA,17
using,1.392,end VP,NA,NA,NA,NA,NA,NA,NA,NA,NA,NA,NA,NA,17
such,1.297,mid NP,NA,NA,NA,NA,NA,NA,NA,NA,NA,NA,NA,NA,17
online platform <BACKSPACE1>s to,7.085,mid VP,NA,NA,NA,NA,1,NA,NA,NA,NA,NA,NA,NA,17
<BACKSPACE3>fro <BACKSPACE3>or,1.264,mid PP,NA,NA,NA,NA,1,NA,NA,NA,NA,NA,NA,NA,17
your first coi<BACKSPACE1>ule <BACKSPACE3>ple of dates.,3.455,end sentence,NA,NA,NA,NA,NA,NA,NA,NA,NA,NA,NA,NA,17
"Also <BACKSPACE1>,",2.333,end NP,0,0,1,NA,NA,NA,NA,NA,NA,NA,NA,1,17
this maes <BACKSPACE3>kes much sense,3.262,end sentence,4,0,1,NA,NA,NA,NA,NA,NA,NA,1,NA,17
in ters<BACKSPACE1>ms off <BACKSPACE2> the amount of money,1.054,end sentence,NA,NA,NA,NA,1,NA,NA,NA,NA,NA,NA,NA,17
you,1.056,end NP,NA,NA,NA,NA,1,NA,NA,NA,NA,NA,NA,NA,17
would want to sep<BACKSPACE2>pend in<BACKSPACE2>oa<BACKSPACE1>n a a<BACKSPACE1>date.,28.444,end sentence,NA,NA,NA,NA,1,NA,NA,NA,NA,NA,NA,NA,17
The main,1.135,mid NP,NA,NA,NA,NA,NA,NA,NA,NA,NA,NA,NA,NA,17
b<BACKSPACE1>sd<BACKSPACE1>f<BACKSPACE2>,5.839,mid NP,NA,NA,NA,NA,NA,NA,NA,NA,NA,NA,NA,NA,17
<BACKSPACE9>,10.528,end sentence,NA,NA,NA,NA,NA,NA,NA,NA,NA,NA,NA,NA,17
The worst possible,1.009,mid NP,0,0,1,NA,NA,NA,1,NA,NA,NA,NA,NA,17
outcome of <BACKSPACE1>a bad,1.279,mid NP,0,0,NA,NA,NA,NA,NA,NA,NA,NA,NA,NA,17
onoin<BACKSPACE3>line datte wo<BACKSPACE4>e<BACKSPACE2>e would the,1.374,mid NP,0,10,NA,NA,NA,NA,NA,NA,NA,NA,NA,NA,17
<BACKSPACE4>th,1.211,mid word,NA,NA,NA,NA,NA,NA,NA,NA,NA,NA,NA,NA,17
e wasting to<BACKSPACE2>of the<BACKSPACE3>your time that coulb ha<BACKSPACE4>d have been dedua<BACKSPACE2>idated<BACKSPACE5>cated to other,2.125,mid NP,NA,NA,NA,NA,NA,1,NA,NA,NA,NA,NA,NA,17
a<BACKSPACE1>thjon<BACKSPACE3>in. <BACKSPACE2>gs.,2.19,end sentence,NA,NA,NA,NA,NA,NA,NA,NA,NA,NA,NA,NA,17
"However,",6.143,end NP,0,0,1,NA,NA,NA,NA,NA,NA,NA,NA,1,17
"in the <BACKSPACE4>a real-life date,",4.944,end PP,0,0,1,NA,NA,NA,NA,NA,1,NA,NA,NA,17
the p,1.855,mid word,NA,NA,NA,NA,NA,NA,NA,NA,NA,NA,NA,NA,17
<BACKSPACE2>,1.311,mid NP,NA,NA,NA,NA,NA,NA,NA,NA,NA,NA,NA,NA,17
re is a,1.63,mid NP,NA,NA,NA,NA,NA,NA,NA,NA,NA,NA,NA,NA,17
"great ponte<BACKSPACE3>tent<BACKSPACE23>of th<BACKSPACE5>if the date doese,<BACKSPACE1>m<BACKSPACE1>nn<BACKSPACE1>;t <BACKSPACE3>'t go as planned <BACKSPACE1>, you also have the risl <BACKSPACE2>k of",1.695,mid NP,NA,NA,NA,NA,1,NA,NA,NA,NA,NA,NA,NA,17
losing,1.149,end NP,NA,NA,NA,NA,NA,NA,NA,NA,NA,NA,NA,NA,17
"you r <BACKSPACE2>r<BACKSPACE2>r p<BACKSPACE1>money, in addition to your time.",66.4,end sentence,NA,NA,NA,NA,1,NA,NA,NA,NA,NA,NA,NA,17
Thi <BACKSPACE1>s,1.005,end NP,0,0,1,NA,NA,NA,1,NA,NA,NA,NA,NA,17
is,1.166,end VP,NA,NA,NA,NA,NA,NA,NA,NA,NA,NA,NA,NA,17
only a,4.735,mid NP,NA,NA,NA,NA,1,NA,NA,NA,NA,NA,NA,NA,17
<BACKSPACE5>,1.183,mid word,NA,NA,NA,NA,NA,NA,NA,NA,NA,NA,NA,NA,17
n<BACKSPACE1>ly minor problem compated<BACKSPACE3>red ot the <BACKSPACE7>to the,1.087,mid NP,NA,NA,NA,NA,NA,NA,NA,NA,NA,NA,NA,NA,17
other makpor<BACKSPACE4>jor issues that could,1.312,mid VP,NA,NA,NA,NA,1,NA,NA,NA,NA,NA,NA,NA,17
potna<BACKSPACE2>entially afffect t<BACKSPACE6>ect the,4.048,mid NP,NA,NA,NA,NA,1,NA,NA,NA,NA,NA,NA,NA,17
outcome of the,1.468,mid NP,NA,NA,NA,NA,NA,NA,NA,NA,NA,NA,NA,NA,17
online <BACKSPACE7>real*<BACKSPACE1>-life date and lead to,1.471,end VP,NA,NA,NA,NA,1,NA,NA,NA,NA,NA,NA,NA,17
a negative experice<BACKSPACE2>nce.,1.119,end sentence,NA,NA,NA,NA,1,NA,NA,NA,NA,NA,NA,NA,17
<SPACE>,25.904,end sentence,NA,NA,NA,NA,NA,NA,NA,NA,NA,NA,NA,NA,17
<UP11><DOWN2><LEFT24>,1.055,end sentence,NA,NA,NA,NA,NA,NA,NA,NA,NA,NA,NA,NA,17
<SPACE>,3.506,end sentence,NA,NA,NA,NA,NA,NA,NA,NA,NA,NA,NA,NA,17
I thinb,1.405,end VP,0,0,NA,NA,NA,NA,NA,1,NA,NA,NA,NA,17
<BACKSPACE1>k <BACKSPACE1> broadl <BACKSPACE1>y <BACKSPACE8>very broadly,1.568,end NP,0,0,1,NA,NA,NA,NA,1,NA,NA,NA,NA,17
"<BACKSPACE1>,",1.392,end NP,NA,NA,NA,NA,NA,NA,NA,NA,NA,NA,NA,NA,17
it would be wise for the,1.456,mid NP,NA,NA,NA,NA,NA,NA,NA,NA,NA,NA,NA,NA,17
first couple of <LEFT32>actia<BACKSPACE2>ually <RIGHT32>dates to be onle<BACKSPACE1>ine.,20.865,end sentence,NA,NA,NA,NA,1,NA,NA,NA,NA,NA,NA,NA,17
<DOWN9><RIGHT7>,1.439,end sentence,NA,NA,NA,NA,NA,NA,NA,NA,NA,NA,NA,NA,17
<ENTER1>,1.695,end sentence,NA,NA,NA,NA,NA,NA,NA,NA,NA,NA,NA,NA,17
Another issue that one mihgt <BACKSPACE4>ght take into considet<BACKSPACE1>ration would be he <BACKSPACE3>,9.615,end VP,0,8,1,NA,NA,1,1,NA,NA,NA,NA,NA,17
the goal of the indii<BACKSPACE1>vidual for the date.,25.104,end sentence,NA,NA,NA,NA,2,NA,NA,NA,NA,NA,NA,NA,17
"Spei<BACKSPACE1>cifically speaking, if the",1.79,mid NP,0,0,2,NA,NA,NA,1,1,NA,NA,NA,NA,17
aim of the date for<BACKSPACE3>is to look for you r<BACKSPACE2>r long*ye<BACKSPACE3>-term partnern<BACKSPACE4>ner <BACKSPACE1>,4.208,end clause,0,37,NA,NA,1,NA,NA,NA,NA,NA,NA,NA,17
",",9.455,end clause,NA,NA,NA,NA,NA,NA,NA,NA,NA,NA,NA,NA,17
one van<BACKSPACE3>cna <BACKSPACE3>an,1.68,mid VP,NA,NA,NA,NA,NA,NA,NA,NA,NA,NA,NA,NA,17
have a,3.967,mid NP,NA,NA,NA,NA,NA,NA,NA,NA,NA,NA,NA,NA,17
<BACKSPACE1>,1.472,mid NP,NA,NA,NA,NA,NA,NA,NA,NA,NA,NA,NA,NA,17
general u<BACKSPACE1>,1.023,mid NP,NA,NA,NA,NA,NA,NA,NA,NA,NA,NA,NA,NA,17
underdan<BACKSPACE8>,14.207,mid NP,NA,NA,NA,NA,NA,NA,NA,NA,NA,NA,NA,NA,17
understanding of the person,2.706,end sentence,NA,NA,NA,NA,1,NA,NA,NA,NA,NA,NA,NA,17
in online d<BACKSPACE2> datea<BACKSPACE1>s.,3.358,end sentence,NA,NA,NA,NA,NA,NA,NA,NA,NA,NA,NA,NA,17
"However,",1.536,end NP,0,0,1,NA,NA,NA,NA,NA,NA,NA,NA,1,17
it owu<BACKSPACE3>would ver<BACKSPACE3>certainly be unwise,3.023,end sentence,9,0,1,NA,NA,NA,NA,1,NA,NA,NA,NA,17
to be,1.31,mid VP,NA,NA,NA,NA,NA,NA,NA,NA,NA,NA,NA,NA,17
"limited ot <BACKSPACE3>to ths<BACKSPACE1>ose online dates,",1.649,end sentence,NA,NA,NA,NA,1,NA,NA,NA,NA,NA,NA,NA,17
<BACKSPACE2>.,86.768,end sentence,NA,NA,NA,NA,NA,NA,NA,NA,NA,NA,NA,NA,17
"On the other hand,",3.743,end PP,0,0,1,NA,NA,NA,NA,NA,NA,NA,NA,1,17
you have <BACKSPACE4>c<BACKSPACE2>can esa<BACKSPACE2>asily imagine a,1.804,mid NP,0,24,1,NA,1,1,1,NA,NA,NA,NA,NA,17
scenario whenre <BACKSPACE4>re,1.409,end NP,NA,NA,NA,NA,NA,NA,NA,NA,NA,NA,NA,NA,17
woul <BACKSPACE5>you,1.794,end NP,NA,NA,NA,NA,NA,NA,NA,NA,NA,NA,NA,NA,17
would be,1.759,end VP,NA,NA,NA,NA,1,NA,NA,NA,NA,NA,NA,NA,17
looking for the <BACKSPACE4>a shor,1.119,mid word,NA,NA,NA,NA,1,NA,NA,NA,NA,NA,NA,NA,17
"t-terms <BACKSPACE2> relato<BACKSPACE1>ionship with someone, <BACKSPACE2> (a",1.009,mid NP,NA,NA,NA,NA,NA,1,NA,NA,NA,NA,NA,NA,17
"<BACKSPACE1>nd bee<BACKSPACE1>ing quite opne<BACKSPACE1>e<BACKSPACE2>en about it),",4.815,end sentence,NA,NA,NA,NA,1,1,NA,NA,NA,NA,NA,NA,17
and,3.376,end NP,NA,NA,NA,NA,NA,NA,NA,NA,NA,NA,NA,NA,17
a couple of online dates,1.533,end NP,NA,NA,NA,NA,1,NA,NA,NA,NA,NA,NA,NA,17
being,1.151,end VP,NA,NA,NA,NA,NA,NA,NA,NA,NA,NA,NA,NA,17
f<BACKSPACE1>suffie<BACKSPACE1>co<BACKSPACE1>e<BACKSPACE1>ient for t<BACKSPACE1>such,2.399,mid NP,NA,NA,NA,NA,NA,NA,NA,NA,NA,NA,NA,NA,17
rel<BACKSPACE1>lationships.,4.336,end sentence,NA,NA,NA,NA,1,NA,NA,NA,NA,NA,NA,NA,17
The,1.36,mid NP,NA,NA,NA,NA,NA,NA,NA,NA,NA,NA,NA,NA,17
important <BACKSPACE14>,56.287,end sentence,NA,NA,NA,NA,NA,NA,NA,NA,NA,NA,NA,NA,17
Inters,1.775,mid word,0,0,1,NA,NA,NA,NA,1,NA,NA,NA,NA,17
"<BACKSPACE1>estingly, on both",1.712,mid PP,0,0,1,NA,NA,NA,NA,NA,1,NA,NA,NA,17
occasions having fo<BACKSPACE2>your first couple of dates online make <BACKSPACE1>s,2.736,end VP,NA,NA,NA,NA,NA,1,NA,NA,NA,NA,NA,NA,17
much sense.,14.241,end sentence,NA,NA,NA,NA,1,NA,NA,NA,NA,NA,NA,NA,17
<UP18><RIGHT12>,32.512,end sentence,NA,NA,NA,NA,NA,NA,NA,NA,NA,NA,NA,NA,17
<DOWN5><LEFT58><RIGHT31><LEFT3>,3.008,end sentence,NA,NA,NA,NA,NA,NA,NA,NA,NA,NA,NA,NA,17
<DOWN2><RIGHT1><UP1><RIGHT14><LEFT2><RIGHT3>,5.312,end sentence,NA,NA,NA,NA,NA,NA,NA,NA,NA,NA,NA,NA,17
<RIGHT2><ENTER1><LEFT4><RIGHT1>,9.871,end sentence,NA,NA,NA,NA,NA,NA,NA,NA,NA,NA,NA,NA,17
and making the best of these,1.055,mid NP,NA,NA,NA,NA,1,NA,NA,NA,NA,NA,NA,NA,17
technologies,37.627,end sentence,NA,NA,NA,NA,NA,NA,NA,NA,NA,NA,NA,NA,17
<RIGHT2>,24.047,end sentence,NA,NA,NA,NA,NA,NA,NA,NA,NA,NA,NA,NA,17
<DOWN5><UP1><RIGHT14><HIGHLIGHT 1032:1031><HIGHLIGHT 1033:1031><HIGHLIGHT 1034:1031><HIGHLIGHT 1035:1031><HIGHLIGHT 1036:1031><HIGHLIGHT 1037:1031><HIGHLIGHT 1038:1031><HIGHLIGHT 1039:1031><HIGHLIGHT 1040:1031><HIGHLIGHT 1041:1031><RIGHT10><REPLACED>a significant amount f<BACKSPACE1>of money,3.839,end NP,NA,NA,NA,NA,1,NA,NA,NA,NA,NA,NA,NA,17
<DOWN1>,1.392,end sentence,NA,NA,NA,NA,NA,NA,NA,NA,NA,NA,NA,NA,17
<DOWN1>,10.69,end sentence,NA,NA,NA,NA,NA,NA,NA,NA,NA,NA,NA,NA,17
<LEFT46><UP1><LEFT11>,6.396,NA,NA,NA,NA,NA,NA,NA,NA,NA,NA,NA,NA,NA,17
While ot <BACKSPACE3>it is obvou<BACKSPACE2>ious that,1.119,end NP,6,4,NA,1,NA,NA,NA,1,NA,NA,NA,NA,17
t<BACKSPACE1>,11.47,end NP,NA,NA,NA,NA,NA,NA,NA,NA,NA,NA,NA,NA,17
you would be able to,1.967,mid NP,NA,NA,NA,NA,1,NA,NA,NA,NA,NA,NA,NA,17
have a,1.121,mid NP,NA,NA,NA,NA,NA,NA,NA,NA,NA,NA,NA,NA,17
"<BACKSPACE7>for m<BACKSPACE2>m a deeper connectuo<BACKSPACE2>ion in a real-life date, <RIGHT1><HIGHLIGHT 92:93><REPLACED>h<DOWN2><UP1><DOWN1>",3.31,end NP,NA,NA,NA,NA,1,1,NA,NA,NA,NA,NA,NA,17
<LEFT3> in real-life,2.895,end sentence,NA,NA,NA,NA,NA,NA,NA,NA,NA,NA,NA,NA,17
for the first time,42.367,end sentence,NA,NA,NA,NA,1,NA,NA,NA,NA,NA,NA,NA,17
<DOWN2><UP1><RIGHT10><BACKSPACE1>,79.744,end PP,NA,NA,NA,NA,NA,NA,NA,NA,NA,NA,NA,NA,17
<HIGHLIGHT 683:673><HIGHLIGHT 684:673><HIGHLIGHT 685:673><HIGHLIGHT 686:673><HIGHLIGHT 687:673><HIGHLIGHT 688:673><HIGHLIGHT 689:673><HIGHLIGHT 690:673><HIGHLIGHT 691:673><RIGHT9><HIGHLIGHT 692:673><RIGHT1><HIGHLIGHT 693:673><RIGHT1><HIGHLIGHT 694:673><RIGHT1>,2.079,end NP,NA,NA,NA,NA,NA,NA,NA,NA,NA,NA,NA,NA,17
<REPLACED>would not ti<BACKSPACE2>be too problematic,5.807,end NP,NA,NA,NA,NA,1,NA,NA,NA,NA,NA,NA,NA,17
<RIGHT67><LEFT3><HIGHLIGHT 766:765><HIGHLIGHT 767:765><HIGHLIGHT 768:765><HIGHLIGHT 769:765><HIGHLIGHT 770:765><HIGHLIGHT 771:765><HIGHLIGHT 772:765><HIGHLIGHT 773:765><HIGHLIGHT 774:765><HIGHLIGHT 775:765><HIGHLIGHT 776:765><RIGHT11><HIGHLIGHT 777:765><HIGHLIGHT 778:765><HIGHLIGHT 779:765><HIGHLIGHT 780:765><HIGHLIGHT 781:765><HIGHLIGHT 782:765><HIGHLIGHT 783:765><HIGHLIGHT 784:765><HIGHLIGHT 785:765><HIGHLIGHT 786:765><HIGHLIGHT 787:765><HIGHLIGHT 788:765><HIGHLIGHT 789:765><HIGHLIGHT 790:765><HIGHLIGHT 791:765><HIGHLIGHT 792:765><HIGHLIGHT 793:765><HIGHLIGHT 794:765><HIGHLIGHT 795:765><RIGHT19><HIGHLIGHT 796:765><RIGHT1><BACKSPACE1>,1.424,end PP,NA,NA,NA,NA,NA,NA,NA,NA,NA,NA,NA,NA,17
<UP1><DOWN1>,46.577,end sentence,NA,NA,NA,NA,NA,NA,NA,NA,NA,NA,NA,NA,17
Although many in our generation may argu<BACKSPACE1>ie<BACKSPACE2>ue for the,1.25,mid PP,8,17,NA,1,1,NA,1,NA,NA,NA,NA,NA,18
pros of,3.581,mid PP,NA,NA,NA,NA,NA,NA,NA,NA,NA,NA,NA,NA,18
"online l<BACKSPACE1>daytin<BACKSPACE4>ting, there ar<BACKSPACE1>",1.007,mid NP,NA,NA,NA,NA,NA,NA,NA,NA,NA,NA,NA,NA,18
re many \9<BACKSPACE2>(myself in <BACKSPACE1>cluded\\<BACKSPACE1>) <BACKSPACE3>) that feel the online presence takes away from the opportunity to,1.15,mid VP,2,82,NA,1,1,2,NA,NA,NA,NA,1,NA,18
truly connect with,1.278,end VP,NA,NA,NA,NA,NA,NA,NA,NA,NA,NA,NA,NA,18
the person you are meeting.,14.735,end sentence,NA,NA,NA,NA,1,NA,NA,NA,NA,NA,NA,NA,18
This belief stems from a variert<BACKSPACE2>ty of,3.297,mid NP,0,23,1,NA,1,NA,1,NA,NA,NA,NA,NA,18
"reasons, the main points being that",4.255,end NP,NA,NA,NA,NA,NA,NA,NA,NA,NA,NA,NA,NA,18
<BACKSPACE1>: the presence of a sc<BACKSPACE50>.,1.023,end sentence,NA,NA,NA,NA,NA,NA,NA,NA,NA,NA,NA,NA,18
Personaiu<BACKSPACE2>lity<BACKSPACE1>ies are not als<BACKSPACE1>ways,1.311,mid NP,0,14,1,NA,NA,NA,1,NA,NA,NA,NA,NA,18
accuir<BACKSPACE2>rately represented online,2.848,end sentence,NA,NA,NA,NA,1,NA,NA,NA,NA,NA,NA,NA,18
<UP1><RIGHT53>and physiuca<BACKSPACE4>ca<BACKSPACE2>ical appear <BACKSPACE1>ance <RIGHT44>,1.009,mid NP,NA,NA,1,NA,NA,NA,NA,NA,NA,NA,NA,NA,18
.,1.186,end sentence,NA,NA,NA,NA,NA,NA,NA,NA,NA,NA,NA,NA,18
Addti,1.39,mid word,0,0,NA,NA,NA,NA,1,NA,NA,NA,NA,1,18
"<BACKSPACE2>u<BACKSPACE1>itionally,",27.406,end NP,0,0,NA,NA,NA,NA,NA,NA,NA,NA,NA,NA,18
online,1.727,mid NP,0,0,1,NA,NA,NA,1,NA,NA,NA,NA,NA,18
interactions resctrict <BACKSPACE8>strict the,2.464,mid NP,0,12,NA,NA,1,NA,NA,NA,NA,NA,NA,NA,18
types of activites you can particui<BACKSPACE2>ipate in,1.951,end VP,NA,NA,NA,NA,NA,NA,NA,NA,NA,NA,NA,NA,18
"with your partener. <BACKSPACE7>tner. Finall,y<BACKSPACE2>y,",9.392,end NP,19,0,NA,NA,NA,1,NA,NA,NA,NA,NA,1,18
<UP4><RIGHT18><BACKSPACE4>others,3.184,mid NP,NA,NA,1,NA,NA,NA,NA,NA,NA,NA,NA,NA,18
<DOWN3><LEFT6>,2.872,end NP,NA,NA,NA,NA,NA,NA,NA,NA,NA,NA,NA,NA,18
<DOWN1>,10.255,end NP,NA,NA,NA,NA,NA,NA,NA,NA,NA,NA,NA,NA,18
there are a,1.086,mid NP,10,0,1,NA,NA,NA,NA,NA,NA,NA,1,NA,18
few of the five love <BACKSPACE5>standard love lagn<BACKSPACE2>ngayu<BACKSPACE3>uages that cannot be completed wi<BACKSPACE12>fully completed without,5.023,mid PP,0,38,NA,NA,NA,1,NA,NA,NA,NA,NA,NA,18
physically being present.<ENTER2>,9.747,end sentence,NA,NA,NA,NA,1,NA,NA,NA,NA,NA,NA,NA,18
Talk to anyone who has experience meeting a Tinder date and they will tell you quite readily of their \'ca<BACKSPACE4>,1.342,mid NP,0,36,1,1,1,4,1,NA,NA,NA,NA,NA,18
:<BACKSPACE1>@c<BACKSPACE2>,1.311,mid NP,NA,NA,NA,NA,NA,NA,NA,NA,NA,NA,NA,NA,18
<SPACE>,6.271,mid NP,NA,NA,NA,NA,NA,NA,NA,NA,NA,NA,NA,NA,18
catfish horror story.,7.535,end sentence,NA,NA,NA,NA,NA,NA,NA,NA,NA,NA,NA,NA,18
Cats<BACKSPACE1>f<BACKSPACE4>\<BACKSPACE1>Cas<BACKSPACE1>tis<BACKSPACE2>fish here refers to the,5.134,mid NP,0,18,1,NA,NA,NA,1,NA,NA,NA,NA,NA,18
<BACKSPACE4>someone who,1.229,mid NP,NA,NA,NA,NA,1,NA,NA,NA,NA,NA,NA,NA,18
"has altered their photos, or purposefulll<BACKSPACE1>y posed them in some way that does not accurae<BACKSPACE1>teyl<BACKSPACE2>ly depcit<BACKSPACE3>ict their physiuca<BACKSPACE5>sical appearance. Thie<BACKSPACE1>s <BACKSPACE5>This can be d<BACKSPACE1>negative for may <BACKSPACE2>ny reasons. Maybe you are not acrt<BACKSPACE2>tually attracted to how this person looks, or maybe",1.343,end NP,124,0,NA,2,NA,7,NA,1,NA,NA,NA,NA,18
"starting off the relationship with what is l<BACKSPACE1>blatantly a lie sets <BACKSPACE5>run<BACKSPACE1>ins the foundation that you would have built ipon<BACKSPACE4>upon. On top of that, may<BACKSPACE1>ny",7.488,end NP,0,0,2,1,NA,3,2,NA,1,NA,NA,NA,18
<BACKSPACE5>,1.2,end NP,NA,NA,NA,NA,NA,NA,NA,NA,NA,NA,NA,NA,18
we represented <BACKSPACE3> ourselves differently online as well <BACKSPACE1>. Someone who is more conc<BACKSPACE1>e<BACKSPACE1>servative in nature may set their political preference to,2.111,mid PP,0,37,1,NA,NA,3,2,NA,NA,NA,NA,NA,18
moderati<BACKSPACE1>e,5.472,end sentence,NA,NA,NA,1,1,2,NA,NA,NA,NA,NA,NA,18
<BACKSPACE1>,1.167,end sentence,NA,NA,NA,NA,NA,NA,NA,NA,NA,NA,NA,NA,18
in hipes o<BACKSPACE6>opes of attractin<BACKSPACE1>ng a larfe<BACKSPACE2>ger array of dates,2.207,end sentence,NA,NA,NA,NA,2,NA,NA,NA,NA,NA,NA,NA,18
.,4.991,end sentence,NA,NA,NA,NA,NA,NA,NA,NA,NA,NA,NA,NA,18
"During i<BACKSPACE1>an in-person date, there are",1.198,end VP,0,9,1,NA,NA,NA,NA,NA,NA,1,NA,NA,18
many<BACKSPACE4>,1.584,end VP,NA,NA,NA,NA,NA,NA,NA,NA,NA,NA,NA,NA,18
opportunities to see how they tr<BACKSPACE2>interact with the people and world around that<BACKSPACE2>em that may,1.598,mid VP,0,71,1,NA,NA,4,NA,NA,NA,NA,1,NA,18
reveal the truth of their personalit<BACKSPACE1>ty.,7.537,end sentence,NA,NA,NA,NA,1,1,NA,NA,NA,NA,NA,NA,18
Online l<BACKSPACE1>daying<BACKSPACE13>,4.112,end sentence,NA,NA,NA,NA,NA,NA,NA,NA,NA,NA,NA,NA,18
Someone who is,1.903,end VP,0,0,1,NA,NA,NA,NA,NA,NA,1,NA,NA,18
quiet and reserved online may be,1.647,end VP,0,6,NA,NA,2,1,NA,NA,NA,NA,NA,NA,18
vibrant aj<BACKSPACE1>nd social in-person \9or<BACKSPACE4>(or vice versa\0<BACKSPACE2>).,3.519,end sentence,NA,NA,NA,NA,1,1,NA,NA,NA,NA,NA,NA,18
To get a trie <BACKSPACE3>ue,5.695,mid NP,0,0,1,NA,NA,NA,NA,NA,NA,1,NA,NA,18
read on,1.231,mid PP,0,0,NA,NA,NA,NA,NA,NA,NA,NA,NA,NA,18
"som<BACKSPACE3>who someone is,",1.536,end clause,0,3,NA,NA,NA,2,NA,NA,NA,NA,NA,NA,18
it is necessary to sl<BACKSPACE2>,1.424,mid NP,5,2,NA,1,NA,1,NA,NA,NA,NA,1,NA,18
look themn <BACKSPACE2> in the eye and,7.087,end NP,NA,NA,NA,NA,NA,NA,NA,NA,NA,NA,NA,NA,18
observe how they,1.262,end NP,NA,NA,1,NA,NA,NA,NA,NA,NA,NA,NA,NA,18
go through their <BACKSPACE17>represent themselves in different environments.,1.247,end sentence,NA,NA,NA,NA,1,1,NA,NA,NA,NA,NA,NA,18
<ENTER2>,6.065,end sentence,NA,NA,NA,NA,NA,NA,NA,NA,NA,NA,NA,NA,18
Online day<BACKSPACE1>ting ah<BACKSPACE2>a<BACKSPACE1>has come far in the scope nad <BACKSPACE4>and types of activie<BACKSPACE1>ties you can,2.431,mid VP,0,57,1,NA,NA,4,1,NA,NA,NA,NA,NA,18
partk<BACKSPACE1>ake in\; <BACKSPACE4>,1.536,mid word,NA,NA,NA,NA,NA,NA,NA,NA,NA,NA,NA,NA,18
"n: videochats,",4.669,end NP,NA,NA,NA,NA,1,NA,NA,NA,NA,NA,NA,NA,18
"screensharing a Netflix film together,",3.055,end NP,NA,NA,NA,NA,2,NA,NA,NA,NA,NA,NA,NA,18
"vi<BACKSPACE2>gamin<BACKSPACE2>ing,",1.792,end NP,NA,NA,NA,NA,1,NA,NA,NA,NA,NA,NA,NA,18
"etc. are all very popuklar<BACKSPACE4>lar options. ThIS <BACKSPACE3>is is great, but compared to the breadth of opportunities avia<BACKSPACE2>ailable",1.631,end clause,42,54,1,1,NA,2,NA,NA,NA,NA,1,NA,18
"for in-person dates, it doesn't hold a d<BACKSPACE1>candel. <BACKSPACE4>le.",8.802,end sentence,NA,NA,NA,1,2,NA,NA,NA,NA,NA,NA,NA,18
If your passion is,5.711,end VP,3,3,NA,1,NA,NA,1,NA,NA,NA,NA,NA,18
"hiking<BACKSPACE6>the outdoors or trying ne w<BACKSPACE2>w foods or experiences,",1.375,end clause,NA,NA,NA,NA,1,1,NA,NA,NA,NA,NA,NA,18
these things are,1.359,end VP,0,3,1,NA,NA,NA,1,NA,NA,NA,NA,NA,18
diffc<BACKSPACE2>,1.135,mid word,NA,NA,NA,NA,1,NA,NA,NA,NA,NA,NA,NA,18
ficult \9<BACKSPACE2>(if not impossible\<BACKSPACE1>) to do with a,1.759,mid NP,NA,NA,NA,NA,NA,1,NA,NA,NA,NA,NA,NA,18
<BACKSPACE3> someone on the otherside of a screen.,19.825,end sentence,NA,NA,NA,NA,2,NA,NA,NA,NA,NA,NA,NA,18
"If you real<BACKSPACE4>only realize f<BACKSPACE1>after 3-4 dates that your partner hates hiking \9<BACKSPACE2>(which you love), thta <BACKSPACE3>at could be seen as a big wais<BACKSPACE2>ste of time and energy put into someone that you don't di<BACKSPACE2>find yourself compatible with.<ENTER2>Finally,",2.223,end NP,2,0,NA,1,NA,8,1,NA,NA,NA,NA,NA,18
<BACKSPACE9>,5.008,end sentence,NA,NA,NA,NA,NA,NA,NA,NA,NA,NA,NA,NA,18
Our,1.134,mid NP,NA,NA,NA,NA,NA,NA,NA,NA,NA,NA,NA,NA,18
<BACKSPACE5><ENTER1>,1.937,end sentence,NA,NA,NA,NA,NA,NA,NA,NA,NA,NA,NA,NA,18
The most common love languages \9accor<BACKSPACE8> (according to that,1.727,mid PP,0,18,1,NA,1,NA,1,NA,NA,NA,NA,NA,18
one online test that everyone takes - you know the one) are,1.376,end VP,NA,NA,NA,NA,NA,1,NA,NA,NA,NA,NA,NA,18
"o<BACKSPACE2>: words of affirmation, physical touch,",1.423,end sentence,NA,NA,NA,NA,1,NA,NA,NA,NA,NA,NA,NA,18
"gift-giving, acts of service an<BACKSPACE3>, and quality time.",5.519,end sentence,NA,NA,NA,NA,2,NA,NA,NA,NA,NA,NA,NA,18
Words of affirmation and quality times len<BACKSPACE5> lends <BACKSPACE3> the<BACKSPACE4>d them se<BACKSPACE3>selves quite easilt <BACKSPACE2>y,9.487,end NP,0,28,1,1,NA,NA,NA,NA,NA,NA,NA,NA,18
"to online dating. THe other<BACKSPACE8>he other three, wh<BACKSPACE2>however, are not as easilt do<BACKSPACE4>y fo<BACKSPACE3>d<BACKSPACE1> done.",1.439,end sentence,17,23,NA,1,1,1,NA,NA,NA,NA,NA,NA,18
"PhYSICA<BACKSPACE5>Y<BACKSPACE1>ysia<BACKSPACE2>ical touch is impossible via a screem,<BACKSPACE2>n,. <BACKSPACE2> and many would argue that",1.184,end NP,0,0,2,NA,NA,2,1,1,NA,NA,NA,NA,18
"without a physci<BACKSPACE7>n immediately<BACKSPACE2> physicall <BACKSPACE2> o<BACKSPACE1>connection, the da",1.503,mid word,NA,NA,1,NA,1,NA,NA,NA,NA,NA,NA,NA,18
te,1.408,end NP,NA,NA,NA,NA,NA,NA,NA,NA,NA,NA,NA,NA,18
is a bust.,21.247,end sentence,NA,NA,NA,NA,1,NA,NA,NA,NA,NA,NA,NA,18
"<MOUSECLICK>,",1.479,end VP,NA,NA,NA,NA,NA,NA,NA,NA,NA,NA,NA,NA,18
<MOUSECLICK>,18.665,end sentence,NA,NA,NA,NA,NA,NA,NA,NA,NA,NA,NA,NA,18
Gift-giving like o<BACKSPACE1>brini<BACKSPACE1>ging flowers or paying for the p<BACKSPACE1>meal,1.183,end NP,0,0,1,NA,1,1,1,NA,NA,NA,NA,NA,18
are common,2.765,end sentence,NA,NA,NA,NA,NA,NA,NA,NA,NA,NA,NA,NA,18
<BACKSPACE1>ly seen as,1.869,mid PP,NA,NA,NA,NA,NA,NA,NA,NA,NA,NA,NA,NA,18
<BACKSPACE3>throughout first dayes <BACKSPACE4>tes world w<BACKSPACE2>wiode<BACKSPACE3>de. Acts of service like holding hop<BACKSPACE3>open the door o r<BACKSPACE2>r pulling out your partner's sha<BACKSPACE3>ca<BACKSPACE1>hair are also to be expected.,5.471,end sentence,32,87,NA,1,2,3,1,NA,NA,NA,NA,NA,18
"By choosing to complete your first few dates online, you are robbing your parte<BACKSPACE1>ner of the opportunity to complete these",1.743,mid NP,0,65,NA,2,NA,3,NA,NA,NA,1,NA,NA,18
<BACKSPACE15>speak to these love langyages<BACKSPACE5>uages and ingratiate<BACKSPACE5>,5.809,end NP,NA,NA,NA,NA,NA,1,NA,NA,NA,NA,NA,NA,18
offer you a,1.087,mid NP,NA,NA,NA,NA,NA,NA,NA,NA,NA,NA,NA,NA,18
glimpse of wha<BACKSPACE1>y it would be worth,1.184,mid NP,NA,NA,NA,NA,2,1,NA,NA,NA,NA,NA,NA,18
"going on future dates with the, <BACKSPACE2>m.#<BACKSPACE1><ENTER2>overa<BACKSPACE5>Overall, the meti<BACKSPACE2>rits of",7.183,mid NP,32,0,1,1,NA,2,1,NA,NA,NA,NA,1,18
online dating ac<BACKSPACE2>cannot be ignored,1.311,end sentence,0,17,1,NA,1,NA,NA,NA,NA,NA,NA,NA,18
"<BACKSPACE1>. <BACKSPACE2>,<BACKSPACE1>. e<BACKSPACE1>Eesp<BACKSPACE3>specially with the wolrd <BACKSPACE4>rld recovering from",1.022,mid PP,0,0,1,1,1,NA,NA,1,NA,1,NA,NA,18
COVID-19 and the,1.327,mid NP,0,7,NA,NA,1,NA,NA,NA,NA,NA,NA,NA,18
very real possibility of similar events occuring a,1.151,mid NP,NA,NA,NA,NA,NA,NA,NA,NA,NA,NA,NA,NA,18
gain throughouta <BACKSPACE2> our la<BACKSPACE1>ifetimes.,2.157,end sentence,NA,NA,NA,NA,1,NA,NA,NA,NA,NA,NA,NA,18
<BACKSPACE3>.,1.423,end sentence,NA,NA,NA,NA,NA,NA,NA,NA,NA,NA,NA,NA,18
"On te <BACKSPACE2>he other <BACKSPACE1>hand, whenever possible it should <BACKSPACE7>is and will remain to be the prefen<BACKSPACE1>rnece<BACKSPACE4>ence of most to complete a first <BACKSPACE8>the first intial <BACKSPACE5>itial dates in-person in order to offera<BACKSPACE1> a",2.576,mid NP,0,116,1,1,1,3,NA,NA,NA,1,NA,1,18
full view of t<BACKSPACE1>who your datre <BACKSPACE3>e is w<BACKSPACE1>and what you can expect from them should you choose to take the realtion<BACKSPACE6>lationship further.,18.375,end sentence,NA,NA,NA,NA,1,4,NA,NA,NA,NA,NA,NA,18
<HIGHLIGHT 233:242><MOUSECLICK>,39.527,mid VP,NA,NA,NA,NA,NA,NA,NA,NA,NA,NA,NA,NA,18
<MOUSECLICK><BACKSPACE8>,49.822,end sentence,NA,NA,NA,NA,NA,NA,NA,NA,NA,NA,NA,NA,18
<MOUSECLICK><HIGHLIGHT 2267:2264><MOUSECLICK><BACKSPACE1>,3.151,mid NP,NA,NA,NA,NA,NA,NA,NA,NA,NA,NA,NA,NA,18
<BACKSPACE1>,1.023,mid NP,NA,NA,NA,NA,NA,NA,NA,NA,NA,NA,NA,NA,18
Online dating vs in person dating.<ENTER2><BACKSPACE1>,14.015,end NP,NA,NA,NA,NA,NA,NA,NA,NA,NA,NA,NA,NA,19
A,1.105,mid NP,NA,NA,NA,NA,NA,NA,NA,NA,NA,NA,NA,NA,19
<BACKSPACE1>,5.981,end NP,NA,NA,NA,NA,NA,NA,NA,NA,NA,NA,NA,NA,19
Compa<BACKSPACE5>,1.97,end NP,NA,NA,NA,NA,NA,NA,NA,NA,NA,NA,NA,NA,19
finding a comp<BACKSPACE14>,1.009,end NP,NA,NA,NA,NA,NA,NA,NA,NA,NA,NA,NA,NA,19
Dating,4.113,end NP,NA,NA,NA,NA,NA,NA,NA,NA,NA,NA,NA,NA,19
<BACKSPACE7>,6.416,end NP,NA,NA,NA,NA,NA,NA,NA,NA,NA,NA,NA,NA,19
What is the best way to find a partner through dating. <BACKSPACE2>,6.91,end sentence,8,0,NA,1,1,1,1,NA,NA,NA,NA,NA,19
?,2.045,end sentence,NA,NA,NA,NA,NA,NA,NA,NA,NA,NA,NA,NA,19
<ENTER2><BACKSPACE1>,9.791,end sentence,NA,NA,NA,NA,NA,NA,NA,NA,NA,NA,NA,NA,19
While,2.654,end NP,NA,NA,NA,NA,NA,NA,NA,NA,NA,NA,NA,NA,19
the search for compain,1.05,mid word,0,0,1,NA,NA,NA,1,NA,NA,NA,NA,NA,19
ionship may be a facet of human li<BACKSPACE3>life<BACKSPACE4> life,10.114,end clause,0,28,NA,NA,1,NA,NA,NA,NA,NA,NA,NA,19
that,8.238,end NP,NA,NA,NA,NA,NA,NA,NA,NA,NA,NA,NA,NA,19
shows up through out our species entire history,4.639,end sentence,NA,NA,NA,NA,1,NA,NA,NA,NA,NA,NA,NA,19
.,3.902,end sentence,NA,NA,NA,NA,NA,NA,NA,NA,NA,NA,NA,NA,19
<HIGHLIGHT 90:96><BACKSPACE1><RIGHT1><BACKSPACE1>T,3.942,mid word,NA,NA,1,NA,NA,NA,NA,NA,NA,NA,NA,NA,19
<HIGHLIGHT 120:127><REPLACED>is,2.72,end VP,NA,NA,NA,NA,NA,NA,NA,NA,NA,NA,NA,NA,19
<RIGHT35>,11.221,mid VP,NA,NA,NA,NA,NA,NA,NA,NA,NA,NA,NA,NA,19
<MOUSECLICK><BACKSPACE1><DOWN1>,3.341,end sentence,NA,NA,NA,NA,NA,NA,NA,NA,NA,NA,NA,NA,19
<MOUSECLICK>,1.01,mid NP,NA,NA,NA,NA,NA,NA,NA,NA,NA,NA,NA,NA,19
',1.263,mid NP,NA,NA,NA,NA,NA,NA,NA,NA,NA,NA,NA,NA,19
<DOWN1><UP1>s,2.623,mid NP,NA,NA,NA,NA,NA,NA,NA,NA,NA,NA,NA,NA,19
<BACKSPACE3>'s<DOWN1>,3.055,mid NP,NA,NA,NA,NA,NA,NA,NA,NA,NA,NA,NA,NA,19
<SPACE>,5.759,end sentence,NA,NA,NA,NA,NA,NA,NA,NA,NA,NA,NA,NA,19
In our cure<BACKSPACE1>rent,1.155,mid NP,0,0,NA,NA,NA,NA,NA,NA,1,NA,NA,NA,19
era,4.175,end NP,0,0,NA,NA,NA,NA,NA,NA,NA,NA,NA,NA,19
this search,1.711,end NP,0,0,NA,NA,NA,NA,1,NA,NA,NA,NA,NA,19
from<BACKSPACE3>or compainionship,7.007,end NP,0,0,NA,NA,NA,NA,NA,NA,NA,NA,NA,NA,19
is often,8.784,end NP,NA,NA,NA,NA,NA,NA,NA,NA,NA,NA,NA,NA,19
<BACKSPACE36>,1.107,end sentence,NA,NA,NA,NA,NA,NA,NA,NA,NA,NA,NA,NA,19
<BACKSPACE23>While the,3.25,mid NP,6,0,NA,NA,NA,NA,1,NA,NA,NA,NA,NA,19
method of finding a companion,3.983,end NP,0,0,1,NA,1,NA,NA,NA,NA,NA,NA,NA,19
through the process of dating is,5.839,end VP,NA,NA,NA,NA,NA,1,NA,NA,NA,NA,NA,NA,19
relatively new,10.862,end clause,NA,NA,NA,NA,1,NA,NA,NA,NA,NA,NA,NA,19
<HIGHLIGHT 286:199>,4.866,end sentence,NA,NA,NA,NA,NA,NA,NA,NA,NA,NA,NA,NA,19
<REPLACED>the form of,1.315,mid NP,NA,NA,NA,NA,NA,NA,NA,NA,NA,NA,NA,NA,19
<BACKSPACE12>,4.935,end sentence,NA,NA,NA,NA,NA,NA,NA,NA,NA,NA,NA,NA,19
Achieving this,1.879,end NP,0,0,NA,NA,NA,NA,NA,NA,NA,1,NA,NA,19
goal through the po<BACKSPACE1>,1.295,mid word,0,13,NA,NA,NA,NA,NA,NA,NA,NA,NA,NA,19
<BACKSPACE1>method of dating is a rela,1.055,mid word,NA,NA,NA,NA,1,NA,NA,NA,NA,NA,NA,NA,19
tively new,10.364,mid NP,NA,NA,NA,NA,NA,NA,NA,NA,NA,NA,NA,NA,19
<HIGHLIGHT 226:239><BACKSPACE1>,1.635,mid word,NA,NA,NA,NA,NA,NA,NA,NA,NA,NA,NA,NA,19
<RIGHT1><BACKSPACE28>Finding compainionship,1.215,end NP,0,0,1,NA,NA,NA,1,NA,NA,NA,NA,NA,19
through,3.742,mid PP,NA,NA,NA,NA,NA,NA,NA,NA,NA,NA,NA,NA,19
<HIGHLIGHT 157:158><MOUSECLICK>,5.193,mid PP,NA,NA,NA,NA,NA,NA,NA,NA,NA,NA,NA,NA,19
process of,2.796,mid NP,NA,NA,NA,NA,NA,NA,NA,NA,NA,NA,NA,NA,19
<BACKSPACE11>,1.695,mid PP,NA,NA,NA,NA,NA,NA,NA,NA,NA,NA,NA,NA,19
form of ach,1.135,mid word,NA,NA,NA,NA,1,NA,NA,NA,NA,NA,NA,NA,19
ieving this goal,3.853,end sentence,NA,NA,NA,NA,1,NA,NA,NA,NA,NA,NA,NA,19
",",7.983,end sentence,NA,NA,NA,NA,NA,NA,NA,NA,NA,NA,NA,NA,19
<HIGHLIGHT 286:199><REPLACED>Although dating is,1.394,end VP,8,2,1,NA,NA,NA,1,NA,NA,NA,NA,NA,19
the pri<BACKSPACE7>one of the primary methods for achieving this goal,2.033,end clause,NA,NA,NA,2,NA,NA,NA,NA,NA,NA,NA,NA,19
it is still relatively new,4.682,end sentence,NA,NA,NA,1,NA,NA,NA,NA,NA,NA,NA,NA,19
one<LEFT18>a <DOWN1>,1.166,end sentence,NA,NA,NA,NA,NA,NA,NA,NA,NA,NA,NA,NA,19
.,1.474,end sentence,NA,NA,NA,NA,NA,NA,NA,NA,NA,NA,NA,NA,19
Dating,2.092,end NP,0,0,NA,NA,NA,NA,1,NA,NA,NA,NA,NA,19
soiciologica<BACKSPACE12>,2.128,end NP,NA,NA,NA,NA,NA,NA,NA,NA,NA,NA,NA,NA,19
has,1.65,end NP,NA,NA,NA,NA,NA,NA,NA,NA,NA,NA,NA,NA,19
only been a,6.673,mid NP,NA,NA,NA,1,NA,NA,NA,NA,NA,NA,NA,NA,19
method for determining,1.999,mid NP,NA,NA,NA,NA,NA,NA,NA,NA,NA,NA,NA,NA,19
who would make a good partner,3.503,end sentence,NA,NA,NA,1,NA,NA,NA,NA,NA,NA,NA,NA,19
for,3.741,mid PP,NA,NA,NA,NA,NA,NA,NA,NA,NA,NA,NA,NA,19
the,7.872,mid PP,NA,NA,NA,NA,NA,NA,NA,NA,NA,NA,NA,NA,19
most recent generat,1.136,mid word,NA,NA,NA,1,NA,NA,NA,NA,NA,NA,NA,NA,19
ions,1.168,end sentence,NA,NA,NA,NA,NA,NA,NA,NA,NA,NA,NA,NA,19
.,2.655,end sentence,NA,NA,NA,NA,NA,NA,NA,NA,NA,NA,NA,NA,19
<LEFT12>,3.637,end sentence,NA,NA,NA,NA,NA,NA,NA,NA,NA,NA,NA,NA,19
<RIGHT12> For the,1.425,mid PP,0,0,NA,NA,NA,NA,NA,NA,NA,1,NA,NA,19
very,1.117,mid PP,0,0,NA,NA,NA,NA,NA,NA,NA,NA,NA,NA,19
recent,3.183,mid PP,0,0,NA,NA,NA,NA,NA,NA,NA,NA,NA,NA,19
<BACKSPACE12>most recent,1.297,mid PP,0,0,NA,NA,NA,NA,NA,NA,NA,NA,NA,NA,19
generations,14.036,end PP,0,0,NA,NA,NA,NA,NA,NA,NA,NA,NA,NA,19
<HIGHLIGHT 387:409>,1.977,mid PP,0,0,NA,NA,NA,NA,NA,NA,NA,NA,NA,NA,19
<REPLACED>last century,2.528,end sentence ,0,0,NA,1,NA,NA,NA,NA,NA,NA,NA,NA,19
<RIGHT1><BACKSPACE1>,2.095,end sentence ,NA,NA,NA,NA,NA,NA,NA,NA,NA,NA,NA,NA,19
<MOUSECLICK>,1.008,end NP,NA,NA,NA,NA,NA,NA,NA,NA,NA,NA,NA,NA,19
", as we think of it,",3.199,end NP,0,0,NA,NA,NA,NA,NA,1,NA,NA,NA,NA,19
<DOWN1>,1.8,mid PP,NA,NA,NA,NA,NA,NA,NA,NA,NA,NA,NA,NA,19
<MOUSECLICK> the,1.93,mid PP,NA,NA,NA,NA,NA,NA,NA,NA,NA,NA,NA,NA,19
process of dating has,1.202,end VP,NA,NA,NA,NA,NA,NA,NA,NA,NA,NA,NA,NA,19
been,14.912,end VP,NA,NA,NA,NA,NA,NA,NA,NA,NA,NA,NA,NA,19
filtered through the,2.128,mid PP,NA,NA,NA,NA,NA,NA,NA,NA,NA,NA,NA,NA,19
medium of the internet. Is <BACKSPACE3>What qualitiesd <BACKSPACE2>s<BACKSPACE1> and what considerations does,3.887,end NP,21,4,1,1,NA,NA,1,NA,NA,NA,NA,NA,19
online dating,19.927,end NP,NA,NA,NA,NA,NA,NA,NA,NA,NA,NA,NA,NA,19
<MOUSECLICK>,1.564,end NP,NA,NA,NA,NA,NA,NA,NA,NA,NA,NA,NA,NA,19
does online datin<BACKSPACE26>,2.821,mid word,NA,NA,NA,NA,NA,NA,NA,NA,NA,NA,NA,NA,19
<RIGHT8>,1.138,mid NP,NA,NA,NA,NA,NA,NA,NA,NA,NA,NA,NA,NA,19
<RIGHT1><BACKSPACE11>,2.694,mid word,NA,NA,NA,NA,NA,NA,NA,NA,NA,NA,NA,NA,19
<MOUSECLICK>,5.197,end NP,NA,NA,NA,NA,NA,NA,NA,NA,NA,NA,NA,NA,19
bring and,1.026,end sentence,NA,NA,NA,NA,NA,NA,NA,NA,NA,NA,NA,NA,19
what,2.175,end NP,0,0,NA,NA,NA,NA,1,NA,NA,NA,NA,NA,19
value does it bring to us?,5.431,end sentence,0,20,NA,2,NA,NA,NA,NA,NA,NA,NA,NA,19
<HIGHLIGHT 549:553><REPLACED>are there,1.119,end NP,NA,NA,NA,NA,NA,NA,NA,NA,NA,NA,NA,NA,19
for,2.272,mid PP,NA,NA,NA,NA,NA,NA,NA,NA,NA,NA,NA,NA,19
<RIGHT22><LEFT1><BACKSPACE7> <DOWN1>,4.111,end sentence,NA,NA,NA,NA,NA,NA,NA,NA,NA,NA,NA,NA,19
<ENTER2>,5.215,end sentence,NA,NA,NA,NA,NA,NA,NA,NA,NA,NA,NA,NA,19
<MOUSECLICK>,2.952,end sentence,NA,NA,NA,NA,NA,NA,NA,NA,NA,NA,NA,NA,19
<MOUSECLICK><ENTER1>,1.944,end sentence,NA,NA,NA,NA,NA,NA,NA,NA,NA,NA,NA,NA,19
<HIGHLIGHT 0:34><BACKSPACE1><DOWN1>,1.616,end NP,NA,NA,NA,NA,NA,NA,NA,NA,NA,NA,NA,NA,19
<SPACE>,2.472,NA,NA,NA,NA,NA,NA,NA,NA,NA,NA,NA,NA,NA,19
<MOUSECLICK><ENTER1>,1.154,end sentence,NA,NA,NA,NA,NA,NA,NA,NA,NA,NA,NA,NA,19
<SPACE>,6.076,end sentence,NA,NA,NA,NA,NA,NA,NA,NA,NA,NA,NA,NA,19
Online dating offers a,1.15,mid NP,0,8,NA,NA,NA,NA,1,NA,NA,NA,NA,NA,19
low friction,15.677,end sentence,NA,NA,NA,1,NA,NA,NA,NA,NA,NA,NA,NA,19
and easy,1.696,mid NP,NA,NA,NA,NA,NA,NA,NA,NA,NA,NA,NA,NA,19
to enter,2.304,mid NP,NA,NA,NA,NA,NA,NA,NA,NA,NA,NA,NA,NA,19
social,2.206,mid NP,NA,NA,NA,1,NA,NA,NA,NA,NA,NA,NA,NA,19
atmospher.<BACKSPACE2>re.,2.723,end sentence,NA,NA,NA,NA,NA,NA,NA,NA,NA,NA,NA,NA,19
the barrie<BACKSPACE10>,1.215,end sentence,0,0,NA,NA,NA,NA,1,NA,NA,NA,NA,NA,19
The barrie<BACKSPACE1>er to enter is,1.698,end VP,0,2,NA,NA,NA,NA,NA,NA,NA,NA,NA,NA,19
low and,2.256,end sentence,NA,NA,NA,NA,NA,NA,NA,NA,NA,NA,NA,NA,19
t,3.054,mid word,NA,NA,NA,NA,NA,NA,NA,NA,NA,NA,NA,NA,19
<BACKSPACE9>minimal and the stakes are low.,12.594,end sentence,NA,NA,NA,1,NA,NA,NA,NA,NA,NA,NA,NA,19
Dating,2.002,end NP,0,0,NA,NA,NA,NA,1,NA,NA,NA,NA,NA,19
forums online and on,1.2,mid PP,0,0,NA,NA,NA,NA,NA,NA,NA,NA,NA,NA,19
mobile apps give,1.087,end VP,0,4,NA,NA,NA,NA,NA,NA,NA,NA,NA,NA,19
prospective,6.267,mid NP,NA,NA,NA,1,NA,NA,NA,NA,NA,NA,NA,NA,19
romantic,2.512,mid NP,NA,NA,NA,NA,NA,NA,NA,NA,NA,NA,NA,NA,19
partners,4.976,end NP,NA,NA,NA,NA,NA,NA,NA,NA,NA,NA,NA,NA,19
a chance to quickly look though many,8.991,mid PP,NA,NA,NA,1,NA,NA,NA,NA,NA,NA,NA,NA,19
availble match,1.119,mid word,NA,NA,NA,1,NA,NA,NA,NA,NA,NA,NA,NA,19
es.,2.237,end sentence,NA,NA,NA,NA,NA,NA,NA,NA,NA,NA,NA,NA,19
W<BACKSPACE1>,10.461,end sentence,NA,NA,NA,NA,NA,NA,NA,NA,NA,NA,NA,NA,19
The,3.007,mid NP,0,0,NA,NA,NA,NA,1,NA,NA,NA,NA,NA,19
chances of findnig a potential partner,1.071,end NP,0,0,NA,1,NA,NA,NA,NA,NA,NA,NA,NA,19
who has matching interests is heightened,2.782,end sentence,NA,NA,NA,NA,1,NA,NA,NA,NA,NA,NA,NA,19
by,5.005,mid PP,NA,NA,NA,NA,NA,NA,NA,NA,NA,NA,NA,NA,19
making the foray intpo <BACKSPACE3>o online dating.,5.591,end sentence,NA,NA,NA,1,1,NA,NA,NA,NA,NA,NA,NA,19
<MOUSECLICK><RIGHT1><BACKSPACE2>in,2.493,mid NP,NA,NA,NA,NA,NA,NA,NA,NA,NA,NA,NA,NA,19
<DOWN2><RIGHT1>,1.838,end sentence,NA,NA,NA,NA,NA,NA,NA,NA,NA,NA,NA,NA,19
<LEFT2>,1.172,end sentence,NA,NA,NA,NA,NA,NA,NA,NA,NA,NA,NA,NA,19
there <BACKSPACE6>There is alos a<BACKSPACE4>so a,22.034,mid NP,8,0,NA,NA,NA,NA,NA,NA,NA,NA,NA,NA,19
<LEFT16>,1.644,end sentence,NA,NA,NA,NA,NA,NA,NA,NA,NA,NA,NA,NA,19
<ENTER2><UP1>,1.231,end sentence,NA,NA,NA,NA,NA,NA,NA,NA,NA,NA,NA,NA,19
<LEFT1>,1.459,end sentence,NA,NA,NA,NA,NA,NA,NA,NA,NA,NA,NA,NA,19
W,1.324,mid word,0,0,NA,NA,NA,NA,NA,NA,NA,1,NA,NA,19
ith,4.079,mid PP,0,0,NA,NA,NA,NA,NA,NA,NA,NA,NA,NA,19
the ability to,1.984,mid PP,0,1,NA,NA,NA,NA,NA,NA,NA,NA,NA,NA,19
scan a,1.808,mid PP,NA,NA,NA,NA,NA,NA,NA,NA,NA,NA,NA,NA,19
persons<BACKSPACE1>'s profile,7.629,end PP,NA,NA,NA,NA,NA,NA,NA,NA,NA,NA,NA,NA,19
"<BACKSPACE1>, it is much quicker to",11.585,mid NP,NA,NA,1,NA,NA,NA,NA,NA,NA,NA,NA,NA,19
ascertain,2.684,end NP,NA,NA,NA,NA,NA,NA,NA,NA,NA,NA,NA,NA,19
which,1.265,mid NP,NA,NA,NA,NA,NA,NA,NA,NA,NA,NA,NA,NA,19
people have a trait,3.212,end sentence,NA,NA,NA,NA,1,NA,NA,NA,NA,NA,NA,NA,19
tha,2.507,mid word,NA,NA,NA,NA,NA,NA,NA,NA,NA,NA,NA,NA,19
t<LEFT10>,1.008,end NP,NA,NA,NA,NA,NA,NA,NA,NA,NA,NA,NA,NA,19
prioritized <DOWN1><LEFT1> might not be observable,1.954,end sentence,NA,NA,NA,1,NA,NA,NA,NA,NA,NA,NA,NA,19
from a,1.842,mid PP,NA,NA,NA,NA,NA,NA,NA,NA,NA,NA,NA,NA,19
conversation in real life.,5.617,end sentence,NA,NA,NA,2,NA,NA,NA,NA,NA,NA,NA,NA,19
<SPACE>,9.261,end sentence,NA,NA,NA,NA,NA,NA,NA,NA,NA,NA,NA,NA,19
On the,1.377,mid PP,0,0,NA,NA,NA,NA,NA,NA,NA,NA,NA,1,19
other side of the same coin,1.149,end PP,0,0,1,NA,NA,NA,NA,NA,NA,NA,NA,NA,19
", it is quicker <BACKSPACE14>there is the opportunity to",3.519,mid NP,8,2,NA,NA,NA,NA,NA,NA,NA,NA,1,NA,19
easily,11.633,mid NP,NA,NA,NA,NA,NA,NA,NA,NA,NA,NA,NA,NA,19
dismiss part<BACKSPACE3>otential partners who have a,8.402,mid NP,NA,NA,NA,NA,1,NA,NA,NA,NA,NA,NA,NA,19
quality<BACKSPACE1>ies that,9.595,mid NP,NA,NA,NA,1,NA,NA,NA,NA,NA,NA,NA,NA,19
would make them,12.591,end NP,NA,NA,NA,1,NA,NA,NA,NA,NA,NA,NA,NA,19
an,1.215,mid NP,NA,NA,NA,1,NA,NA,NA,NA,NA,NA,NA,NA,19
unsuitable,1.586,mid NP,NA,NA,NA,NA,NA,NA,NA,NA,NA,NA,NA,NA,19
candi,1.374,mid word,NA,NA,NA,NA,NA,NA,NA,NA,NA,NA,NA,NA,19
date.,1.519,end sentence,NA,NA,NA,NA,NA,NA,NA,NA,NA,NA,NA,NA,19
Conflicin<BACKSPACE1>,1.487,mid word,0,0,NA,NA,NA,NA,1,NA,NA,NA,NA,NA,19
<BACKSPACE1>ting,3.181,end NP,0,0,NA,NA,NA,NA,NA,NA,NA,NA,NA,NA,19
"politcal views,",2.097,end NP,0,0,NA,NA,NA,NA,NA,NA,NA,NA,NA,NA,19
personal,1.344,mid NP,0,0,NA,NA,NA,NA,NA,NA,NA,NA,NA,NA,19
habit,2.125,end NP,0,0,NA,NA,NA,NA,NA,NA,NA,NA,NA,NA,19
s such as,5.036,mid NP,0,0,NA,NA,NA,NA,NA,NA,NA,NA,NA,NA,19
alch,1.088,mid word,0,0,NA,NA,NA,NA,NA,NA,NA,NA,NA,NA,19
ohol consumption,4.575,end NP,0,0,NA,NA,NA,NA,NA,NA,NA,NA,NA,NA,19
"<BACKSPACE1>,",19.215,end NP,0,0,NA,NA,NA,NA,NA,NA,NA,NA,NA,NA,19
or,2.927,end NP,NA,NA,NA,NA,NA,NA,NA,NA,NA,NA,NA,NA,19
<LEFT3>views on,3.373,mid NP,NA,NA,NA,NA,NA,NA,NA,NA,NA,NA,NA,NA,19
parenthood,1.78,end NP,NA,NA,NA,NA,NA,NA,NA,NA,NA,NA,NA,NA,19
<RIGHT3>,1.935,end NP,NA,NA,NA,NA,NA,NA,NA,NA,NA,NA,NA,NA,19
<LEFT4>,4.079,end NP,NA,NA,NA,NA,NA,NA,NA,NA,NA,NA,NA,NA,19
",<LEFT1>",2.079,end NP,NA,NA,NA,NA,NA,NA,NA,NA,NA,NA,NA,NA,19
<BACKSPACE19>desire to,2.417,mid NP,NA,NA,NA,NA,NA,NA,NA,NA,NA,NA,NA,NA,19
raise a family,2.445,end NP,NA,NA,NA,NA,NA,NA,NA,NA,NA,NA,NA,NA,19
"<RIGHT1><BACKSPACE1><RIGHT3> not, as",4.606,mid PP,NA,NA,NA,NA,NA,NA,NA,NA,NA,NA,NA,NA,19
<BACKSPACE3>,5.055,end NP,NA,NA,NA,NA,NA,NA,NA,NA,NA,NA,NA,NA,19
<LEFT34><RIGHT1> or the,1.713,mid NP,NA,NA,NA,NA,NA,NA,NA,NA,NA,NA,NA,NA,19
<RIGHT33>,1.534,end NP,NA,NA,NA,NA,NA,NA,NA,NA,NA,NA,NA,NA,19
can all be,1.538,end VP,NA,NA,NA,NA,NA,NA,NA,NA,NA,NA,NA,NA,19
potential dealbreakers,1.344,end sentence,NA,NA,NA,1,NA,NA,NA,NA,NA,NA,NA,NA,19
<SPACE>,1.196,end sentence,NA,NA,NA,NA,NA,NA,NA,NA,NA,NA,NA,NA,19
that can be initially weeded out,3.279,end sentence,NA,NA,NA,NA,NA,NA,NA,NA,NA,NA,NA,NA,19
by online dataing.,3.71,end sentence,NA,NA,NA,1,NA,NA,NA,NA,NA,NA,NA,NA,19
<ENTER2><BACKSPACE1>,1.247,end sentence,NA,NA,NA,NA,NA,NA,NA,NA,NA,NA,NA,NA,19
The remaining pool of candidates,3.365,end NP,0,0,NA,NA,NA,NA,1,NA,NA,NA,NA,NA,19
<HIGHLIGHT 1546:1563><BACKSPACE2>,1.229,end NP,NA,NA,NA,NA,NA,NA,NA,NA,NA,NA,NA,NA,19
<BACKSPACE1>,4.367,end NP,NA,NA,NA,NA,NA,NA,NA,NA,NA,NA,NA,NA,19
has,1.293,end VP,NA,NA,NA,NA,NA,NA,NA,NA,NA,NA,NA,NA,19
a much,1.007,mid NP,NA,NA,NA,NA,NA,NA,NA,NA,NA,NA,NA,NA,19
"<BACKSPACE11>,<BACKSPACE1>may have a much higher prop<BACKSPACE1>babilie<BACKSPACE2>",1.392,mid word,NA,NA,NA,1,NA,NA,NA,NA,NA,NA,NA,NA,19
ity of being a,1.295,mid NP,NA,NA,NA,NA,NA,NA,NA,NA,NA,NA,NA,NA,19
good match,3.87,end sentence,NA,NA,NA,1,NA,NA,NA,NA,NA,NA,NA,NA,19
. This means that time spent sociali,1.007,mid word,16,0,NA,NA,NA,NA,NA,NA,NA,NA,1,NA,19
zing,3.649,end NP,0,0,NA,NA,NA,NA,NA,NA,NA,NA,NA,NA,19
has a higher effective,9.984,mid NP,NA,NA,NA,1,NA,NA,NA,NA,NA,NA,NA,NA,19
capac,1.44,mid word,NA,NA,NA,NA,NA,NA,NA,NA,NA,NA,NA,NA,19
ity,1.135,end sentence,NA,NA,NA,NA,NA,NA,NA,NA,NA,NA,NA,NA,19
.,3.215,end sentence,NA,NA,NA,NA,NA,NA,NA,NA,NA,NA,NA,NA,19
<HIGHLIGHT 1641:1644><REPLACED>could have<DOWN1><LEFT1>,11.231,end NP,NA,NA,NA,NA,NA,NA,NA,NA,NA,NA,NA,NA,19
<SPACE>,6.768,end sentence,NA,NA,NA,NA,NA,NA,NA,NA,NA,NA,NA,NA,19
The<BACKSPACE3>,2.437,end sentence,NA,NA,NA,NA,NA,NA,NA,NA,NA,NA,NA,NA,19
<MOUSECLICK><LEFT1><BACKSPACE2> <DOWN2><ENTER1>,1.648,end sentence,NA,NA,NA,NA,NA,NA,NA,NA,NA,NA,NA,NA,19
Some of the argumesnt <BACKSPACE4>nts aginas<BACKSPACE4>i<BACKSPACE1>ainst online dating are that,1.89,mid NP,0,8,NA,NA,1,NA,1,NA,NA,NA,NA,NA,19
we,2.909,end NP,NA,NA,NA,1,NA,NA,NA,NA,NA,NA,NA,NA,19
don#t<BACKSPACE2>'t,1.199,mid VP,NA,NA,NA,NA,NA,NA,NA,NA,NA,NA,NA,NA,19
understand out <BACKSPACE2>r ou<BACKSPACE1>wn pri,3.836,mid word,NA,NA,NA,NA,NA,NA,NA,NA,NA,NA,NA,NA,19
<BACKSPACE7>s<BACKSPACE2>selves. What we,3.024,end NP,8,0,NA,1,NA,NA,NA,NA,NA,NA,1,NA,19
believe to be our priorities in,1.197,mid PP,0,0,NA,NA,1,NA,NA,NA,NA,NA,NA,NA,19
"finding a match, may not actually be",2.768,end VP,0,21,NA,NA,1,NA,NA,NA,NA,NA,NA,NA,19
what ends up working,1.293,end sentence,NA,NA,NA,1,NA,NA,NA,NA,NA,NA,NA,NA,19
for us.,7.439,end sentence,NA,NA,NA,1,NA,NA,NA,NA,NA,NA,NA,NA,19
Online dating also,2.551,end NP,0,0,NA,NA,NA,NA,1,NA,NA,NA,NA,1,19
ignore s<BACKSPACE2>s the,4.048,mid NP,NA,NA,NA,1,NA,NA,NA,NA,NA,NA,NA,NA,19
in real life,2.567,mid NP,NA,NA,NA,NA,NA,NA,NA,NA,NA,NA,NA,NA,19
interactions,1.023,end sentence,NA,NA,NA,NA,NA,NA,NA,NA,NA,NA,NA,NA,19
and che<BACKSPACE1>emistry,3.855,end sentence,NA,NA,NA,1,NA,NA,NA,NA,NA,NA,NA,NA,19
that make,1.33,end VP,NA,NA,NA,NA,NA,NA,NA,NA,NA,NA,NA,NA,19
up so much of the foundation of a relatino,1.22,mid word,NA,NA,NA,1,NA,NA,NA,NA,NA,NA,NA,NA,19
<BACKSPACE2>onship.,3.951,end sentence,NA,NA,NA,NA,NA,NA,NA,NA,NA,NA,NA,NA,19
These h<BACKSPACE1>,2.754,end NP,0,0,NA,NA,NA,NA,1,NA,NA,NA,NA,NA,19
considerations are not,2.366,end VP,0,7,NA,NA,NA,NA,NA,NA,NA,NA,NA,NA,19
entirely dismissbale<BACKSPACE4>,1.088,mid word,NA,NA,NA,1,NA,NA,NA,NA,NA,NA,NA,NA,19
able but,1.408,end sentence,NA,NA,NA,NA,NA,NA,NA,NA,NA,NA,NA,NA,19
the,7.887,mid NP,NA,NA,NA,NA,NA,NA,NA,NA,NA,NA,NA,NA,19
potential,1.101,mid NP,NA,NA,NA,NA,NA,NA,NA,NA,NA,NA,NA,NA,19
pitfalls they suggest are,4.398,end VP,NA,NA,NA,NA,NA,NA,NA,NA,NA,NA,NA,NA,19
not as,3.073,mid PP,NA,NA,NA,NA,NA,NA,NA,NA,NA,NA,NA,NA,19
much of a deterent,1.503,end PP,NA,NA,NA,1,NA,NA,NA,NA,NA,NA,NA,NA,19
to finding a partner<BACKSPACE3>,1.168,mid NP,NA,NA,NA,1,NA,NA,NA,NA,NA,NA,NA,NA,19
ner,6.639,end sentence,NA,NA,NA,NA,NA,NA,NA,NA,NA,NA,NA,NA,19
when compared to the,4.368,mid NP,NA,NA,NA,NA,NA,NA,NA,NA,NA,NA,NA,NA,19
advantage,6.671,end sentence,NA,NA,NA,1,NA,NA,NA,NA,NA,NA,NA,NA,19
"<MOUSECLICK>,.<RIGHT6>",1.055,end clause,NA,NA,NA,NA,NA,NA,NA,NA,NA,NA,NA,NA,19
<BACKSPACE5>T,5.927,mid word,NA,NA,NA,NA,NA,NA,NA,NA,NA,NA,NA,NA,19
<HIGHLIGHT 2088:2057>,1.351,mid NP,NA,NA,NA,NA,NA,NA,NA,NA,NA,NA,NA,NA,19
<BACKSPACE2>s,1.103,mid word,NA,NA,NA,NA,NA,NA,NA,NA,NA,NA,NA,NA,19
e<LEFT7><BACKSPACE1><RIGHT8>negative aspect<BACKSPACE15>potential pitfalls a<BACKSPACE1>,1.824,end NP,NA,NA,NA,NA,NA,NA,NA,NA,NA,NA,NA,NA,19
can still be,4.477,end VP,NA,NA,NA,NA,NA,NA,NA,NA,NA,NA,NA,NA,19
nagi<BACKSPACE2>vigate <BACKSPACE2>d,1.487,end sentence,NA,NA,NA,NA,NA,NA,NA,NA,NA,NA,NA,NA,19
and <BACKSPACE6>ed anf<BACKSPACE1>d,2.338,end sentence,NA,NA,NA,NA,NA,NA,NA,NA,NA,NA,NA,NA,19
av,1.646,mid word,NA,NA,NA,NA,NA,NA,NA,NA,NA,NA,NA,NA,19
<BACKSPACE1>sse<BACKSPACE19> asses,1.228,mid word,NA,NA,NA,NA,NA,NA,NA,NA,NA,NA,NA,NA,19
ed and,1.036,end NP,NA,NA,NA,NA,NA,NA,NA,NA,NA,NA,NA,NA,19
navigated,1.761,end sentence,NA,NA,NA,NA,NA,NA,NA,NA,NA,NA,NA,NA,19
<SPACE>,2.957,end sentence,NA,NA,NA,NA,NA,NA,NA,NA,NA,NA,NA,NA,19
i<BACKSPACE1>during in person dating after an o<BACKSPACE2>,1.15,mid word,NA,NA,NA,NA,NA,NA,NA,NA,NA,NA,NA,NA,19
<BACKSPACE2>preliminary online,2.445,mid NP,NA,NA,NA,NA,NA,NA,NA,NA,NA,NA,NA,NA,19
dates/ <BACKSPACE2>. The,1.298,mid NP,NA,NA,NA,NA,NA,NA,NA,NA,NA,NA,NA,NA,19
negative aspects perhaps,1.951,end NP,NA,NA,NA,NA,NA,NA,NA,NA,NA,NA,NA,NA,19
<SPACE>,3.169,end NP,NA,NA,NA,NA,NA,NA,NA,NA,NA,NA,NA,NA,19
<DOWN1>,2.43,end NP,NA,NA,NA,NA,NA,NA,NA,NA,NA,NA,NA,NA,19
s brought about by online dating.,3.855,end sentence,NA,NA,NA,NA,NA,NA,NA,NA,NA,NA,NA,NA,19
<ENTER2><BACKSPACE1> While the internet is only about 40 years old,8.301,end clause,6,26,1,NA,1,NA,1,NA,NA,NA,NA,NA,19
and,6.398,end NP,NA,NA,NA,NA,NA,NA,NA,NA,NA,NA,NA,NA,19
is,3.12,end VP,NA,NA,NA,NA,NA,NA,NA,NA,NA,NA,NA,NA,19
quite new compared to,1.519,mid NP,NA,NA,NA,NA,1,NA,NA,NA,NA,NA,NA,NA,19
humankind,1.229,end clause,NA,NA,NA,NA,NA,NA,NA,NA,NA,NA,NA,NA,19
's,1.439,mid NP,NA,NA,NA,NA,NA,NA,NA,NA,NA,NA,NA,NA,19
eternal,3.487,mid NP,NA,NA,NA,NA,NA,NA,NA,NA,NA,NA,NA,NA,19
search for compaino<BACKSPACE3>nionshiop<BACKSPACE2>p,4.792,end clause,NA,NA,NA,NA,1,NA,NA,NA,NA,NA,NA,NA,19
"<MOUSECLICK>,",3.413,end clause,NA,NA,NA,NA,NA,NA,NA,NA,NA,NA,NA,NA,19
"<MOUSECLICK>, it",3.234,end NP,NA,NA,NA,NA,NA,NA,NA,NA,NA,NA,NA,NA,19
does not seem o <BACKSPACE2>to be,1.103,end VP,0,0,NA,NA,NA,NA,NA,1,NA,NA,NA,NA,19
leaving any tim<BACKSPACE4>time soon,1.007,end sentence,0,12,NA,NA,1,NA,NA,NA,NA,NA,NA,NA,19
.,14.208,end sentence,NA,NA,NA,NA,NA,NA,NA,NA,NA,NA,NA,NA,19
As communication tool it can hle<BACKSPACE2>elp us,2.59,end sentence,0,14,1,NA,1,NA,NA,NA,NA,NA,NA,NA,19
be informed,3.984,end sentence,NA,NA,NA,NA,NA,NA,NA,NA,NA,NA,NA,NA,19
on issues and events around the globe and it can also help us on ourt <BACKSPACE2> search,1.44,end sentence,44,13,NA,NA,1,1,NA,NA,NA,NA,1,NA,19
for love;<BACKSPACE1>.,10.031,end sentence,NA,NA,NA,NA,1,NA,NA,NA,NA,NA,NA,NA,19
<HIGHLIGHT 2614:2480>,1.792,end sentence,NA,NA,NA,NA,NA,NA,NA,NA,NA,NA,NA,NA,19
<SPACE>,1.527,end sentence,NA,NA,NA,NA,NA,NA,NA,NA,NA,NA,NA,NA,19
<MOUSECLICK>,1.968,end sentence,NA,NA,NA,NA,NA,NA,NA,NA,NA,NA,NA,NA,19
<MOUSECLICK>,1.227,end sentence,NA,NA,NA,NA,NA,NA,NA,NA,NA,NA,NA,NA,19
As communication tool it can help us be informed on issues and events around the globe and it can also help us on our search for love.,2.724,end sentence,0,112,NA,NA,NA,NA,NA,NA,NA,1,NA,NA,19
<MOUSECLICK><BACKSPACE2>the internet,6.212,end NP,NA,NA,NA,NA,NA,NA,NA,NA,NA,NA,NA,NA,19
"<MOUSECLICK>,",2.43,end clause,NA,NA,NA,NA,NA,NA,NA,NA,NA,NA,NA,NA,19
<MOUSECLICK><BACKSPACE1>i,1.807,mid word,NA,NA,NA,NA,NA,NA,NA,NA,NA,NA,NA,NA,19
<MOUSECLICK>,4.807,end VP,NA,NA,NA,NA,NA,NA,NA,NA,NA,NA,NA,NA,19
<HIGHLIGHT 2506:2512><REPLACED>making it,4.208,end NP,NA,NA,NA,NA,NA,NA,NA,NA,NA,NA,NA,NA,19
On,1.12,mid PP,0,0,1,NA,NA,NA,1,NA,NA,NA,NA,NA,20
line dating has become,1.072,end VP,0,10,NA,NA,NA,NA,NA,NA,NA,NA,NA,NA,20
the norm of the mo,2.688,mid word,NA,NA,NA,NA,1,NA,NA,NA,NA,NA,NA,NA,20
dern,5.839,mid NP,NA,NA,NA,NA,NA,NA,NA,NA,NA,NA,NA,NA,20
<BACKSPACE14>,1.332,end sentence,NA,NA,NA,NA,NA,NA,NA,NA,NA,NA,NA,NA,20
in the modern era of,1.199,mid PP,NA,NA,NA,NA,1,NA,NA,NA,NA,NA,NA,NA,20
finding your partner,3.76,end sentence,NA,NA,NA,NA,NA,NA,NA,NA,NA,NA,NA,NA,20
.,1.167,end sentence,NA,NA,NA,NA,NA,NA,NA,NA,NA,NA,NA,NA,20
This phem<BACKSPACE1>nomenon has been excerbated,2.047,end sentence,0,19,1,NA,NA,NA,1,NA,NA,NA,NA,NA,20
by the Global P<BACKSPACE8>global pandemic of 2020,5.568,end sentence,NA,NA,NA,NA,1,NA,NA,NA,NA,NA,NA,NA,20
.,1.903,end sentence,NA,NA,NA,NA,NA,NA,NA,NA,NA,NA,NA,NA,20
Online dating,3.856,end NP,0,0,1,NA,NA,NA,1,NA,NA,NA,NA,NA,20
has,3.36,end VP,NA,NA,NA,NA,NA,NA,NA,NA,NA,NA,NA,NA,20
been on the rise since the 2000s,1.488,end sentence,NA,NA,NA,NA,NA,NA,NA,NA,NA,NA,NA,NA,20
due to its convinience,2.416,end sentence,NA,NA,NA,NA,NA,NA,NA,NA,NA,NA,NA,NA,20
and the pss<BACKSPACE2>ossibilt,1.888,mid word,NA,NA,NA,NA,NA,NA,NA,NA,NA,NA,NA,NA,20
<BACKSPACE1>ity to,2.831,mid NP,NA,NA,NA,NA,NA,NA,NA,NA,NA,NA,NA,NA,20
match w,1.728,mid word,NA,NA,NA,NA,NA,NA,NA,NA,NA,NA,NA,NA,20
ith people whom we might never mee,1.056,mid word,NA,NA,NA,NA,NA,NA,NA,NA,NA,NA,NA,NA,20
t no,1.136,mid word,NA,NA,NA,NA,NA,NA,NA,NA,NA,NA,NA,NA,20
rmally,1.968,end NP,NA,NA,NA,NA,NA,NA,NA,NA,NA,NA,NA,NA,20
<LEFT1><BACKSPACE1><RIGHT1>,7.079,end NP,NA,NA,NA,NA,NA,NA,NA,NA,NA,NA,NA,NA,20
<HIGHLIGHT 76:142>,2.407,end sentence,NA,NA,NA,NA,NA,NA,NA,NA,NA,NA,NA,NA,20
<BACKSPACE1>,1.263,end sentence,NA,NA,NA,NA,NA,NA,NA,NA,NA,NA,NA,NA,20
<BACKSPACE1>,5.727,end sentence,NA,NA,NA,NA,NA,NA,NA,NA,NA,NA,NA,NA,20
<MOUSECLICK>,2.528,end NP,NA,NA,NA,NA,NA,NA,NA,NA,NA,NA,NA,NA,20
.This phenomenon has been excerbated by the global pandemic of 2020,3.455,end sentence,0,50,1,NA,1,NA,1,NA,NA,NA,NA,NA,20
which,1.471,end NP,NA,NA,NA,NA,NA,NA,NA,NA,NA,NA,NA,NA,20
brought,1.392,end VP,NA,NA,NA,NA,NA,NA,NA,NA,NA,NA,NA,NA,20
social,1.727,mid NP,NA,NA,NA,NA,NA,NA,NA,NA,NA,NA,NA,NA,20
<SPACE>,4.063,mid NP,NA,NA,NA,NA,NA,NA,NA,NA,NA,NA,NA,NA,20
connections,1.503,end NP,NA,NA,NA,NA,NA,NA,NA,NA,NA,NA,NA,NA,20
under,12.967,mid PP,NA,NA,NA,NA,NA,NA,NA,NA,NA,NA,NA,NA,20
<HIGHLIGHT 229:239><BACKSPACE2>,1.959,end NP,0,0,NA,NA,NA,NA,NA,NA,NA,NA,NA,NA,20
<MOUSECLICK>,6.344,mid PP,NA,NA,NA,NA,NA,NA,NA,NA,NA,NA,NA,NA,20
str,1.872,mid word,NA,NA,NA,NA,NA,NA,NA,NA,NA,NA,NA,NA,20
ain,1.12,end sentence,NA,NA,NA,NA,NA,NA,NA,NA,NA,NA,NA,NA,20
.,1.647,end sentence,NA,NA,NA,NA,NA,NA,NA,NA,NA,NA,NA,NA,20
People,1.008,end NP,0,0,1,NA,NA,NA,1,NA,NA,NA,NA,NA,20
started,1.056,end VP,NA,NA,NA,NA,NA,NA,NA,NA,NA,NA,NA,NA,20
using online dating as a,1.584,mid NP,NA,NA,NA,NA,NA,1,NA,NA,NA,NA,NA,NA,20
<BACKSPACE1>n alternative,3.887,end sentence,NA,NA,NA,NA,NA,NA,NA,NA,NA,NA,NA,NA,20
to,1.424,mid NP,NA,NA,NA,NA,NA,NA,NA,NA,NA,NA,NA,NA,20
socialise and potentially meet new people,1.183,end sentence,NA,NA,NA,NA,1,NA,NA,NA,NA,NA,NA,NA,20
.,6.799,end sentence,NA,NA,NA,NA,NA,NA,NA,NA,NA,NA,NA,NA,20
Buy<BACKSPACE1>t unli,1.103,mid word,NA,NA,NA,NA,NA,NA,NA,NA,NA,NA,NA,NA,20
ke th,1.247,mid word,NA,NA,NA,NA,NA,NA,NA,NA,NA,NA,NA,NA,20
e other,1.184,end NP,NA,NA,NA,NA,NA,NA,NA,NA,NA,NA,NA,NA,20
parts,5.839,end NP,NA,NA,NA,NA,NA,NA,NA,NA,NA,NA,NA,NA,20
<BACKSPACE22>one question that might normally,5.76,mid VP,0,19,1,NA,NA,NA,1,NA,NA,NA,NA,NA,20
arise,3.391,end VP,NA,NA,NA,NA,NA,NA,NA,NA,NA,NA,NA,NA,20
is whether,1.871,end NP,NA,NA,NA,NA,NA,NA,NA,NA,NA,NA,NA,NA,20
a person,9.84,end NP,NA,NA,NA,NA,NA,NA,NA,NA,NA,NA,NA,NA,20
<BACKSPACE8>while dating do people have to meet,2.223,end clause,NA,NA,NA,NA,NA,1,NA,NA,NA,NA,NA,NA,20
in person,1.183,end clause,NA,NA,NA,NA,1,NA,NA,NA,NA,NA,NA,NA,20
<LEFT7><RIGHT1><BACKSPACE1>-,1.264,mid word,NA,NA,NA,NA,NA,NA,NA,NA,NA,NA,NA,NA,20
<RIGHT6> or is there,9.472,end NP,NA,NA,NA,NA,NA,NA,NA,NA,NA,NA,NA,NA,20
a requ,6.896,mid word,NA,NA,NA,NA,NA,NA,NA,NA,NA,NA,NA,NA,20
<BACKSPACE12>it better to m,5.679,mid word,3,4,NA,1,NA,NA,NA,NA,NA,NA,1,NA,20
<BACKSPACE1>get to know each,1.04,mid NP,NA,NA,NA,NA,1,NA,NA,NA,NA,NA,NA,NA,20
other bete<BACKSPACE1>ter,3.903,end sentence,NA,NA,NA,NA,NA,NA,NA,NA,NA,NA,NA,NA,20
<LEFT4><BACKSPACE1>,2.367,mid word,NA,NA,NA,NA,NA,NA,NA,NA,NA,NA,NA,NA,20
<RIGHT3>,1.232,end sentence,NA,NA,NA,NA,NA,NA,NA,NA,NA,NA,NA,NA,20
<SPACE>,1.727,end sentence,NA,NA,NA,NA,NA,NA,NA,NA,NA,NA,NA,NA,20
<BACKSPACE6>,8.8,end sentence,NA,NA,NA,NA,NA,NA,NA,NA,NA,NA,NA,NA,20
by,4.559,mid PP,NA,NA,NA,NA,NA,NA,NA,NA,NA,NA,NA,NA,20
using morden,1.52,mid PP,NA,NA,NA,NA,1,NA,NA,NA,NA,NA,NA,NA,20
<BACKSPACE1>rn toolds<BACKSPACE2>s,4.672,end sentence,NA,NA,NA,NA,NA,NA,NA,NA,NA,NA,NA,NA,20
<BACKSPACE5>,8.704,mid NP,NA,NA,NA,NA,NA,NA,NA,NA,NA,NA,NA,NA,20
tools and tech,3.055,end sentence,NA,NA,NA,NA,NA,NA,NA,NA,NA,NA,NA,NA,20
<BACKSPACE31>,7.664,end sentence,NA,NA,NA,NA,NA,NA,NA,NA,NA,NA,NA,NA,20
<LEFT100>,1.148,end NP,NA,NA,NA,NA,NA,NA,NA,NA,NA,NA,NA,NA,20
",",1.951,end sentence,NA,NA,NA,NA,NA,NA,NA,NA,NA,NA,NA,NA,20
<BACKSPACE1>,1.359,end sentence,NA,NA,NA,NA,NA,NA,NA,NA,NA,NA,NA,NA,20
<RIGHT3>,1.152,end VP,NA,NA,NA,NA,NA,NA,NA,NA,NA,NA,NA,NA,20
",<RIGHT2>",1.28,end sentence,NA,NA,NA,NA,NA,NA,NA,NA,NA,NA,NA,NA,20
<RIGHT95>,7.647,end sentence,NA,NA,NA,NA,NA,NA,NA,NA,NA,NA,NA,NA,20
online,7.76,end NP,NA,NA,NA,NA,NA,NA,NA,NA,NA,NA,NA,NA,20
<LEFT7><RIGHT1>,3.487,mid NP,NA,NA,NA,NA,NA,NA,NA,NA,NA,NA,NA,NA,20
<RIGHT7><LEFT1>.,4.159,end sentence,NA,NA,NA,NA,NA,NA,NA,NA,NA,NA,NA,NA,20
<ENTER1>,6.495,end sentence,0,0,NA,NA,NA,NA,NA,NA,NA,NA,NA,NA,20
Both of these,1.776,end NP,NA,NA,1,NA,NA,NA,1,NA,NA,NA,NA,NA,20
have th,4.304,mid word,NA,NA,NA,NA,NA,NA,NA,NA,NA,NA,NA,NA,20
<BACKSPACE4>,2.773,mid word,NA,NA,NA,NA,NA,NA,NA,NA,NA,NA,NA,NA,20
<BACKSPACE2>,1.087,mid word,NA,NA,NA,NA,NA,NA,NA,NA,NA,NA,NA,NA,20
<BACKSPACE1>,3.407,end NP,NA,NA,NA,NA,NA,NA,NA,NA,NA,NA,NA,NA,20
standat<BACKSPACE1>,1.12,mid word,NA,NA,NA,NA,NA,NA,NA,NA,NA,NA,NA,NA,20
rds have a,2.511,mid NP,NA,NA,NA,NA,NA,NA,NA,NA,NA,NA,NA,NA,20
<BACKSPACE2>different pros and c,1.456,mid word,NA,NA,NA,NA,NA,NA,NA,NA,NA,NA,NA,NA,20
ons,4.976,end sentence,NA,NA,NA,NA,NA,NA,NA,NA,NA,NA,NA,NA,20
.,11.375,end sentence,NA,NA,NA,NA,NA,NA,NA,NA,NA,NA,NA,NA,20
It may,1.312,mid VP,NA,NA,NA,NA,NA,NA,NA,NA,NA,NA,NA,NA,20
also depend on various life style expere<BACKSPACE1>,1.151,mid word,14,0,1,NA,NA,NA,NA,NA,NA,NA,1,NA,20
iences,1.856,end sentence,NA,NA,NA,NA,NA,NA,NA,NA,NA,NA,NA,NA,20
<BACKSPACE11>choices and previous,1.456,mid NP,NA,NA,NA,NA,NA,NA,NA,NA,NA,NA,NA,NA,20
life,1.92,mid NP,NA,NA,NA,NA,NA,NA,NA,NA,NA,NA,NA,NA,20
exper,1.488,mid word,NA,NA,NA,NA,NA,NA,NA,NA,NA,NA,NA,NA,20
iences,9.328,end sentence,NA,NA,NA,NA,NA,NA,NA,NA,NA,NA,NA,NA,20
of the people involved.,8.095,end sentence,NA,NA,NA,NA,NA,1,NA,NA,NA,NA,NA,NA,20
<ENTER2>Meeting some,1.44,mid NP,NA,NA,1,NA,NA,NA,1,NA,NA,NA,NA,NA,20
one new for the first time can be an,12.912,mid NP,NA,NA,1,NA,NA,NA,NA,NA,NA,NA,NA,NA,20
uphill task for some peope<BACKSPACE1>le,7.072,end sentence,NA,NA,NA,NA,1,NA,NA,NA,NA,NA,NA,NA,20
.,1.999,end sentence,NA,NA,NA,NA,NA,NA,NA,NA,NA,NA,NA,NA,20
It requires,7.375,end VP,NA,NA,NA,NA,NA,NA,NA,NA,NA,NA,NA,NA,20
<BACKSPACE12> while otheres<BACKSPACE2>s find it easy to,2.527,mid mid VP,22,3,NA,1,NA,1,1,NA,NA,NA,NA,NA,20
socialise and,2.192,end NP,NA,NA,NA,NA,NA,NA,NA,NA,NA,NA,NA,NA,20
fli,1.535,mid word,NA,NA,NA,NA,NA,NA,NA,NA,NA,NA,NA,NA,20
rt,1.648,end VP,NA,NA,NA,NA,NA,NA,NA,NA,NA,NA,NA,NA,20
<LEFT94>,1.681,mid word,NA,NA,NA,NA,NA,NA,NA,NA,NA,NA,NA,NA,20
<LEFT25><RIGHT1><BACKSPACE7>Dating<RIGHT15><LEFT2><BACKSPACE4>,2.064,end NP,NA,NA,1,NA,NA,NA,NA,NA,1,NA,NA,NA,20
new<DOWN1><UP1> <DOWN1><RIGHT4>.,16.671,end VP,NA,NA,1,NA,NA,NA,NA,NA,1,NA,NA,NA,20
For the people who,1.087,mid PP,14,4,NA,1,NA,NA,NA,NA,NA,1,NA,NA,20
find it challenging,4.384,end PP,NA,NA,NA,NA,NA,NA,NA,NA,NA,NA,NA,NA,20
the prospect of,1.263,mid NP,NA,NA,NA,NA,NA,NA,NA,NA,NA,NA,NA,NA,20
meetin,1.343,mid word,NA,NA,NA,NA,NA,NA,NA,NA,NA,NA,NA,NA,20
<BACKSPACE6>,2.008,mid NP,NA,NA,NA,NA,NA,NA,NA,NA,NA,NA,NA,NA,20
having a,1.024,mid NP,NA,NA,NA,NA,NA,NA,NA,NA,NA,NA,NA,NA,20
few dates online,3.264,end NP,NA,NA,NA,NA,NA,NA,NA,NA,NA,NA,NA,NA,20
"<LEFT43>,<RIGHT44>",2.161,end NP,NA,NA,NA,NA,NA,NA,NA,NA,NA,NA,NA,NA,20
might <BACKSPACE8> might be,7.888,end VP,NA,NA,NA,NA,NA,NA,NA,NA,NA,NA,NA,NA,20
more,1.023,mid NP,NA,NA,NA,NA,NA,NA,NA,NA,NA,NA,NA,NA,20
palat,3.68,mid word,NA,NA,NA,NA,NA,NA,NA,NA,NA,NA,NA,NA,20
able,1.568,end NP,NA,NA,NA,NA,NA,NA,NA,NA,NA,NA,NA,NA,20
rather,1.456,mid NP,NA,NA,NA,NA,NA,NA,NA,NA,NA,NA,NA,NA,20
than,2.448,mid NP,NA,NA,NA,NA,NA,NA,NA,NA,NA,NA,NA,NA,20
bearing witht <BACKSPACE3>h the anxiety and stress of having to meet in <BACKSPACE1>-person,1.183,end sentence,NA,NA,NA,NA,2,NA,NA,NA,NA,NA,NA,NA,20
.,11.791,end sentence,NA,NA,NA,NA,NA,NA,NA,NA,NA,NA,NA,NA,20
I find,3.408,end VP,NA,NA,NA,NA,NA,NA,NA,NA,NA,NA,NA,NA,20
this,1.855,end NP,NA,NA,NA,NA,NA,NA,NA,NA,NA,NA,NA,NA,20
to be more acc,3.76,mid word,10,0,1,NA,NA,NA,NA,NA,NA,NA,1,NA,20
<BACKSPACE8>the best,2.831,end sentence,0,0,NA,NA,NA,NA,NA,NA,NA,NA,NA,NA,20
way to start dating as it,2.912,end NP,0,21,NA,NA,NA,1,NA,NA,NA,NA,NA,NA,20
lea,2.255,mid word,NA,NA,NA,NA,NA,NA,NA,NA,NA,NA,NA,NA,20
<BACKSPACE3>,1.263,end NP,NA,NA,NA,NA,NA,NA,NA,NA,NA,NA,NA,NA,20
<BACKSPACE3>both part,1.503,mid word,NA,NA,NA,NA,NA,NA,NA,NA,NA,NA,NA,NA,20
ys <BACKSPACE3>,2.112,mid word,NA,NA,NA,NA,NA,NA,NA,NA,NA,NA,NA,NA,20
yies<BACKSPACE4>ies i,1.055,mid word,NA,NA,NA,NA,NA,NA,NA,NA,NA,NA,NA,NA,20
nvolved,3.423,end NP,NA,NA,NA,NA,NA,NA,NA,NA,NA,NA,NA,NA,20
do not,1.136,mid VP,NA,NA,NA,NA,NA,NA,NA,NA,NA,NA,NA,NA,20
take it too seru<BACKSPACE1>io<BACKSPACE12>the relationship too seriously,12.655,end sentence,NA,NA,NA,NA,NA,NA,NA,NA,NA,NA,NA,NA,20
which might happen if you happen to meet in,1.888,mid PP,NA,NA,NA,NA,1,1,NA,NA,NA,NA,NA,NA,20
person,1.151,end sentence,NA,NA,NA,NA,NA,NA,NA,NA,NA,NA,NA,NA,20
.,2.175,end sentence,NA,NA,NA,NA,NA,NA,NA,NA,NA,NA,NA,NA,20
There is also the,1.824,mid NP,NA,NA,NA,NA,NA,NA,NA,NA,NA,NA,NA,NA,20
pro<BACKSPACE2>oint of sa,1.104,mid word,NA,NA,NA,1,NA,NA,NA,NA,NA,NA,NA,NA,20
fe,1.2,mid word,NA,NA,NA,NA,NA,NA,NA,NA,NA,NA,NA,NA,20
ty,2.032,end NP,NA,NA,NA,NA,NA,NA,NA,NA,NA,NA,NA,NA,20
", as",1.328,end NP,NA,NA,NA,NA,NA,NA,NA,NA,NA,NA,NA,NA,20
both,1.584,end NP,NA,NA,NA,NA,NA,NA,NA,NA,NA,NA,NA,NA,20
people need,3.135,end VP,NA,NA,NA,NA,NA,NA,NA,NA,NA,NA,NA,NA,20
<BACKSPACE4>mig<BACKSPACE17>s,1.375,mid word,NA,NA,NA,NA,NA,NA,NA,NA,NA,NA,NA,NA,20
<SPACE>,1.663,end NP,NA,NA,NA,NA,NA,NA,NA,NA,NA,NA,NA,NA,20
botht<BACKSPACE1> these people,1.103,end NP,6,0,1,NA,NA,NA,1,NA,NA,NA,NA,NA,20
hav,1.68,mid word,NA,NA,NA,NA,NA,NA,NA,NA,NA,NA,NA,NA,20
e not met each other,3.088,end sentence,NA,NA,NA,NA,NA,NA,NA,NA,NA,NA,NA,NA,20
before and might,5.28,mid VP,NA,NA,NA,NA,NA,NA,NA,NA,NA,NA,NA,NA,20
not have,2.176,end VP,NA,NA,NA,NA,NA,NA,NA,NA,NA,NA,NA,NA,20
<BACKSPACE5>de,2.479,mid word,NA,NA,NA,NA,NA,NA,NA,NA,NA,NA,NA,NA,20
<BACKSPACE48> are pa<BACKSPACE1>ractia<BACKSPACE1>cally,1.328,end NP,NA,NA,NA,NA,1,NA,NA,NA,NA,NA,NA,NA,20
s,1.135,mid word,NA,NA,NA,NA,NA,NA,NA,NA,NA,NA,NA,NA,20
trangers before this point.,4.624,end sentence,NA,NA,NA,NA,NA,NA,NA,NA,NA,NA,NA,NA,20
O,1.039,mid word,0,0,1,NA,NA,NA,1,NA,NA,NA,NA,NA,20
ne can never be,1.648,end VP,0,12,NA,NA,NA,NA,NA,NA,NA,NA,NA,NA,20
too safe. Another thing is,2.496,end VP,9,3,NA,1,1,NA,NA,NA,NA,NA,NA,NA,20
you get to know,2.447,end VP,NA,NA,NA,NA,NA,NA,NA,NA,NA,NA,NA,NA,20
the other person,3.04,end sentence,NA,NA,NA,NA,1,NA,NA,NA,NA,NA,NA,NA,20
while putting in not too much effort into it,5.936,end sentence,NA,NA,NA,NA,NA,1,NA,NA,NA,NA,NA,NA,20
o<BACKSPACE1>for the first few dates. Once you realise that i<BACKSPACE1>this person m,1.056,mid word,30,28,NA,1,NA,2,NA,NA,NA,NA,NA,NA,20
ight be a potential partner then it is wor,1.664,mid word,NA,NA,NA,NA,NA,1,NA,NA,NA,NA,NA,NA,20
<BACKSPACE12>at is worth spending time and resoue<BACKSPACE1>rces for,9.12,mid PP,38,0,NA,1,NA,NA,NA,NA,NA,NA,NA,NA,20
you could,1.119,mid VP,NA,NA,NA,NA,1,NA,NA,NA,NA,NA,NA,NA,20
meet in-person,4.016,end sentence,NA,NA,NA,NA,1,NA,NA,NA,NA,NA,NA,NA,20
.,8.815,end sentence,NA,NA,NA,NA,NA,NA,NA,NA,NA,NA,NA,NA,20
For,9.823,mid PP,NA,NA,NA,NA,NA,NA,NA,NA,NA,NA,NA,NA,20
<BACKSPACE4>I also believe the<BACKSPACE1>at this strategy,2.32,end NP,20,0,2,NA,1,NA,1,1,NA,NA,NA,NA,20
ensures that,2.016,end VP,NA,NA,NA,NA,NA,NA,NA,NA,NA,NA,NA,NA,20
no one enda<BACKSPACE1>s,1.023,end VP,NA,NA,NA,NA,1,NA,NA,NA,NA,NA,NA,NA,20
up emotionally hurt,3.904,end sentence,NA,NA,NA,NA,1,NA,NA,NA,NA,NA,NA,NA,20
"<BACKSPACE1>, if there is",2.399,end VP,NA,NA,NA,NA,NA,NA,NA,NA,NA,NA,NA,NA,20
<BACKSPACE6> <BACKSPACE1>e relationship dosen,1.232,mid word,0,6,1,NA,NA,NA,NA,NA,NA,NA,1,NA,20
't,2.799,mid VP,NA,NA,NA,NA,NA,NA,NA,NA,NA,NA,NA,NA,20
g,1.535,mid word,NA,NA,NA,NA,NA,NA,NA,NA,NA,NA,NA,NA,20
o as expected.,1.055,end sentence,NA,NA,NA,NA,NA,NA,NA,NA,NA,NA,NA,NA,20
Also the fact that some women might feel comfortable,5.6,end NP,4,38,NA,1,NA,NA,1,NA,NA,NA,NA,NA,20
to meet online and,2.159,end NP,NA,NA,NA,NA,NA,NA,NA,NA,NA,NA,NA,NA,20
get ti <BACKSPACE2>o know each o,1.968,mid word,NA,NA,NA,NA,NA,NA,NA,NA,NA,NA,NA,NA,20
<BACKSPACE22>first,1.216,end sentence,NA,NA,NA,NA,NA,NA,NA,NA,NA,NA,NA,NA,20
.,10.607,end sentence,NA,NA,NA,NA,NA,NA,NA,NA,NA,NA,NA,NA,20
<ENTER2>,1.199,end sentence,NA,NA,NA,NA,NA,NA,NA,NA,NA,NA,NA,NA,20
<BACKSPACE1>,1.519,end sentence,NA,NA,NA,NA,NA,NA,NA,NA,NA,NA,NA,NA,20
On the other hand meeting,2.191,end NP,0,0,2,NA,NA,NA,1,NA,NA,NA,NA,1,20
in-person fot th<BACKSPACE4>r the first,1.104,mid PP,NA,NA,NA,NA,NA,NA,NA,NA,NA,NA,NA,NA,20
date might,4.608,mid VP,NA,NA,NA,NA,NA,NA,NA,NA,NA,NA,NA,NA,20
be better as,5.807,mid PP,NA,NA,NA,NA,NA,NA,NA,NA,NA,NA,NA,NA,20
<BACKSPACE18>as<BACKSPACE1>lso requires you to spend resources to plan and organise it,2.271,end sentence,NA,NA,NA,NA,1,1,NA,NA,NA,NA,NA,NA,20
. It might also be,2.976,end VP,NA,NA,NA,NA,NA,NA,NA,NA,NA,NA,NA,NA,20
the fact that one,1.183,end NP ,0,8,1,NA,1,1,NA,NA,NA,NA,1,NA,20
person is much more invested in that relationship that<BACKSPACE1>n the other.,2.224,end sentence,NA,NA,NA,NA,NA,NA,NA,NA,NA,NA,NA,NA,20
I,9.152,mid word,NA,NA,NA,NA,NA,NA,NA,NA,NA,NA,NA,NA,20
t,4.863,end NP,NA,NA,NA,NA,NA,NA,NA,NA,NA,NA,NA,NA,20
<BACKSPACE3>,1.008,end sentence,NA,NA,NA,NA,NA,NA,NA,NA,NA,NA,NA,NA,20
HO<BACKSPACE2>,1.743,end sentence,NA,NA,NA,NA,NA,NA,NA,NA,NA,NA,NA,NA,20
There is also the ps<BACKSPACE1>ossibility yha<BACKSPACE3>that something wrong might ha,1.295,mid word,13,32,NA,1,NA,NA,NA,NA,NA,NA,1,NA,20
ppen during the first date which dosen't refel<BACKSPACE2>lect who you are as a person,1.6,end sentence,NA,NA,NA,NA,1,1,NA,NA,NA,NA,NA,NA,20
.,3.471,end sentence,NA,NA,NA,NA,NA,NA,NA,NA,NA,NA,NA,NA,20
This scenario could be avoided buy<BACKSPACE2>y meeting <BACKSPACE9>d<BACKSPACE1> dating onli,1.504,mid word,0,43,1,NA,NA,NA,1,NA,NA,NA,NA,NA,20
ne fo<BACKSPACE1>irst before,1.072,end NP,NA,NA,NA,NA,1,1,NA,NA,NA,NA,NA,NA,20
meeting,1.072,end NP,NA,NA,NA,NA,NA,NA,NA,NA,NA,NA,NA,NA,20
in real life.,6.239,end sentence,NA,NA,NA,NA,1,NA,NA,NA,NA,NA,NA,NA,20
<ENTER1>,1.055,end sentence,NA,NA,NA,NA,NA,NA,NA,NA,NA,NA,NA,NA,20
There are however a few,1.472,end sentence,17,0,1,NA,1,NA,NA,NA,NA,NA,1,NA,20
<BACKSPACE5>dvantages to meet,9.52,end sentence,0,7,NA,NA,NA,NA,NA,NA,NA,NA,NA,NA,20
the,1.423,mid NP,NA,NA,NA,NA,NA,NA,NA,NA,NA,NA,NA,NA,20
<BACKSPACE4>first in person,3.728,end sentence,NA,NA,NA,NA,1,NA,NA,NA,NA,NA,NA,NA,20
.,2.543,end sentence,NA,NA,NA,NA,NA,NA,NA,NA,NA,NA,NA,NA,20
Some people might not be,1.68,end VP,0,12,1,NA,NA,NA,1,NA,NA,NA,NA,NA,20
well,2.128,end sentence,NA,NA,NA,NA,NA,NA,NA,NA,NA,NA,NA,NA,20
<BACKSPACE5>t,1.888,mid word,NA,NA,NA,NA,NA,NA,NA,NA,NA,NA,NA,NA,20
hat good at expressing themselves via text o,1.023,mid word,NA,NA,NA,NA,1,1,NA,NA,NA,NA,NA,NA,20
r,4.704,end NP,NA,NA,NA,NA,NA,NA,NA,NA,NA,NA,NA,NA,20
through a screen. Some <BACKSPACE5>There is also a sense of,2.559,mid NP,36,0,1,NA,NA,NA,NA,NA,NA,NA,1,NA,20
accm<BACKSPACE1>ompls<BACKSPACE1>ishem<BACKSPACE2>ment,1.04,end sentence,0,0,NA,NA,NA,NA,NA,NA,NA,NA,NA,NA,20
or,1.008,end NP,NA,NA,NA,NA,NA,NA,NA,NA,NA,NA,NA,NA,20
regret,1.616,end sentence,NA,NA,NA,NA,NA,NA,NA,NA,NA,NA,NA,NA,20
immediately fo<BACKSPACE2>after the date instead of,4.288,mid NP,NA,NA,NA,NA,NA,NA,NA,NA,NA,NA,NA,NA,20
just dragging it,1.152,mid NP,NA,NA,NA,NA,1,NA,NA,NA,NA,NA,NA,NA,20
along,6.672,end sentence,NA,NA,NA,NA,NA,NA,NA,NA,NA,NA,NA,NA,20
ove,1.375,mid word,NA,NA,NA,NA,NA,NA,NA,NA,NA,NA,NA,NA,20
<BACKSPACE3>,8.256,end sentence,NA,NA,NA,NA,NA,NA,NA,NA,NA,NA,NA,NA,20
as,1.28,end NP,NA,NA,NA,NA,NA,NA,NA,NA,NA,NA,NA,NA,20
if you continue meeting <BACKSPACE8>dating onlien<BACKSPACE2>ne.,1.087,end sentence,3,33,NA,1,1,NA,1,NA,NA,NA,NA,NA,20
There is also the possibilty of you becoming good friends,1.007,end sentence,13,28,NA,1,NA,NA,NA,NA,NA,NA,1,NA,20
even though it dosen't end up in a relationship.,4.687,mid NP,NA,NA,NA,NA,1,1,NA,NA,NA,NA,NA,NA,20
<ENTER1>In conclusion while there might be pros and cond,1.088,mid word,0,0,2,NA,NA,NA,NA,NA,NA,NA,1,1,20
<BACKSPACE1>s in both the approaches,1.52,end clause,NA,NA,NA,NA,1,NA,NA,NA,NA,NA,NA,NA,20
"<BACKSPACE1>, I believe that it is",1.52,end VP,NA,NA,NA,NA,NA,NA,NA,NA,NA,NA,NA,NA,20
in people <BACKSPACE1>,1.248,end PP,0,0,1,NA,NA,NA,NA,NA,NA,1,NA,NA,20
s best interest to date online and get to t<BACKSPACE1>,1.504,end VP,0,27,NA,NA,NA,NA,NA,NA,NA,NA,NA,NA,20
knwo<BACKSPACE2>ow the person before deci,1.04,mid word,NA,NA,NA,NA,NA,1,NA,NA,NA,NA,NA,NA,20
ding to meet,3.68,end sentence,NA,NA,NA,NA,NA,NA,NA,NA,NA,NA,NA,NA,20
in-person as this removes much of the problems that,1.791,end NP,NA,NA,NA,NA,1,1,NA,NA,NA,NA,NA,NA,20
<SPACE>,1.216,end NP,NA,NA,NA,NA,NA,NA,NA,NA,NA,NA,NA,NA,20
i,1.055,mid word,NA,NA,NA,NA,NA,NA,NA,NA,NA,NA,NA,NA,20
<BACKSPACE1>,1.567,mid word,NA,NA,NA,NA,NA,NA,NA,NA,NA,NA,NA,NA,20
<BACKSPACE6> involved,2.672,end sentence,NA,NA,NA,NA,NA,NA,NA,NA,NA,NA,NA,NA,20
in,1.967,mid PP,NA,NA,NA,NA,NA,NA,NA,NA,NA,NA,NA,NA,20
online dating while it may diminish the excitement and,1.503,end NP,NA,NA,NA,NA,1,1,NA,NA,NA,NA,NA,NA,20
feelings involved while datig<BACKSPACE1>ng in person.,3.504,end sentence,NA,NA,NA,NA,1,NA,NA,NA,NA,NA,NA,NA,20
"Nevertheless <BACKSPACE1>, Online d<BACKSPACE9> online dating is here",1.295,end sentence,14,7,NA,1,1,NA,1,NA,NA,NA,NA,1,20
to stay and it,1.152,end NP,NA,NA,NA,NA,NA,NA,NA,NA,NA,NA,NA,NA,20
all depends on,1.519,end NP,2,0,1,NA,NA,NA,NA,NA,NA,NA,1,NA,20
the,1.215,mid NP,NA,NA,NA,NA,NA,NA,NA,NA,NA,NA,NA,NA,20
two,1.391,mid NP,NA,NA,NA,NA,1,NA,NA,NA,NA,NA,NA,NA,20
<BACKSPACE4>people involved and how they want to proceed witht t<BACKSPACE3> their relationship,2.208,end sentence,NA,NA,NA,NA,1,1,NA,NA,NA,NA,NA,NA,20
.,2.208,end sentence,NA,NA,NA,NA,NA,NA,NA,NA,NA,NA,NA,NA,20
